PARTNO,PARTNAME,SPEC,CMT,HOGI_CNT,ITEM_CNT
18110414G1700,SUBWEIGHT,"SS400,30kg",,965,965
C18110825G2700,SUBWEIGHT,"CONCRETE(5.2),30kg,G/S",- SPRAY COLOR : BLACK,782,782
C18110824G270A,SUBWEIGHT,"CONCRETE(3.2),30kg,G/S",- SPRAY COLOR : BLACK,482,482
18110825G4100,SUBWEIGHT,"CONCRETE(5.2),40kg,G/S",- SPRAY COLOR : BLACK,416,416
18110412G2100,SUBWEIGHT,"CONCRETE,30kg",,366,366
18110824G410A,SUBWEIGHT,"CONCRETE(3.2),30kg",- SPRAY COLOR : BLACK,360,360
18110413G0900,SUBWEIGHT,"FC,30kg",,316,316
C18110824G2700,SUBWEIGHT,"CONCRETE(3.2),30kg,G/S",- SPRAY COLOR : BLACK,294,294
18110411G1200,SUBWEIGHT,"CONCRETE,30kg",,287,287
18110414G9100,SUBWEIGHT,"SS400,30kg","- MATERIAL : SS400, WEIGHT : 30kg/EA
- [BG-90]=920 (35/BG-160/35 -> 50/820/50 로 변경), SW=180, SC=SE=80",285,285
18110346G0400,SUBWEIGHT,"SS400,30kg",,261,261
18110824G4100,SUBWEIGHT,"CONCRETE(3.2),30kg,G/S",- SPRAY COLOR : BLACK,250,250
C18110825G2600,SUBWEIGHT,"CONCRETE(5.2),30kg,G/S",- SPRAY COLOR : BLACK,249,249
18110414G9100,SUBWEIGHT,"SS400,30kg","- MATERIAL : SS400, WEIGHT : 30kg/EA
- [BG-90]=725 (35/BG-160/35 -> 50/625/50 로 변경), SW=170, SC=SE=70",211,211
18110825G2700,SUBWEIGHT,"CONCRETE(5.2),30kg,G/S",- SPRAY COLOR : BLACK,193,193
18110414G2100,SUBWEIGHT,"SS400,30kg",,169,169
18110414G9100,SUBWEIGHT,"SS400,30kg","- MATERIAL : SS400, WEIGHT : 30kg/EA
- [BG-90]=900 (35/BG-160/35 -> 40/820/40 로 변경), SW=180, SC=SE=80",168,168
18110825G3600,SUBWEIGHT,"CONCRETE(5.2),30kg,G/S",- SPRAY COLOR : BLACK,161,161
18110414G1800,SUBWEIGHT,"SS400,30kg",,161,161
18110413G0800,SUBWEIGHT,"FC,30kg",,159,159
18110412G0500,SUBWEIGHT,"CONCRETE,30kg",,152,152
C18110824G260A,SUBWEIGHT,"CONCRETE(3.2),30kg,G/S",- SPRAY COLOR : BLACK,148,148
18110414G9100,SUBWEIGHT,"SS400,30kg","- MATERIAL : SS400, WEIGHT : 30kg/EA
- [BG-90]=705 (35/BG-160/35 -> 40/625/40 로 변경), SW=170, SC=SE=70",140,140
18110825G3100,SUBWEIGHT,"CONCRETE(5.2),30kg,G/S",- SPRAY COLOR : BLACK,130,130
18110824G360A,SUBWEIGHT,"CONCRETE(3.2),30kg",- SPRAY COLOR : BLACK,124,124
18110413G0500,SUBWEIGHT,"FC,30kg",,123,123
C18110825G2500,SUBWEIGHT,"CONCRETE(5.2),30kg,G/S",- SPRAY COLOR : BLACK,121,121
18110824G270A,SUBWEIGHT,"CONCRETE(3.2),30kg",- SPRAY COLOR : BLACK,107,107
18110298G0400,SUBWEIGHT,"SS400,20kg/EA",,105,105
C18110824G2600,SUBWEIGHT,"CONCRETE(3.2),30kg,G/S",- SPRAY COLOR : BLACK,101,101
18110824G440A,SUBWEIGHT,"CONCRETE(3.2),30kg",- SPRAY COLOR : BLACK,97,97
18110414G2100,SUBWEIGHT,"SS400,30kg","
- 1차 입고수량 : 89 EA / 2차 입고수량 : 4 EA",92,92
18110411G0600,SUBWEIGHT,"CONCRETE,30kg",,89,89
18110414G9100,SUBWEIGHT,"SS400,30kg","- MATERIAL : SS400, WEIGHT : 30kg/EA
- [BG-90]=830 (35/BG-160/35 -> 50/730/50 로 변경), SW=250, SC=SE=170",89,89
18110414G9100,SUBWEIGHT,"SS400,30kg","- MATERIAL : SS400, WEIGHT : 30kg/EA
- [BG-90]=920 (35/BG-160/35 -> 50/820/50 로 변경), SW=125, SC=SE=70",89,89
18110414G0500,SUBWEIGHT,"SS400,30kg",,87,87
18110412G1100,SUBWEIGHT,"CONCRETE,30kg",,86,86
18110414G1100,SUBWEIGHT,"SS400,30kg",,82,82
18110824G2700,SUBWEIGHT,"CONCRETE(3.2),30kg,G/S",- SPRAY COLOR : BLACK,81,81
18110412G1700,SUBWEIGHT,"CONCRETE,30kg",,80,80
18110414G9100,SUBWEIGHT,"SS400,30kg","- MATERIAL : SS400, WEIGHT : 30kg/EA
- [BG-90]=920 (35/BG-160/35 -> 65/790/65 로 변경), SW=170, SC=SE=100",78,78
18110414G9100,SUBWEIGHT,"SS400,30kg","- MATERIAL : SS400, WEIGHT : 30kg/EA
- [BG-90]=805 (35/BG-160/35 -> 40/725/40 로 변경), SW=250, SC=SE=170",77,77
18110414G0900,SUBWEIGHT,"SS400,30kg",,76,76
18110825G4300,SUBWEIGHT,"CONCRETE(5.2),40kg,G/S",- SPRAY COLOR : BLACK,75,75
18110414G9100,SUBWEIGHT,"SS400,30kg","- MATERIAL : SS400, WEIGHT : 30kg/EA
- [BG-90]=905 (35/BG-160/35 -> 55/795/55 로 변경), SW=170, SC=SE=100",75,75
18110412G0900,SUBWEIGHT,"CONCRETE,30kg",,73,73
18110412G0800,SUBWEIGHT,"CONCRETE,30kg",,72,72
VC003831G9300,SUBWEIGHT,"SS400,20kg","- MATERIAL : SS400, WEIGHT : 20kg/EA
- A=900, A-70=820, C=E=80, B=180",72,72
C18110824G250A,SUBWEIGHT,"CONCRETE(3.2),30kg,G/S",- SPRAY COLOR : BLACK,72,72
C18110825G0900,SUBWEIGHT,"CONCRETE(5.2),30kg,G/S",- SPRAY COLOR : BLACK,71,71
18110414G9100,SUBWEIGHT,"SS400,30kg","- MATERIAL : SS400, WEIGHT : 30kg/EA
- [BG-90]=920 (35/BG-160/35 -> 50/820/50 로 변경), SW=170, SC=SE=70",65,65
C18110825G2400,SUBWEIGHT,"CONCRETE(5.2),30kg,G/S",- SPRAY COLOR : BLACK,63,63
18110414G9100,SUBWEIGHT,"SS400,30kg","- MATERIAL : SS400, WEIGHT : 30kg/EA
- [BG-90]=900 (35/BG-160/35 -> 40/820/40 로 변경), SW=125, SC=SE=65",63,63
18110414G9100,SUBWEIGHT,"SS400,30kg","- MATERIAL : SS400, WEIGHT : 30kg/EA
- [BG-90]=1130 (35/BG-160/35 -> 50/1030/50 로 변경), SW=220, SC=SE=170",62,62
18110340G0400,SUBWEIGHT,"FC15, SHIP",,61,61
18110412G1400,SUBWEIGHT,"CONCRETE,30kg",,61,61
18110414G9100,SUBWEIGHT,"SS400,30kg","- MATERIAL : SS400, WEIGHT : 30kg/EA
- [BG-90]=920 (35/BG-160/35 -> 50/820/50 로 변경), SW=185, SC=SE=80",60,60
18110414G9100,SUBWEIGHT,"SS400,30kg","- MATERIAL : SS400, WEIGHT : 30kg/EA
- [BG-90]=820 (35/BG-160/35 -> 45/730/45 로 변경), SW=250, SC=SE=165",60,60
18110287G0300,SUBWEIGHT,"CONCRETE,3.6E-6kg/mm^3,25KG/EA",,59,59
18110412G0400,SUBWEIGHT,"CONCRETE,30kg",,59,59
18110414G9100,SUBWEIGHT,"SS400,30kg","- MATERIAL : SS400, WEIGHT : 30kg/EA
- [BG-90]=830 (35/BG-160/35 -> 50/730/50 로 변경), SW=250, SC=SE=175",57,57
18110414G9100,SUBWEIGHT,"SS400,30kg","- MATERIAL : SS400, WEIGHT : 30kg/EA
- [BG-90]=915 (35/BG-160/35 -> 50/815/50 로 변경), SW=180, SC=SE=80",56,56
C18110825G2700,SUBWEIGHT,"CONCRETE(5.2),30kg,SUBSYSTEM",- SPRAY COLOR : BLACK,54,54
18110414G9100,SUBWEIGHT,"SS400,30kg","- MATERIAL : SS400, WEIGHT : 30kg/EA
- [BG-90]=920 (35/BG-160/35 -> 50/820/50 로 변경), SW=180, SC=SE=85",54,54
C18110824G2700,SUBWEIGHT,"CONCRETE(3.2),30kg,SUBSYSTEM",- SPRAY COLOR : BLACK,54,54
C18110825G4700,SUBWEIGHT,"CONCRETE(5.2),40kg,G/S",- SPRAY COLOR : BLACK,53,53
18110414G9100,SUBWEIGHT,"SS400,30kg","- MATERIAL : SS400, WEIGHT : 30kg/EA
- [BG-90]=890 (35/BG-160/35 -> 35/820/35 로 변경), SW=125, SC=SE=65",51,51
18110412G2100,SUBWEIGHT,"CONCRETE,30kg","
- 1차 입고수량 : 64 EA / 2차 입고수량 : 3 EA",50,50
18110412G2100,SUBWEIGHT,"CONCRETE,30kg","
- 1차 입고수량 : 49 EA / 2차 입고수량 : 10 EA",50,50
18110825G3000,SUBWEIGHT,"CONCRETE(5.2),30kg,G/S",- SPRAY COLOR : BLACK,49,49
C18110824G2500,SUBWEIGHT,"CONCRETE(3.2),30kg,G/S",- SPRAY COLOR : BLACK,49,49
18110824G330A,SUBWEIGHT,"CONCRETE(3.2),30kg",- SPRAY COLOR : BLACK,48,48
18110414G1400,SUBWEIGHT,"SS400,30kg",,47,47
18110414G9100,SUBWEIGHT,"SS400,30kg","- MATERIAL : SS400, WEIGHT : 30kg/EA
- [BG-90]=920 (35/BG-160/35 -> 50/820/50 로 변경), SW=130, SC=SE=70",46,46
18110414G9100,SUBWEIGHT,"SS400,30kg","- MATERIAL : SS400, WEIGHT : 30kg/EA
- [BG-90]=700 (35/BG-160/35 -> 40/620/40 로 변경), SW=170, SC=SE=70",46,46
18110414G0400,SUBWEIGHT,"SS400,30kg",,45,45
18110824G4300,SUBWEIGHT,"CONCRETE(3.2),30kg,G/S",- SPRAY COLOR : BLACK,45,45
C181P004283,SUBWEIGHT,28kg,- SPRAY COLOR : BLACK,45,45
C181P004235,SUBWEIGHT,25.5kg,- SPRAY COLOR : BLACK,45,45
18110414G9100,SUBWEIGHT,"SS400,30kg","- MATERIAL : SS400, WEIGHT : 30kg/EA
- [BG-90]=830 (35/BG-160/35 -> 50/730/50 로 변경), SW=170, SC=SE=120",44,44
18110414G9100,SUBWEIGHT,"SS400,30kg","- MATERIAL : SS400, WEIGHT : 30kg/EA
- [BG-90]=905 (35/BG-160/35 -> 40/825/40 로 변경), SW=125, SC=SE=70",44,44
18110825G4100,SUBWEIGHT,"CONCRETE(5.2),40kg,G/S",,41,41
18110411G1300,SUBWEIGHT,"CONCRETE,30kg",,41,41
18110824G3600,SUBWEIGHT,"CONCRETE(3.2),30kg,G/S",- SPRAY COLOR : BLACK,41,41
18110414G9100,SUBWEIGHT,"SS400,30kg","- MATERIAL : SS400, WEIGHT : 30kg/EA
- [BG-90]=720 (35/BG-160/35 -> 50/620/50 로 변경), SW=170, SC=SE=70",39,39
C18110824G240A,SUBWEIGHT,"CONCRETE(3.2),30kg,G/S",- SPRAY COLOR : BLACK,38,38
18110414G9100,SUBWEIGHT,"SS400,30kg","- MATERIAL : SS400, WEIGHT : 30kg/EA
- [BG-90]=1125 (35/BG-160/35 -> 50/1025/50 로 변경), SW=220, SC=SE=175",38,38
18110414G9100,SUBWEIGHT,"SS400,30kg","- MATERIAL : SS400, WEIGHT : 30kg/EA
- [BG-90]=700 (35/BG-160/35 -> 40/620/40 로 변경), SW=170, SC=SE=65",37,37
18110414G9100,SUBWEIGHT,"SS400,30kg","- MATERIAL : SS400, WEIGHT : 30kg/EA
- [BG-90]=900 (35/BG-160/35 -> 40/820/40 로 변경), SW=180, SC=SE=100",37,37
C18110824G090A,SUBWEIGHT,"CONCRETE(3.2),30kg,G/S",- SPRAY COLOR : BLACK,37,37
18110825G4400,SUBWEIGHT,"CONCRETE(5.2),30kg,G/S",- SPRAY COLOR : BLACK,36,36
18110411G0200,SUBWEIGHT,"CONCRETE,30kg",,35,35
18110414G9100,SUBWEIGHT,"SS400,30kg","- MATERIAL : SS400, WEIGHT : 30kg/EA
- [BG-90]=900 (35/BG-160/35 -> 40/820/40 로 변경), SW=170, SC=SE=70",35,35
18110414G9100,SUBWEIGHT,"SS400,30kg","- MATERIAL : SS400, WEIGHT : 30kg/EA
- [BG-90]=915 (35/BG-160/35 -> 45/825/45 로 변경), SW=125, SC=SE=70",34,34
C18110824G0900,SUBWEIGHT,"CONCRETE(3.2),30kg,G/S",- SPRAY COLOR : BLACK,34,34
18110340G0500,SUBWEIGHT,FC15,,34,34
18110412G2100,SUBWEIGHT,"CONCRETE,30kg",- 1차 입고수량 : 55 EA / 2차 입고수량 : 4 EA,34,34
18110414G9100,SUBWEIGHT,"SS400,30kg","- MATERIAL : SS400, WEIGHT : 30kg/EA
- [BG-90]=890 (35/BG-160/35 -> 35/820/35 로 변경), SW=125, SC=SE=70",33,33
18110414G1600,SUBWEIGHT,"SS400,30kg",,33,33
18110414G9100,SUBWEIGHT,"SS400,30kg","- MATERIAL : SS400, WEIGHT : 30kg/EA
- [BG-90]=900 (35/BG-160/35 -> 40/820/40 로 변경), SW=180, SC=SE=85",33,33
18110414G9100,SUBWEIGHT,"SS400,30kg","- MATERIAL : SS400, WEIGHT : 30kg/EA
- [BG-90]=715 (35/BG-160/35 -> 40/635/40 로 변경), SW=170, SC=SE=65",32,32
18110414G9100,SUBWEIGHT,"SS400,30kg","- MATERIAL : SS400, WEIGHT : 30kg/EA
- [BG-90]=730 (35/BG-160/35 -> 50/630/50 로 변경), SW=170, SC=SE=70",32,32
18110825G2500,SUBWEIGHT,"CONCRETE(5.2),30kg,G/S",- SPRAY COLOR : BLACK,32,32
18110825G2600,SUBWEIGHT,"CONCRETE(5.2),30kg,G/S",- SPRAY COLOR : BLACK,31,31
18110824G410A,SUBWEIGHT,"CONCRETE(3.2),30kg","- SPRAY COLOR : BLACK
- 1차 입고수량 : 33 EA / 2차 입고수량 : 13 EA",31,31
18110414G9100,SUBWEIGHT,"SS400,30kg","- MATERIAL : SS400, WEIGHT : 30kg/EA
- [BG-90]=820 (35/BG-160/35 -> 45/730/45 로 변경), SW=250, SC=SE=170",31,31
18110414G0700,SUBWEIGHT,"SS400,30kg",,30,30
18110824G430A,SUBWEIGHT,"CONCRETE(3.2),30kg",- SPRAY COLOR : BLACK,30,30
C18110824G470A,SUBWEIGHT,"CONCRETE(3.2),30kg,G/S",- SPRAY COLOR : BLACK,30,30
18110412G0300,SUBWEIGHT,"CONCRETE,30kg",,30,30
18110414G9100,SUBWEIGHT,"SS400,30kg","- MATERIAL : SS400, WEIGHT : 30kg/EA
- [BG-90]=720 (35/BG-160/35 -> 40/640/40 로 변경), SW=175, SC=SE=70",29,29
18110414G9100,SUBWEIGHT,"SS400,30kg","- MATERIAL : SS400, WEIGHT : 30kg/EA
- [BG-90]=815 (35/BG-160/35 -> 45/725/45 로 변경), SW=250, SC=SE=170",29,29
18110414G9100,SUBWEIGHT,"SS400,30kg","- MATERIAL : SS400, WEIGHT : 30kg/EA
- [BG-90]=835 (35/BG-160/35 -> 55/725/55 로 변경), SW=250, SC=SE=170",28,28
18110413G0300,SUBWEIGHT,"FC,30kg",,27,27
18110825G3300,SUBWEIGHT,"CONCRETE(5.2),30kg,G/S",- SPRAY COLOR : BLACK,27,27
C18110824G2400,SUBWEIGHT,"CONCRETE(3.2),30kg,G/S",- SPRAY COLOR : BLACK,26,26
18110414G9100,SUBWEIGHT,"SS400,30kg","- MATERIAL : SS400, WEIGHT : 30kg/EA
- [BG-90]=905 (35/BG-160/35 -> 40/825/40 로 변경), SW=170, SC=SE=70",26,26
18110414G9100,SUBWEIGHT,"SS400,30kg","- MATERIAL : SS400, WEIGHT : 30kg/EA
- [BG-90]=1135 (35/BG-160/35 -> 50/1035/50 로 변경), SW=170, SC=SE=120",26,26
18110367G0300,SUBWEIGHT,"SS400,2 COMPEN SHEAVE,30kg",,26,26
18110412G2100,SUBWEIGHT,"CONCRETE,30kg","
- 1차 입고수량 : 31 EA / 2차 입고수량 : 14 EA",26,26
18110412G2100,SUBWEIGHT,"CONCRETE,30kg","
- 1차 입고수량 : 56 EA / 2차 입고수량 : 6 EA",26,26
18110412G1800,SUBWEIGHT,"CONCRETE,30kg","
- 1차 입고수량 : 39 EA / 2차 입고수량 : 5 EA",26,26
18110414G9100,SUBWEIGHT,"SS400,30kg","- MATERIAL : SS400, WEIGHT : 30kg/EA
- [BG-90]= (35/BG-160/35 -> // 로 변경), SC=SE=, SW=, G=",25,25
18110414G9100,SUBWEIGHT,"SS400,30kg","- MATERIAL : SS400, WEIGHT : 30kg/EA
- [BG-90]=725 (35/BG-160/35 -> 50/625/50 로 변경), SW=175, SC=SE=70",25,25
VC003831G9300,SUBWEIGHT,"SS400,20kg","- MATERIAL : SS400, WEIGHT : 20kg/EA
- A= 920(35/A-70/35 -> 65/790/65 로 변경), C=E=100, B=170",25,25
18110412G2100,SUBWEIGHT,"CONCRETE,30kg",- 1차 입고수량 : 51 EA / 2차 입고수량 : 11 EA,25,25
18100374G0100,SUBWEIGHT,"FC, 7.0x10^-6, 25kg",,25,25
18110414G9100,SUBWEIGHT,"SS400,30kg","- MATERIAL : SS400, WEIGHT : 30kg/EA
- [BG-90]=860 (35/BG-160/35 -> 50/760/50 로 변경), SW=170, SC=SE=110",25,25
18110825G2400,SUBWEIGHT,"CONCRETE(5.2),30kg,G/S",- SPRAY COLOR : BLACK,25,25
18110414G9100,SUBWEIGHT,"SS400,30kg","- MATERIAL : SS400, WEIGHT : 30kg/EA
- [BG-90]=730 (35/BG-160/35 -> 25/680/25 로 변경), SW=170, SC=SE=125",24,24
18110412G1800,SUBWEIGHT,"CONCRETE,30kg","
- 1차 입고수량 : 32 EA / 2차 입고수량 : 5 EA",24,24
18110412G0500,SUBWEIGHT,"CONCRETE,30kg","
- 1차 입고수량 : 27 EA / 2차 입고수량 : 6 EA",24,24
18110414G2100,SUBWEIGHT,"SS400,30kg","
- 1차 입고수량 : 90 EA / 2차 입고수량 : 11 EA",24,24
18110825G4100,SUBWEIGHT,"CONCRETE(5.2),40kg,G/S","- SPRAY COLOR : BLACK
- 1차 입고수량 : 42 EA / 2차 입고수량 : 7 EA",24,24
C18110825G2600,SUBWEIGHT,"CONCRETE(5.2),30kg,SUBSYSTEM",- SPRAY COLOR : BLACK,23,23
18110414G9100,SUBWEIGHT,"SS400,30kg","- MATERIAL : SS400, WEIGHT : 30kg/EA
- [BG-90]=905 (35/BG-160/35 -> 40/825/40 로 변경), SW=125, SC=SE=65",23,23
C18110824G2600,SUBWEIGHT,"CONCRETE(3.2),30kg,SUBSYSTEM",- SPRAY COLOR : BLACK,23,23
18110411G0900,SUBWEIGHT,"CONCRETE,30kg",,23,23
18110414G9100,SUBWEIGHT,"SS400,30kg","- MATERIAL : SS400, WEIGHT : 30kg/EA
- [BG-90]=1140 (35/BG-160/35 -> 55/1030/55 로 변경), SW=220, SC=SE=165",23,23
18110414G9100,SUBWEIGHT,"SS400,30kg","- MATERIAL : SS400, WEIGHT : 30kg/EA
- [BG-90]=905 (35/BG-160/35 -> 40/825/40 로 변경), SW=130, SC=SE=70",23,23
C18110824G4700,SUBWEIGHT,"CONCRETE(3.2),30kg,G/S",- SPRAY COLOR : BLACK,23,23
18110414G9100,SUBWEIGHT,"SS400,30kg","- MATERIAL : SS400, WEIGHT : 30kg/EA
- [BG-90]=715 (35/BG-160/35 -> 40/635/40 로 변경), SW=170, SC=SE=70",22,22
18110412G2100,SUBWEIGHT,"CONCRETE,30kg","
- 1차 입고수량 : 49 EA / 2차 입고수량 : 12 EA",21,21
18110414G9100,SUBWEIGHT,"SS400,30kg","- MATERIAL : SS400, WEIGHT : 30kg/EA
- [BG-90]=840 (35/BG-160/35 -> 55/730/55 로 변경), SW=250, SC=SE=165",21,21
18110414G0800,SUBWEIGHT,"SS400,30kg",,21,21
18110412G2100,SUBWEIGHT,"CONCRETE,30kg","
- 1차 입고수량 : 61 EA / 2차 입고수량 : 5 EA",21,21
18110413G0900,SUBWEIGHT,"FC,30kg","
- 1차 입고수량 : 66 EA / 2차 입고수량 : 10 EA",21,21
18110414G9100,SUBWEIGHT,"SS400,30kg","- MATERIAL : SS400, WEIGHT : 30kg/EA
- [BG-90]=720 (35/BG-160/35 -> 50/620/50 로 변경), SW=170, SC=SE=65",20,20
VC003831G9300,SUBWEIGHT,"SS400,20kg","WEIGHT SIZE. 18110351G01, 주조 홀 적용, 개당 30kg, 66EA",20,20
18110825G4100,SUBWEIGHT,"CONCRETE(5.2),40kg,G/S","- SPRAY COLOR : BLACK
- 1차 입고수량 : 63 EA / 2차 입고수량 : 8 EA",20,20
18110412G0200,SUBWEIGHT,"CONCRETE,30kg",,20,20
18110412G1600,SUBWEIGHT,"CONCRETE,30kg",,20,20
18110412G2100,SUBWEIGHT,"CONCRETE,30kg","
- 1차 입고수량 : 53 EA / 2차 입고수량 : 12 EA",20,20
18110414G9100,SUBWEIGHT,"SS400,30kg","- MATERIAL : SS400, WEIGHT : 30kg/EA
- [BG-90]=920 (35/BG-160/35 -> 50/820/50 로 변경), SW=170, SC=SE=65",20,20
18110414G9100,SUBWEIGHT,"SS400,30kg","- MATERIAL : SS400, WEIGHT : 30kg/EA
- [BG-90]=900 (35/BG-160/35 -> 55/790/55 로 변경), SW=170, SC=SE=100",20,20
18110414G9100,SUBWEIGHT,"SS400,30kg","- MATERIAL : SS400, WEIGHT : 30kg/EA
- [BG-90]=840 (35/BG-160/35 -> 55/730/55 로 변경), SW=175, SC=SE=120",20,20
18110414G9100,SUBWEIGHT,"SS400,30kg","- MATERIAL : SS400, WEIGHT : 30kg/EA
- [BG-90]=725 (35/BG-160/35 -> 50/625/50 로 변경), SW=170, SC=SE=65",20,20
18110412G1800,SUBWEIGHT,"CONCRETE,30kg",,20,20
C181P004218,SUBWEIGHT,28.5kg,- SPRAY COLOR : BLACK,19,19
18110825G4100,SUBWEIGHT,"CONCRETE(5.2),40kg,G/S","- SPRAY COLOR : BLACK
- 1차 입고수량 : 32 EA / 2차 입고수량 : 7 EA",19,19
18110411G0100,SUBWEIGHT,"CONCRETE,30kg",,19,19
18110414G9100,SUBWEIGHT,"SS400,30kg","- MATERIAL : SS400, WEIGHT : 30kg/EA
- [BG-90]=925 (35/BG-160/35 -> 50/825/50 로 변경), SW=170, SC=SE=70",19,19
18110414G9100,SUBWEIGHT,"SS400,30kg","- MATERIAL : SS400, WEIGHT : 30kg/EA
- [BG-90]=925 (35/BG-160/35 -> 65/795/65 로 변경), SW=170, SC=SE=100",19,19
18110414G9100,SUBWEIGHT,"SS400,30kg","- MATERIAL : SS400, WEIGHT : 30kg/EA
- [BG-90]=835 (35/BG-160/35 -> 50/735/50 로 변경), SW=250, SC=SE=175",19,19
C181P004266,SUBWEIGHT,45kg,- SPRAY COLOR : BLACK,19,19
18110825G4100,SUBWEIGHT,"CONCRETE(5.2),40kg,G/S","- SPRAY COLOR : BLACK
- 1차 입고수량 : 61 EA / 2차 입고수량 : 4 EA",19,19
18110742G0100,SUBWEIGHT,"평택미군부대, SS275",,18,18
18110414G9100,SUBWEIGHT,"SS400,30kg","- MATERIAL : SS400, WEIGHT : 30kg/EA
- [BG-90]=870 (35/BG-160/35 -> 55/760/55 로 변경), SW=170, SC=SE=115",18,18
18110414G9100,SUBWEIGHT,"SS400,30kg","- MATERIAL : SS400, WEIGHT : 30kg/EA
- [BG-90]=1095 (35/BG-160/35 -> 50/995/50 로 변경), SW=250, SC=SE=90",18,18
18110824G300A,SUBWEIGHT,"CONCRETE(3.2),30kg",- SPRAY COLOR : BLACK,18,18
VC003831G9300,SUBWEIGHT,"SS400,20kg","- MATERIAL : SS400, WEIGHT : 20kg/EA
* 18110414G18 적용하여 20kg/EA 제작할 것.
",18,18
18110414G9100,SUBWEIGHT,"SS400,30kg","- MATERIAL : SS400, WEIGHT : 30kg/EA
- [BG-90]=820 (35/BG-160/35 -> 50/720/50 로 변경), SW=180, SC=SE=70",18,18
18110412G2100,SUBWEIGHT,"CONCRETE,30kg","
- 1차 입고수량 : 56 EA / 2차 입고수량 : 10 EA",18,18
18110367G03Z2,SUBWEIGHT,"SMP:신안산선,SS400,2 COMPEN SHEAVE,30kg",,18,18
18110825G3100,SUBWEIGHT,"CONCRETE(5.2),30kg,G/S","- SPRAY COLOR : BLACK
- 1차 입고수량 : 7 EA / 2차 입고수량 : 11 EA",18,18
18100367G0500,SUBWEIGHT,"CONCRETE, 3.6x10^-6, 25kg",,18,18
18110414G9100,SUBWEIGHT,"SS400,30kg","- MATERIAL : SS400, WEIGHT : 30kg/EA
- [BG-90]=900 (35/BG-160/35 -> 40/820/40 로 변경), SW=125, SC=SE=70",18,18
18110412G2100,SUBWEIGHT,"CONCRETE,30kg","
- 1차 입고수량 : 44 EA / 2차 입고수량 : 14 EA",17,17
18110825G4100,SUBWEIGHT,"CONCRETE(5.2),40kg,G/S","- SPRAY COLOR : BLACK
- 1차 입고수량 : 43 EA / 2차 입고수량 : 8 EA",17,17
18110413G0900,SUBWEIGHT,"FC,30kg","
- 1차 입고수량 : 71 EA / 2차 입고수량 : 9 EA",17,17
18110824G4400,SUBWEIGHT,"CONCRETE(3.2),30kg,G/S",- SPRAY COLOR : BLACK,17,17
18110414G9100,SUBWEIGHT,"SS400,30kg","- MATERIAL : SS400, WEIGHT : 30kg/EA
- [BG-90]=915 (35/BG-160/35 -> 60/795/60 로 변경), SW=170, SC=SE=100",17,17
18110824G410A,SUBWEIGHT,"CONCRETE(3.2),30kg","- SPRAY COLOR : BLACK
- 1차 입고수량 : 34 EA / 2차 입고수량 : 7 EA",17,17
18110414G9100,SUBWEIGHT,"SS400,30kg","- MATERIAL : SS400, WEIGHT : 30kg/EA
- [BG-90]=920 (35/BG-160/35 -> 50/820/50 로 변경), SW=125, SC=SE=65",17,17
18110414G9100,SUBWEIGHT,"SS400,30kg","- MATERIAL : SS400, WEIGHT : 30kg/EA
- [BG-90]=905 (35/BG-160/35 -> 55/795/55 로 변경), SW=200, SC=SE=100",16,16
18110414G9100,SUBWEIGHT,"SS400,30kg","- MATERIAL : SS400, WEIGHT : 30kg/EA
- [BG-90]=1105 (35/BG-160/35 -> 40/1025/40 로 변경), SW=125, SC=SE=70",16,16
18110824G260A,SUBWEIGHT,"CONCRETE(3.2),30kg",- SPRAY COLOR : BLACK,16,16
18110825G4100,SUBWEIGHT,"CONCRETE(5.2),40kg,G/S","- SPRAY COLOR : BLACK
- 1차 입고수량 : 32 EA / 2차 입고수량 : 8 EA",16,16
18110414G9100,SUBWEIGHT,"SS400,30kg","- MATERIAL : SS400, WEIGHT : 30kg/EA
- [BG-90]=840 (35/BG-160/35 -> 55/730/55 로 변경), SW=170, SC=SE=120",16,16
18110414G9100,SUBWEIGHT,"SS400,30kg","- MATERIAL : SS400, WEIGHT : 30kg/EA
- [BG-90]=800 (35/BG-160/35 -> 50/700/50 로 변경), SW=180, SC=SE=120",16,16
18110412G2100,SUBWEIGHT,"CONCRETE,30kg","
- 1차 입고수량 : 62 EA / 2차 입고수량 : 12 EA",16,16
18110412G2100,SUBWEIGHT,"CONCRETE,30kg","
- 1차 입고수량 : 42 EA / 2차 입고수량 : 6 EA",16,16
18110825G4100,SUBWEIGHT,"CONCRETE(5.2),40kg,G/S","- SPRAY COLOR : BLACK
- 1차 입고수량 : 23 EA / 2차 입고수량 : 9 EA",16,16
18110413G0400,SUBWEIGHT,"FC,30kg",,16,16
18110412G0100,SUBWEIGHT,"CONCRETE,30kg",,16,16
18110412G2100,SUBWEIGHT,"CONCRETE,30kg","
- 1차 입고수량 : 36 EA / 2차 입고수량 : 14 EA",16,16
18110412G2100,SUBWEIGHT,"CONCRETE,30kg","
- 1차 입고수량 : 55 EA / 2차 입고수량 : 10 EA",16,16
VC003831G9300,SUBWEIGHT,"SS400,20kg","- MATERIAL : SS400, WEIGHT : 20kg/EA
- A=830, A-70=690, C=E=110, B=180",15,15
18110414G9100,SUBWEIGHT,"SS400,30kg","- MATERIAL : SS400, WEIGHT : 30kg/EA
- [BG-90]=920 (35/BG-160/35 -> 50/820/50 로 변경), SW=120, SC=SE=70",15,15
18110414G9100,SUBWEIGHT,"SS400,30kg","- MATERIAL : SS400, WEIGHT : 30kg/EA
- [BG-90]=920 (35/BG-160/35 -> 65/790/65 로 변경), SW=200, SC=SE=100",15,15
VC003831G9300,SUBWEIGHT,"SS400,20kg","*A=930, [A-70]=820, B=180, C=E=80",15,15
18110414G9100,SUBWEIGHT,"SS400,30kg","- MATERIAL : SS400, WEIGHT : 30kg/EA
- [BG-90]=825 (35/BG-160/35 -> 50/725/50 로 변경), SW=170, SC=SE=120",15,15
18110825G2300,SUBWEIGHT,"CONCRETE(5.2),30kg,G/S",- SPRAY COLOR : BLACK,15,15
18110824G4100,SUBWEIGHT,"CONCRETE(3.2),30kg,G/S","- SPRAY COLOR : BLACK
- 1차 입고수량 : 46 EA / 2차 입고수량 : 4 EA",15,15
18110412G2100,SUBWEIGHT,"CONCRETE,30kg","
- 1차 입고수량 : 32 EA / 2차 입고수량 : 14 EA",15,15
18110414G9100,SUBWEIGHT,"SS400,30kg","- MATERIAL : SS400, WEIGHT : 30kg/EA
- [BG-90]=805 (35/BG-160/35 -> 40/725/40 로 변경), SW=250, SC=SE=165",15,15
18110414G9100,SUBWEIGHT,"SS400,30kg","- MATERIAL : SS400, WEIGHT : 30kg/EA
- [BG-90]=920 (35/BG-160/35 -> 65/790/65 로 변경), SW=175, SC=SE=100",15,15
18110412G2100,SUBWEIGHT,"CONCRETE,30kg","
- 1차 입고수량 : 33 EA / 2차 입고수량 : 14 EA",14,14
18110414G9100,SUBWEIGHT,"SS400,30kg","- MATERIAL : SS400, WEIGHT : 30kg/EA
- [BG-90]=1120 (35/BG-160/35 -> 45/1030/45 로 변경), SW=125, SC=SE=65",14,14
18110414G1700,SUBWEIGHT,"SS400,30kg",- 1차 입고수량 : 48 EA / 2차 입고수량 : 9 EA,14,14
18110825G4100,SUBWEIGHT,"CONCRETE(5.2),40kg,G/S","- SPRAY COLOR : BLACK
- 1차 입고수량 : 37 EA / 2차 입고수량 : 7 EA",14,14
18110414G9100,SUBWEIGHT,"SS400,30kg","- MATERIAL : SS400, WEIGHT : 30kg/EA
- [BG-90]=910 (35/BG-160/35 -> 55/800/55 로 변경), SW=200, SC=SE=100",14,14
18110414G2100,SUBWEIGHT,"SS400,30kg","
- 1차 입고수량 : 89 EA / 2차 입고수량 : 12 EA",14,14
VC003831G9300,SUBWEIGHT,"SS400,20kg","- MATERIAL : SS400, WEIGHT : 20kg/EA
- A=810, A-70=685 적용, C=E=120, B=165",14,14
18110414G9100,SUBWEIGHT,"SS400,30kg","- MATERIAL : SS400, WEIGHT : 30kg/EA
- [BG-90]=835 (35/BG-160/35 -> 50/735/50 로 변경), SW=170, SC=SE=120",14,14
18110825G4100,SUBWEIGHT,"CONCRETE(5.2),40kg,G/S","- SPRAY COLOR : BLACK
- 1차 입고수량 : 28 EA / 2차 입고수량 : 2 EA",13,13
18110414G9100,SUBWEIGHT,"SS400,30kg","- MATERIAL : SS400, WEIGHT : 30kg/EA
- [BG-90]=820 (35/BG-160/35 -> 50/720/50 로 변경), SW=160, SC=SE=65",13,13
18110412G1800,SUBWEIGHT,"CONCRETE,30kg","
- 1차 입고수량 : 51 EA / 2차 입고수량 : 5 EA",13,13
18110352G0100,SUBWEIGHT,SS400,,13,13
18110825G4100,SUBWEIGHT,"CONCRETE(5.2),40kg,G/S","- SPRAY COLOR : BLACK
- 1차 입고수량 : 42 EA / 2차 입고수량 : 8 EA",13,13
C18110825G2300,SUBWEIGHT,"CONCRETE(5.2),30kg,G/S",- SPRAY COLOR : BLACK,13,13
18110412G18Z2,SUBWEIGHT,"SMP:신안산선,CONCRETE,30kg",,13,13
18110412G0300,SUBWEIGHT,"CONCRETE,30kg",2026.03.09 Plan C Weight 류 변경 건.,13,13
18110825G4100,SUBWEIGHT,"CONCRETE(5.2),40kg,G/S","- SPRAY COLOR : BLACK
- 1차 입고수량 : 40 EA / 2차 입고수량 : 10 EA",13,13
18110414G21Z2,SUBWEIGHT,"SMP:신안산선,SS400,30kg",,13,13
18110824G2400,SUBWEIGHT,"CONCRETE(3.2),30kg,G/S",- SPRAY COLOR : BLACK,13,13
18110414G0300,SUBWEIGHT,"SS400,30kg",,13,13
18110414G9100,SUBWEIGHT,"SS400,30kg","- MATERIAL : SS400, WEIGHT : 30kg/EA
- [BG-90]=1105 (35/BG-160/35 -> 55/995/55 로 변경), SW=250, SC=SE=95",13,13
18100123G0200,SUBWEIGHT,"SS400, WT=48kg",,13,13
18110412G2100,SUBWEIGHT,"CONCRETE,30kg","
- 1차 입고수량 : 59 EA / 2차 입고수량 : 7 EA",13,13
18110414G9100,SUBWEIGHT,"SS400,30kg","- MATERIAL : SS400, WEIGHT : 30kg/EA
- [BG-90]=925 (35/BG-160/35 -> 52.5/820/52.5 로 변경), SW=180, SC=SE=85",13,13
18110824G2600,SUBWEIGHT,"CONCRETE(3.2),30kg,G/S",- SPRAY COLOR : BLACK,13,13
V0005657G0200,SUBWEIGHT,"SS400, WT=56kg",,13,13
18110414G2100,SUBWEIGHT,"SS400,30kg","
- 1차 입고수량 : 89 EA / 2차 입고수량 : 11 EA",12,12
18110414G9100,SUBWEIGHT,"SS400,30kg","- MATERIAL : SS400, WEIGHT : 30kg/EA
- [BG-90]=705 (35/BG-160/35 -> 40/625/40 로 변경), SW=170, SC=SE=65",12,12
18110414G2100,SUBWEIGHT,"SS400,30kg","
- 1차 입고수량 : 79 EA / 2차 입고수량 : 14 EA",12,12
18110414G9100,SUBWEIGHT,"SS400,30kg","- MATERIAL : SS400, WEIGHT : 30kg/EA
- [BG-90]=840 (35/BG-160/35 -> 55/730/55 로 변경), SW=250, SC=SE=175",12,12
18110412G2100,SUBWEIGHT,"CONCRETE,30kg","
- 1차 입고수량 : 42 EA / 2차 입고수량 : 14 EA",12,12
18110824G4300,SUBWEIGHT,"CONCRETE(3.2),30kg,G/S","- SPRAY COLOR : BLACK
- 1차 입고수량 : 35 EA / 2차 입고수량 : 12 EA",12,12
18110414G9100,SUBWEIGHT,"SS400,30kg","- MATERIAL : SS400, WEIGHT : 30kg/EA
- [BG-90]=915 (35/BG-160/35 -> 60/795/60 로 변경), SW=170, SC=SE=105",12,12
18110824G3300,SUBWEIGHT,"CONCRETE(3.2),30kg,G/S",- SPRAY COLOR : BLACK,12,12
18110414G9100,SUBWEIGHT,"SS400,30kg","- MATERIAL : SS400, WEIGHT : 30kg/EA
- [BG-90]=700 (35/BG-160/35 -> 30/640/30 로 변경), SW=180, SC=SE=70",12,12
18110414G9100,SUBWEIGHT,"SS400,30kg","- MATERIAL : SS400, WEIGHT : 30kg/EA
- [BG-90]=895 (35/BG-160/35 -> 40/815/40 로 변경), SW=180, SC=SE=80",12,12
18110412G2100,SUBWEIGHT,"CONCRETE,30kg","""- 1차 입고수량 : 42 EA / 2차 입고수량 : 11 EA
- 2026.05.08 5EA 추가 이차 입고일 함께 출하""",12,12
18110414G0300,SUBWEIGHT,"SS400,30kg",2026.03.09 Plan C Weight 류 변경 건.,12,12
18110825G4100,SUBWEIGHT,"CONCRETE(5.2),40kg,G/S","- SPRAY COLOR : BLACK
- 1차 입고수량 : 55 EA / 2차 입고수량 : 9 EA",12,12
18110414G9100,SUBWEIGHT,"SS400,30kg","- MATERIAL : SS400, WEIGHT : 30kg/EA
- [BG-90]=825 (35/BG-160/35 -> 45/735/45 로 변경), SW=250, SC=SE=170",12,12
18110414G9100,SUBWEIGHT,"SS400,30kg","- MATERIAL : SS400, WEIGHT : 30kg/EA
- [BG-90]=925 (35/BG-160/35 -> 50/825/50 로 변경), SW=125, SC=SE=65",12,12
18110414G2100,SUBWEIGHT,"SS400,30kg","
- 1차 입고수량 : 87 EA / 2차 입고수량 : 14 EA",12,12
18110825G3100,SUBWEIGHT,"CONCRETE(5.2),30kg,G/S","- SPRAY COLOR : BLACK
- 1차 입고수량 : 11 EA / 2차 입고수량 : 4 EA",11,11
18110414G9100,SUBWEIGHT,"SS400,30kg","- MATERIAL : SS400, WEIGHT : 30kg/EA
- [BG-90]=810 (35/BG-160/35 -> 40/730/40 로 변경), SW=250, SC=SE=165",11,11
18110414G9100,SUBWEIGHT,"SS400,30kg","- MATERIAL : SS400, WEIGHT : 30kg/EA
- [BG-90]=905 (35/BG-160/35 -> 40/825/40 로 변경), SW=180, SC=SE=85",11,11
18110412G1800,SUBWEIGHT,"CONCRETE,30kg","
- 1차 입고수량 : 38 EA / 2차 입고수량 : 13 EA",11,11
18110414G9100,SUBWEIGHT,"SS400,30kg","- MATERIAL : SS400, WEIGHT : 30kg/EA
- [BG-90]=1115 (35/BG-160/35 -> 45/1025/45 로 변경), SW=125, SC=SE=65",11,11
18110825G4100,SUBWEIGHT,"CONCRETE(5.2),40kg,G/S","- SPRAY COLOR : BLACK
- 1차 입고수량 : 38 EA / 2차 입고수량 : 10 EA",11,11
18110414G9100,SUBWEIGHT,"SS400,30kg","- MATERIAL : SS400, WEIGHT : 30kg/EA
- [BG-90]=820 (35/BG-160/35 -> 45/730/45 로 변경), SW=170, SC=SE=120",11,11
18110299G0200,SUBWEIGHT,"SS400,25kg/EA",,11,11
18110358G0100,SUBWEIGHT,"CONCRETE,3.6E-6kg/mm^3,25KG/EA",,11,11
18110414G9100,SUBWEIGHT,"SS400,30kg","- MATERIAL : SS400, WEIGHT : 30kg/EA
- [BG-90]=795 (35/BG-160/35 -> 40/715/40 로 변경), SW=160, SC=SE=70",11,11
VC003831G9300,SUBWEIGHT,"SS400,20kg","18110340G04 참조하여 제작하되, T=40 적용할것",11,11
18110824G410A,SUBWEIGHT,"CONCRETE(3.2),30kg","- SPRAY COLOR : BLACK
- 1차 입고수량 : 37 EA / 2차 입고수량 : 4 EA",11,11
18110298G0600,SUBWEIGHT,"SS400,20kg/EA",,11,11
18110824G410A,SUBWEIGHT,"CONCRETE(3.2),30kg","- SPRAY COLOR : BLACK
- 1차 입고수량 : 34 EA / 2차 입고수량 : 9 EA",11,11
18110414G9100,SUBWEIGHT,"SS400,30kg","- MATERIAL : SS400, WEIGHT : 30kg/EA
- [BG-90]=800 (35/BG-160/35 -> 40/720/40 로 변경), SW=250, SC=SE=170",11,11
18110414G0200,SUBWEIGHT,"SS400,30kg",,11,11
18110414G9100,SUBWEIGHT,"SS400,30kg","- MATERIAL : SS400, WEIGHT : 30kg/EA
- [BG-90]=1135 (35/BG-160/35 -> 55/1025/55 로 변경), SW=125, SC=SE=65",11,11
18110414G9100,SUBWEIGHT,"SS400,30kg","- MATERIAL : SS400, WEIGHT : 30kg/EA
- [BG-90]=1160 (35/BG-160/35 -> 65/1030/65 로 변경), SW=220, SC=SE=115",11,11
18110414G9100,SUBWEIGHT,"SS400,30kg","- MATERIAL : SS400, WEIGHT : 30kg/EA
- [BG-90]=1125 (35/BG-160/35 -> 50/1025/50 로 변경), SW=220, SC=SE=170",10,10
18110824G410A,SUBWEIGHT,"CONCRETE(3.2),30kg","- SPRAY COLOR : BLACK
- 1차 입고수량 : 47 EA / 2차 입고수량 : 8 EA",10,10
18110824G2500,SUBWEIGHT,"CONCRETE(3.2),30kg,G/S",- SPRAY COLOR : BLACK,10,10
18110414G9100,SUBWEIGHT,"SS400,30kg","- MATERIAL : SS400, WEIGHT : 30kg/EA
- [BG-90]=810 (35/BG-160/35 -> 40/730/40 로 변경), SW=250, SC=SE=175",10,10
18110414G9100,SUBWEIGHT,"SS400,30kg","- MATERIAL : SS400, WEIGHT : 30kg/EA
- [BG-90]=710 (35/BG-160/35 -> 30/650/30 로 변경), SW=175, SC=SE=65",10,10
18110412G2100,SUBWEIGHT,"CONCRETE,30kg","
- 1차 입고수량 : 54 EA / 2차 입고수량 : 9 EA",10,10
18110414G9100,SUBWEIGHT,"SS400,30kg","- MATERIAL : SS400, WEIGHT : 30kg/EA
- [BG-90]=1120 (35/BG-160/35 -> 45/1030/45 로 변경), SW=120, SC=SE=70",10,10
18110412G2100,SUBWEIGHT,"CONCRETE,30kg","
- 1차 입고수량 : 34 EA / 2차 입고수량 : 12 EA",10,10
18110414G9100,SUBWEIGHT,"SS400,30kg","- MATERIAL : SS400, WEIGHT : 30kg/EA
- [BG-90]=830 (35/BG-160/35 -> 65/700/65 로 변경), SW=170, SC=SE=115",10,10
18110412G2100,SUBWEIGHT,"CONCRETE,30kg","
- 1차 입고수량 : 57 EA / 2차 입고수량 : 9 EA",10,10
18110414G2100,SUBWEIGHT,"SS400,30kg","
- 1차 입고수량 : 83 EA / 2차 입고수량 : 12 EA",10,10
18110824G410A,SUBWEIGHT,"CONCRETE(3.2),30kg","- SPRAY COLOR : BLACK
- 1차 입고수량 : 35 EA / 2차 입고수량 : 14 EA",10,10
18110414G9100,SUBWEIGHT,"SS400,30kg","- MATERIAL : SS400, WEIGHT : 30kg/EA
- [BG-90]=920 (35/BG-160/35 -> 47.5/825/47.5 로 변경), SW=125, SC=SE=70",10,10
VC003831G9300,SUBWEIGHT,"SS400,20kg","- MATERIAL : SS400, WEIGHT : 20kg/EA
- A=810, A-70 -> 740적용, C=E=170, B=250",10,10
VC003831G9300,SUBWEIGHT,"SS400,20kg","- MATERIAL : SS400, WEIGHT : 20kg/EA
* VC11228H03 적용하여 제작할 것.",10,10
18110412G2100,SUBWEIGHT,"CONCRETE,30kg",- 1차 입고수량 : 67 EA / 2차 입고수량 : 2 EA,10,10
18110414G2100,SUBWEIGHT,"SS400,30kg","
- 1차 입고수량 : 84 EA / 2차 입고수량 : 14 EA",10,10
18110824G310A,SUBWEIGHT,"CONCRETE(3.2),30kg",- SPRAY COLOR : BLACK,10,10
VC003831G9300,SUBWEIGHT,"SS400,20kg","- MATERIAL : SS400, WEIGHT : 20kg/EA
* A=920 , A-70=820 적용 , B=180 , C=E=80",10,10
18110414G2100,SUBWEIGHT,"SS400,30kg","
- 1차 입고수량 : 94 EA / 2차 입고수량 : 7 EA",10,10
18100374G0500,SUBWEIGHT,"FC, 7.0x10^-6, 25kg",,10,10
18110414G9100,SUBWEIGHT,"SS400,30kg","- MATERIAL : SS400, WEIGHT : 30kg/EA
- [BG-90]=825 (35/BG-160/35 -> 45/735/45 로 변경), SW=250, SC=SE=165",10,10
18110351G0500,SUBWEIGHT,"SS400,39KG",,10,10
18110414G9100,SUBWEIGHT,"SS400,30kg","- MATERIAL : SS400, WEIGHT : 30kg/EA
- [BG-90]=820 (35/BG-160/35 -> 45/730/45 로 변경), SW=240, SC=SE=165",9,9
18110414G2100,SUBWEIGHT,"SS400,30kg","
- 1차 입고수량 : 82 EA / 2차 입고수량 : 14 EA",9,9
18110824G410A,SUBWEIGHT,"CONCRETE(3.2),30kg","- SPRAY COLOR : BLACK
- 1차 입고수량 : 32 EA / 2차 입고수량 : 11 EA",9,9
18110414G9100,SUBWEIGHT,"SS400,30kg","- MATERIAL : SS400, WEIGHT : 30kg/EA
- [BG-90]=810 (35/BG-160/35 -> 30/750/30 로 변경), SW=155, SC=SE=45",9,9
C18110824G2500,SUBWEIGHT,"CONCRETE(3.2),30kg,SUBSYSTEM",- SPRAY COLOR : BLACK,9,9
18110412G2100,SUBWEIGHT,"CONCRETE,30kg","
- 1차 입고수량 : 56 EA / 2차 입고수량 : 9 EA",9,9
18110414G9100,SUBWEIGHT,"SS400,30kg","- MATERIAL : SS400, WEIGHT : 30kg/EA
- [BG-90]=830 (35/BG-160/35 -> 50/730/50 로 변경), SW=170, SC=SE=125",9,9
18110414G9100,SUBWEIGHT,"SS400,30kg","- MATERIAL : SS400, WEIGHT : 30kg/EA
- [BG-90]=1135 (35/BG-160/35 -> 70/995/70 로 변경), SW=220, SC=SE=165",9,9
18110414G9100,SUBWEIGHT,"SS400,30kg","- MATERIAL : SS400, WEIGHT : 30kg/EA
- [BG-90]=925 (35/BG-160/35 -> 50/825/50 로 변경), SW=170, SC=SE=65",9,9
18110412G2100,SUBWEIGHT,"CONCRETE,30kg","
- 1차 입고수량 : 64 EA / 2차 입고수량 : 2 EA",9,9
18110825G4100,SUBWEIGHT,"CONCRETE(5.2),40kg,G/S","- SPRAY COLOR : BLACK
- 1차 입고수량 : 47 EA / 2차 입고수량 : 7 EA",9,9
18110414G9100,SUBWEIGHT,"SS400,30kg","- MATERIAL : SS400, WEIGHT : 30kg/EA
- [BG-90]=925 (35/BG-160/35 -> 50/825/50 로 변경), SW=120, SC=SE=65",9,9
18110412G2100,SUBWEIGHT,"CONCRETE,30kg","
- 1차 입고수량 : 59 EA / 2차 입고수량 : 5 EA",9,9
18110414G9100,SUBWEIGHT,"SS400,30kg","- MATERIAL : SS400, WEIGHT : 30kg/EA
- [BG-90]=1105 (35/BG-160/35 -> 55/995/55 로 변경), SW=250, SC=SE=90",9,9
18110414G9100,SUBWEIGHT,"SS400,30kg","- MATERIAL : SS400, WEIGHT : 30kg/EA
- [BG-90]=825 (35/BG-160/35 -> 50/725/50 로 변경), SW=250, SC=SE=170",9,9
18110412G2100,SUBWEIGHT,"CONCRETE,30kg",- 1차 입고수량 : 37 EA / 2차 입고수량 : 5 EA,9,9
18110824G230A,SUBWEIGHT,"CONCRETE(3.2),30kg",- SPRAY COLOR : BLACK,9,9
18110824G250A,SUBWEIGHT,"CONCRETE(3.2),30kg",- SPRAY COLOR : BLACK,9,9
18110414G9100,SUBWEIGHT,"SS400,30kg","- MATERIAL : SS400, WEIGHT : 30kg/EA
- [BG-90]=1120 (35/BG-160/35 -> 45/1030/45 로 변경), SW=125, SC=SE=70",9,9
18110414G9100,SUBWEIGHT,"SS400,30kg","- MATERIAL : SS400, WEIGHT : 30kg/EA
- [BG-90]= (35/BG-160/35 -> 55/585/55 로 변경), SC=SE=95, SW=250, G= 최소 비중 7 맞추어 작업할 것.",9,9
18110412G2100,SUBWEIGHT,"CONCRETE,30kg","
- 1차 입고수량 : 63 EA / 2차 입고수량 : 9 EA",9,9
VC003831G9300,SUBWEIGHT,"SS400,20kg","- MATERIAL : SS400, WEIGHT : 20kg/EA
- A=830, A-70 -> 690로 적용, C=E=105, B=170",9,9
18110824G410A,SUBWEIGHT,"CONCRETE(3.2),30kg","- SPRAY COLOR : BLACK
- 1차 입고수량 : 39 EA / 2차 입고수량 : 10 EA",9,9
18110412G2100,SUBWEIGHT,"CONCRETE,30kg",- 1차 입고수량 : 58 EA / 2차 입고수량 : 10 EA,9,9
18110340G0700,SUBWEIGHT,FC15,,9,9
18110412G1800,SUBWEIGHT,"CONCRETE,30kg","
- 1차 입고수량 : 45 EA / 2차 입고수량 : 5 EA",9,9
18110412G2100,SUBWEIGHT,"CONCRETE,30kg","
- 1차 입고수량 : 47 EA / 2차 입고수량 : 11 EA",9,9
18110414G9100,SUBWEIGHT,"SS400,30kg","- MATERIAL : SS400, WEIGHT : 30kg/EA
- [BG-90]=1140 (35/BG-160/35 -> 55/1030/55 로 변경), SW=220, SC=SE=170",9,9
18110414G9100,SUBWEIGHT,"SS400,30kg","- MATERIAL : SS400, WEIGHT : 30kg/EA
- [BG-90]=835 (35/BG-160/35 -> 52.5/730/52.5 로 변경), SW=250, SC=SE=170",9,9
18110414G0100,SUBWEIGHT,"SS400,30kg",,9,9
18110412G0900,SUBWEIGHT,"CONCRETE,30kg","
- 1차 입고수량 : 25 EA / 2차 입고수량 : 3 EA",9,9
C18110825G2500,SUBWEIGHT,"CONCRETE(5.2),30kg,SUBSYSTEM",- SPRAY COLOR : BLACK,9,9
18110825G4100,SUBWEIGHT,"CONCRETE(5.2),40kg,G/S","- SPRAY COLOR : BLACK
- 1차 입고수량 : 68 EA / 2차 입고수량 : 3 EA",9,9
18110412G1800,SUBWEIGHT,"CONCRETE,30kg","
- 1차 입고수량 : 43 EA / 2차 입고수량 : 13 EA",9,9
C18110824G230A,SUBWEIGHT,"CONCRETE(3.2),30kg,G/S",- SPRAY COLOR : BLACK,8,8
18110825G4100,SUBWEIGHT,"CONCRETE(5.2),40kg,G/S","- SPRAY COLOR : BLACK
- 1차 입고수량 : 38 EA / 2차 입고수량 : 7 EA",8,8
18110412G2100,SUBWEIGHT,"CONCRETE,30kg","
- 1차 입고수량 : 59 EA / 2차 입고수량 : 9 EA",8,8
18110412G2100,SUBWEIGHT,"CONCRETE,30kg","
- 1차 입고수량 : 40 EA / 2차 입고수량 : 14 EA",8,8
18110413G0800,SUBWEIGHT,"FC,30kg",- 1차 입고수량 : 22 EA / 2차 입고수량 : 36 EA,8,8
18110824G4300,SUBWEIGHT,"CONCRETE(3.2),30kg,G/S","- SPRAY COLOR : BLACK
- 1차 입고수량 : 36 EA / 2차 입고수량 : 12 EA",8,8
18110412G2100,SUBWEIGHT,"CONCRETE,30kg","
- 1차 입고수량 : 49 EA / 2차 입고수량 : 6 EA",8,8
18110825G4100,SUBWEIGHT,"CONCRETE(5.2),40kg,G/S","- SPRAY COLOR : BLACK
- 1차 입고수량 : 56 EA / 2차 입고수량 : 10 EA",8,8
18110414G2100,SUBWEIGHT,"SS400,30kg","
- 1차 입고수량 : 84 EA / 2차 입고수량 : 12 EA",8,8
18110412G1800,SUBWEIGHT,"CONCRETE,30kg","
- 1차 입고수량 : 41 EA / 2차 입고수량 : 13 EA",8,8
C18110825G2400,SUBWEIGHT,"CONCRETE(5.2),30kg,SUBSYSTEM",- SPRAY COLOR : BLACK,8,8
18110414G9100,SUBWEIGHT,"SS400,30kg","- MATERIAL : SS400, WEIGHT : 30kg/EA
- [BG-90]=920 (35/BG-160/35 -> 50/820/50 로 변경), SW=200, SC=SE=70",8,8
18110412G0900,SUBWEIGHT,"CONCRETE,30kg","
- 1차 입고수량 : 1 EA / 2차 입고수량 : 4 EA",8,8
18110414G1800,SUBWEIGHT,"SS400,30kg",PAINT: 노루표페인트 DPI-NA216,8,8
18110414G9100,SUBWEIGHT,"SS400,30kg","- MATERIAL : SS400, WEIGHT : 30kg/EA
- [BG-90]= (35/BG-160/35 -> 65/1035/65 로 변경), SC=SE=115, SW=220, G=최소 비중 7 맞출 것",8,8
18110414G9100,SUBWEIGHT,"SS400,30kg","*18110414G09 (CWT BG.=1100, SW=150) 형상으로 제작바랍니다.",8,8
18110825G4100,SUBWEIGHT,"CONCRETE(5.2),40kg,G/S","- SPRAY COLOR : BLACK
- 1차 입고수량 : 39 EA / 2차 입고수량 : 8 EA",8,8
VC003831G9300,SUBWEIGHT,"SS400,20kg","*VC3831(A=1110, [A-70]=990, 도면상 35->60, C=E=90, B=245)
*2026.04.17 전 호기용 제작완료 후 LAYOUT 도면 변경(실측치와 불일치)되어 3EA 추가",8,8
18110414G9100,SUBWEIGHT,"SS400,30kg","- MATERIAL : SS400, WEIGHT : 30kg/EA
- [BG-90]=815 (35/BG-160/35 -> 45/725/45 로 변경), SW=170, SC=SE=120",8,8
18110824G410A,SUBWEIGHT,"CONCRETE(3.2),30kg",- SPRAY COLOR :BLACK,8,8
VC003831G9300,SUBWEIGHT,"SS400,20kg","- MATERIAL : SS400, WEIGHT : 20kg/EA
- A=1230, A-70 -> 1110적용, C=E=150, B=250
* 2-D50 HOLES 가공요망 (FOR FIXING ROD), HOLE 간격 875
",8,8
18110414G9100,SUBWEIGHT,"SS400,30kg","- MATERIAL : SS400, WEIGHT : 30kg/EA
- [BG-90]=805 (35/BG-160/35 -> 40/725/40 로 변경), SW=250, SC=SE=175",8,8
18110825G3900,SUBWEIGHT,"CONCRETE(5.2),30kg,G/S",- SPRAY COLOR : BLACK,8,8
18110825G4100,SUBWEIGHT,"CONCRETE(5.2),40kg,G/S","- SPRAY COLOR : BLACK
- 1차 입고수량 : 45 EA / 2차 입고수량 : 7 EA",8,8
18110412G0900,SUBWEIGHT,"CONCRETE,30kg","
- 1차 입고수량 : 28 EA / 2차 입고수량 : 3 EA",8,8
18110414G9100,SUBWEIGHT,"SS400,30kg","- MATERIAL : SS400, WEIGHT : 30kg/EA
- [BG-90]=715 (35/BG-160/35 -> 40/635/40 로 변경), SW=175, SC=SE=70",8,8
18110414G9100,SUBWEIGHT,"SS400,30kg","- MATERIAL : SS400, WEIGHT : 30kg/EA
- [BG-90]=1085 (35/BG-160/35 -> 45/995/45 로 변경), SW=250, SC=SE=95",8,8
C18110824G2400,SUBWEIGHT,"CONCRETE(3.2),30kg,SUBSYSTEM",- SPRAY COLOR : BLACK,8,8
18110414G9100,SUBWEIGHT,"SS400,30kg","- MATERIAL : SS400, WEIGHT : 30kg/EA
- [BG-90]=925 (35/BG-160/35 -> 65/795/65 로 변경), SW=200, SC=SE=100",8,8
18110414G9100,SUBWEIGHT,"SS400,30kg","- MATERIAL : SS400, WEIGHT : 30kg/EA
- [BG-90]=830 (35/BG-160/35 -> 50/730/50 로 변경), SW=175, SC=SE=120",8,8
18110824G240A,SUBWEIGHT,"CONCRETE(3.2),30kg",- SPRAY COLOR : BLACK,8,8
VC003831G9300,SUBWEIGHT,"SS400,20kg",*VC864H01 형상으로 개당 30kg 이하로 제작바랍니다.,8,8
18110414G9100,SUBWEIGHT,"SS400,30kg","- MATERIAL : SS400, WEIGHT : 30kg/EA
- [BG-90]=850 (35/BG-160/35 -> 45/760/45 로 변경), SW=170, SC=SE=115",8,8
18110825G4100,SUBWEIGHT,"CONCRETE(5.2),40kg,G/S","- SPRAY COLOR : BLACK
- 1차 입고수량 : 55 EA / 2차 입고수량 : 8 EA",8,8
18110414G9100,SUBWEIGHT,"SS400,30kg","- MATERIAL : SS400, WEIGHT : 30kg/EA
- [BG-90]=845 (35/BG-160/35 -> 55/735/55 로 변경), SW=250, SC=SE=170",7,7
18110414G1700,SUBWEIGHT,"SS400,30kg",- 1차 입고수량 : 54 EA / 2차 입고수량 : 7 EA,7,7
18110414G9100,SUBWEIGHT,"SS400,30kg","- MATERIAL : SS400, WEIGHT : 30kg/EA
- [BG-90]=1135 (35/BG-160/35 -> 52.5/1030/52.5 로 변경), SW=220, SC=SE=170",7,7
18110825G4100,SUBWEIGHT,"CONCRETE(5.2),40kg,G/S","- SPRAY COLOR : BLACK
- 1차 입고수량 : 55 EA / 2차 입고수량 : 7 EA",7,7
18110414G9100,SUBWEIGHT,"SS400,30kg","- MATERIAL : SS400, WEIGHT : 30kg/EA
- [BG-90]=925 (35/BG-160/35 -> 50/825/50 로 변경), SW=180, SC=SE=80",7,7
18110412G2100,SUBWEIGHT,"CONCRETE,30kg","
- 1차 입고수량 : 62 EA / 2차 입고수량 : 5 EA",7,7
18110414G9100,SUBWEIGHT,"SS400,30kg","- MATERIAL : SS400, WEIGHT : 30kg/EA
- [BG-90]=1100 (35/BG-160/35 -> 55/990/55 로 변경), SW=250, SC=SE=95",7,7
18100371G0100,SUBWEIGHT,"CONCRETE, 3.0x10^-6, 25kg",,7,7
18110414G9100,SUBWEIGHT,"SS400,30kg","- MATERIAL : SS400, WEIGHT : 30kg/EA
- [BG-90]=810 (35/BG-160/35 -> 40/730/40 로 변경), SW=150, SC=SE=100",7,7
18110824G410A,SUBWEIGHT,"CONCRETE(3.2),30kg","- SPRAY COLOR : BLACK
- 1차 입고수량 : 42 EA / 2차 입고수량 : 10 EA",7,7
18110414G2100,SUBWEIGHT,"SS400,30kg","
- 1차 입고수량 : 91 EA / 2차 입고수량 : 12 EA",7,7
18110414G9100,SUBWEIGHT,"SS400,30kg","- MATERIAL : SS400, WEIGHT : 30kg/EA
- [BG-90]=910 (35/BG-160/35 -> 45/820/45 로 변경), SW=170, SC=SE=70",7,7
18110414G9100,SUBWEIGHT,"SS400,30kg","- MATERIAL : SS400, WEIGHT : 30kg/EA
- [BG-90]=840 (35/BG-160/35 -> 55/730/55 로 변경), SW=170, SC=SE=125",7,7
18110412G0800,SUBWEIGHT,"CONCRETE,30kg","
- 1차 입고수량 : 13 EA / 2차 입고수량 : 11 EA",7,7
18110824G4100,SUBWEIGHT,"CONCRETE(3.2),30kg,G/S","- SPRAY COLOR : BLACK
- 1차 입고수량 : 39 EA / 2차 입고수량 : 10 EA",7,7
18110412G2100,SUBWEIGHT,"CONCRETE,30kg","
- 1차 입고수량 : 42 EA / 2차 입고수량 : 3 EA",7,7
18110825G4100,SUBWEIGHT,"CONCRETE(5.2),40kg,G/S","- SPRAY COLOR : BLACK
- 1차 입고수량 : 35 EA / 2차 입고수량 : 2 EA",7,7
18110414G9100,SUBWEIGHT,"SS400,30kg","- MATERIAL : SS400, WEIGHT : 30kg/EA
- [BG-90]=1125 (35/BG-160/35 -> 45/1035/45 로 변경), SW=220, SC=SE=170",7,7
18110414G9100,SUBWEIGHT,"SS400,30kg","- MATERIAL : SS400, WEIGHT : 30kg/EA
- [BG-90]=900 (35/BG-160/35 -> 40/820/40 로 변경), SW=170, SC=SE=65",7,7
18110414G9100,SUBWEIGHT,"SS400,30kg","- MATERIAL : SS400, WEIGHT : 30kg/EA
- [BG-90]=830 (35/BG-160/35 -> 50/730/50 로 변경), SW=255, SC=SE=175",7,7
18110414G9100,SUBWEIGHT,"SS400,30kg","- MATERIAL : SS400, WEIGHT : 30kg/EA
- [BG-90]=1105 (35/BG-160/35 -> 55/995/55 로 변경), SW=245, SC=SE=90",7,7
VC003831G9300,SUBWEIGHT,"SS400,20kg","- MATERIAL : SS400, WEIGHT : 20kg/EA
- SIZE : 18110412G21 치수 적용",7,7
18110413G0900,SUBWEIGHT,"FC,30kg","
- 1차 입고수량 : 63 EA / 2차 입고수량 : 10 EA",7,7
18110824G3900,SUBWEIGHT,"CONCRETE(3.2),30kg,G/S",- SPRAY COLOR : BLACK,7,7
18110412G1800,SUBWEIGHT,"CONCRETE,30kg","
- 1차 입고수량 : 32 EA / 2차 입고수량 : 7 EA",7,7
18110412G2100,SUBWEIGHT,"CONCRETE,30kg","
- 1차 입고수량 : 60 EA / 2차 입고수량 : 3 EA",7,7
18110825G4100,SUBWEIGHT,"CONCRETE(5.2),40kg,G/S","- SPRAY COLOR : BLACK
- 1차 입고수량 : 46 EA / 2차 입고수량 : 10 EA",6,6
18110412G0900,SUBWEIGHT,"CONCRETE,30kg","
- 1차 입고수량 : 22 EA / 2차 입고수량 : 3 EA",6,6
VC003831G9300,SUBWEIGHT,"SS400,20kg","WEIGHT SIZE. 18110351G01, 주조 홀 적용, 개당 30kg, 78EA",6,6
18110414G9100,SUBWEIGHT,"SS400,30kg","- MATERIAL : SS400, WEIGHT : 30kg/EA
- [BG-90]=925 (35/BG-160/35 -> 50/825/50 로 변경), SW=180, SC=SE=85",6,6
18110412G1800,SUBWEIGHT,"CONCRETE,30kg","
- 1차 입고수량 : 32 EA / 2차 입고수량 : 13 EA",6,6
VC003831G9300,SUBWEIGHT,"SS400,20kg","- MATERIAL : SS400, WEIGHT : 20kg/EA
- A=1230, A-70 -> 1110적용, C=E=120, B=230
* 2-D50 HOLES 가공요망 (FOR FIXING ROD), HOLE 간격 982
",6,6
18110414G9100,SUBWEIGHT,"SS400,30kg","- MATERIAL : SS400, WEIGHT : 30kg/EA
- [BG-90]=710 (35/BG-160/35 -> 35/640/35 로 변경), SW=250, SC=SE=180
",6,6
18110414G9100,SUBWEIGHT,"SS400,30kg","- MATERIAL : SS400, WEIGHT : 30kg/EA
- [BG-90]=815 (35/BG-160/35 -> 55/705/55 로 변경), SW=170, SC=SE=115",6,6
18110414G9100,SUBWEIGHT,"SS400,30kg","- [BG-90]= (35/BG-160/35 -> 55/585/55 로 변경), SC=SE=95, SW=250, G= 최소 비중 7 맞추어 작
업할 것",6,6
18110414G2000,SUBWEIGHT,"SS400,30kg",,6,6
18110414G9100,SUBWEIGHT,"SS400,30kg","- MATERIAL : SS400, WEIGHT : 30kg/EA
- [BG-90]=1140 (35/BG-160/35 -> 55/1030/55 로 변경), SW=130, SC=SE=70",6,6
18110414G9100,SUBWEIGHT,"SS400,30kg","- MATERIAL : SS400, WEIGHT : 30kg/EA
- [BG-90]=1125 (35/BG-160/35 -> 45/1035/45 로 변경), SW=225, SC=SE=170",6,6
VC003831G9300,SUBWEIGHT,"SS400,20kg",*VC000472G04 형상으로 제작바랍니다.,6,6
18110414G2100,SUBWEIGHT,"SS400,30kg","
- 1차 입고수량 : 86 EA / 2차 입고수량 : 12 EA",6,6
18110412G0900,SUBWEIGHT,"CONCRETE,30kg","
- 1차 입고수량 : 24 EA / 2차 입고수량 : 3 EA",6,6
18110825G4300,SUBWEIGHT,"CONCRETE(5.2),40kg,G/S","- SPRAY COLOR : BLACK
- 1차 입고수량 : 24 EA / 2차 입고수량 : 10 EA",6,6
18110825G4300,SUBWEIGHT,"CONCRETE(5.2),40kg,G/S","- SPRAY COLOR : BLACK
- 1차 입고수량 : 22 EA / 2차 입고수량 : 10 EA",6,6
18110412G0900,SUBWEIGHT,"CONCRETE,30kg","
- 1차 입고수량 : 25 EA / 2차 입고수량 : 5 EA",6,6
18110413G0200,SUBWEIGHT,"FC,30kg",,6,6
18110414G9100,SUBWEIGHT,"SS400,30kg","- MATERIAL : SS400, WEIGHT : 30kg/EA
- [BG-90]=910 (35/BG-160/35 -> 65/780/65 로 변경), SW=210, SC=SE=115",6,6
18110414G2100,SUBWEIGHT,"SS400,30kg","
- 1차 입고수량 : 83 EA / 2차 입고수량 : 15 EA",6,6
18110414G9100,SUBWEIGHT,"SS400,30kg","- MATERIAL : SS400, WEIGHT : 30kg/EA
- [BG-90]=825 (35/BG-160/35 -> 45/735/45 로 변경), SW=170, SC=SE=120",6,6
18110412G0800,SUBWEIGHT,"CONCRETE,30kg","
- 1차 입고수량 : 12 EA / 2차 입고수량 : 12 EA",6,6
18110824G4100,SUBWEIGHT,"CONCRETE(3.2),30kg,G/S","- SPRAY COLOR : BLACK
- 1차 입고수량 : 29 EA / 2차 입고수량 : 9 EA",6,6
18110414G9100,SUBWEIGHT,"SS400,30kg","- MATERIAL : SS400, WEIGHT : 30kg/EA
- [BG-90]=805 (35/BG-160/35 -> 30/745/30 로 변경), SW=160, SC=SE=45",6,6
18110411G1200,SUBWEIGHT,"CONCRETE,30kg",- 1차 입고수량 : 45 EA / 2차 입고수량 : 4 EA,6,6
18110414G1500,SUBWEIGHT,"SS400,30kg",,6,6
18110414G9100,SUBWEIGHT,"SS400,30kg","- MATERIAL : SS400, WEIGHT : 30kg/EA
- [BG-90]=925 (35/BG-160/35 -> 65/795/65 로 변경), SW=170, SC=SE=95",6,6
18110414G9100,SUBWEIGHT,"SS400,30kg","- MATERIAL : SS400, WEIGHT : 30kg/EA
- [BG-90]=815 (35/BG-160/35 -> 40/735/40 로 변경), SW=250, SC=SE=165",6,6
18110414G9100,SUBWEIGHT,"SS400,30kg","- MATERIAL : SS400, WEIGHT : 30kg/EA
- [BG-90]=920 (35/BG-160/35 -> 65/790/65 로 변경), SW=170, SC=SE=105",6,6
18110412G1500,SUBWEIGHT,"CONCRETE,30kg",,6,6
18110412G2100,SUBWEIGHT,"CONCRETE,30kg",- 1차 입고수량 : 54 EA / 2차 입고수량 : 7 EA,6,6
18110412G2100,SUBWEIGHT,"CONCRETE,30kg","
- 1차 입고수량 : 55 EA / 2차 입고수량 : 12 EA",6,6
18110414G9100,SUBWEIGHT,"SS400,30kg","- MATERIAL : SS400, WEIGHT : 30kg/EA
- [BG-90]=810 (35/BG-160/35 -> 40/730/40 로 변경), SW=160, SC=SE=115",6,6
18110824G4300,SUBWEIGHT,"CONCRETE(3.2),30kg,G/S","- SPRAY COLOR : BLACK
- 1차 입고수량 : 31 EA / 2차 입고수량 : 3 EA",6,6
18110412G2100,SUBWEIGHT,"CONCRETE,30kg","
- 1차 입고수량 : 54 EA / 2차 입고수량 : 18 EA",6,6
18110825G3000,SUBWEIGHT,"CONCRETE(5.2),30kg,G/S","- SPRAY COLOR : BLACK
- 1차 입고수량 : 27 EA / 2차 입고수량 : 12 EA",6,6
18110414G9100,SUBWEIGHT,"SS400,30kg","- MATERIAL : SS400, WEIGHT : 30kg/EA
- [BG-90]=920 (35/BG-160/35 -> 40/840/40 로 변경), SW=200, SC=SE=65",6,6
18110412G0900,SUBWEIGHT,"CONCRETE,30kg","
- 1차 입고수량 : 11 EA / 2차 입고수량 : 10 EA",6,6
18110412G1900,SUBWEIGHT,"CONCRETE,30kg","- 입고 장소 : 충주공장 물류창고
- SPRAY COLOR : BLACK",6,6
18110412G2100,SUBWEIGHT,"CONCRETE,30kg","
- 1차 입고수량 : 60 EA / 2차 입고수량 : 5 EA",6,6
18110412G2100,SUBWEIGHT,"CONCRETE,30kg","2026.05.08 부족분 추가(+17ea)
- 1차 입고수량 : 46 EA / 2차 입고수량 : 4 EA",6,6
18110824G3100,SUBWEIGHT,"CONCRETE(3.2),30kg,G/S",- SPRAY COLOR : BLACK,6,6
C181P004282,SUBWEIGHT,28kg,- SPRAY COLOR : BLACK,6,6
18110824G4100,SUBWEIGHT,"CONCRETE(3.2),30kg,G/S","- SPRAY COLOR : BLACK
- 1차 입고수량 : 31 EA / 2차 입고수량 : 12 EA",6,6
18110412G2100,SUBWEIGHT,"CONCRETE,30kg","
- 1차 입고수량 : 45 EA / 2차 입고수량 : 14 EA",6,6
18110414G9100,SUBWEIGHT,"SS400,30kg","- MATERIAL : SS400, WEIGHT : 30kg/EA
- [BG-90]=1100 (35/BG-160/35 -> 55/990/55 로 변경), SW=250, SC=SE=90",5,5
18110825G4100,SUBWEIGHT,"CONCRETE(5.2),40kg,G/S","- SPRAY COLOR : BLACK
- 1차 입고수량 : 55 EA / 2차 입고수량 : 3 EA",5,5
18110413G0900,SUBWEIGHT,"FC,30kg",- 1차 입고수량 : 66 EA / 2차 입고수량 : 10 EA,5,5
18110414G9100,SUBWEIGHT,"SS400,30kg","- MATERIAL : SS400, WEIGHT : 30kg/EA
- [BG-90]=900 (35/BG-160/35 -> 55/790/55 로 변경), SW=200, SC=SE=100",5,5
18110414G9100,SUBWEIGHT,"SS400,30kg","- MATERIAL : SS400, WEIGHT : 30kg/EA
- [BG-90]=715 (35/BG-160/35 -> 40/635/40 로 변경), SW=180, SC=SE=70",5,5
18110414G9100,SUBWEIGHT,"SS400,30kg","- MATERIAL : SS400, WEIGHT : 30kg/EA
- [BG-90]=830 (35/BG-160/35 -> 40/750/40 로 변경), SW=165, SC=SE=70",5,5
18110412G2100,SUBWEIGHT,"CONCRETE,30kg","
- 1차 입고수량 : 35 EA / 2차 입고수량 : 10 EA",5,5
18110414G9100,SUBWEIGHT,"SS400,30kg","- MATERIAL : SS400, WEIGHT : 30kg/EA
- [BG-90]=1165 (35/BG-160/35 -> 65/1035/65 로 변경), SW=220, SC=SE=115",5,5
18110824G4100,SUBWEIGHT,"CONCRETE(3.2),30kg,G/S","- SPRAY COLOR : BLACK
- 1차 입고수량 : 30 EA / 2차 입고수량 : 10 EA",5,5
18110414G9100,SUBWEIGHT,"SS400,30kg","""* 09/17 변경.
- MATERIAL : SS400, WEIGHT : 30kg/EA
- [BG-90]=815 (35/BG-160/35 -> 50/715/50 로 변경), SW=120, SC=SE=105""
",5,5
C18110824G2300,SUBWEIGHT,"CONCRETE(3.2),30kg,G/S",- SPRAY COLOR : BLACK,5,5
18110825G4100,SUBWEIGHT,"CONCRETE(5.2),40kg,G/S","- SPRAY COLOR : BLACK
- 1차 입고수량 : 35 EA / 2차 입고수량 : 3 EA",5,5
18110414G9100,SUBWEIGHT,"SS400,30kg","- MATERIAL : SS400, WEIGHT : 30kg/EA
- [BG-90]=1125 (35/BG-160/35 -> 65/995/65 로 변경), SW=235, SC=SE=160",5,5
18110414G9100,SUBWEIGHT,"SS400,30kg","- MATERIAL : SS400, WEIGHT : 30kg/EA
- [BG-90]=810 (35/BG-160/35 -> 45/720/45 로 변경), SW=170, SC=SE=95",5,5
18110414G9100,SUBWEIGHT,"SS400,30kg","- MATERIAL : SS400, WEIGHT : 30kg/EA
- [BG-90]=1130 (35/BG-160/35 -> 50/1030/50 로 변경), SW=225, SC=SE=170",5,5
18110414G2100,SUBWEIGHT,"SS400,30kg","
- 1차 입고수량 : 107 EA / 2차 입고수량 : 8 EA",5,5
18110414G1500,SUBWEIGHT,"SS400,30kg",- 1차 입고수량 : 48 EA / 2차 입고수량 : 9 EA,5,5
18110824G410A,SUBWEIGHT,"CONCRETE(3.2),30kg","- SPRAY COLOR : BLACK
- 1차 입고수량 : 38 EA / 2차 입고수량 : 13 EA",5,5
18110299G0300,SUBWEIGHT,"FC,25kg/EA",WEIGHT 재고 소진.,5,5
18110414G9100,SUBWEIGHT,"SS400,30kg","- MATERIAL : SS400, WEIGHT : 30kg/EA
- [BG-90]=710 (35/BG-160/35 -> 45/620/45 로 변경), SW=170, SC=SE=70",5,5
C181P003765,SUBWEIGHT,"Q235,17KG,BLACK",- SPRAY COLOR : BLACK,5,5
18110412G2100,SUBWEIGHT,"CONCRETE,30kg","
- 1차 입고수량 : 45 EA / 2차 입고수량 : 9 EA",5,5
C181P004233,SUBWEIGHT,24kg,- SPRAY COLOR : BLACK,5,5
VC003831G9300,SUBWEIGHT,"SS400,20kg",*VC864H01L05 형상대로 60kg 제작바랍니다(개당 20kg 내외로 제작바랍니다).,5,5
18110414G9100,SUBWEIGHT,"SS400,30kg","- MATERIAL : SS400, WEIGHT : 30kg/EA
- [BG-90]=1135 (35/BG-160/35 -> 55/1025/55 로 변경), SW=125, SC=SE=70",5,5
C181P004234,SUBWEIGHT,23kg,- SPRAY COLOR : BLACK,5,5
18110414G9100,SUBWEIGHT,"SS400,30kg","*2026.03.10 추가 수량+6
- [BG-90]=925 (35/BG-160/35 -> 50/825/50 로 변경), SW=170, SC=SE=65 [6EA]
====================================================
- MATERIAL : SS400, WEIGHT : 30kg/EA
- [BG-90]=725 (35/BG-160/35 -> 50/625/50 로 변경), SW=170, SC=SE=65",5,5
18110825G2700,SUBWEIGHT,"CONCRETE(5.2),30kg,G/S","- SPRAY COLOR : BLACK
- 1차 입고수량 : 47 EA / 2차 입고수량 : 8 EA",5,5
18110414G9100,SUBWEIGHT,"SS400,30kg","- MATERIAL : SS400, WEIGHT : 30kg/EA
- [BG-90]=845 (35/BG-160/35 -> 55/735/55 로 변경), SW=170, SC=SE=120",5,5
18110414G9100,SUBWEIGHT,"SS400,30kg","- MATERIAL : SS400, WEIGHT : 30kg/EA
- [BG-90]=1100 (35/BG-160/35 -> 55/990/55 로 변경), SW=240, SC=SE=95",5,5
VC003831G9300,SUBWEIGHT,"SS400,20kg","- MATERIAL : SS400, WEIGHT : 20kg/EA
- [BG-90]=920 (35/BG-160/35 -> 50/820/50 로 변경), SW=170, SC=SE=70
",5,5
C181P004281,SUBWEIGHT,28.5kg,- SPRAY COLOR : BLACK,5,5
VC003831G9300,SUBWEIGHT,"SS400,20kg","- MATERIAL : SS400, WEIGHT : 20kg/EA
- SIZE : 18110412G21 치수 적용
",5,5
18110824G4100,SUBWEIGHT,"CONCRETE(3.2),30kg,G/S","- SPRAY COLOR : BLACK
- 1차 입고수량 : 45 EA / 2차 입고수량 : 10 EA",5,5
18110414G9100,SUBWEIGHT,"SS400,30kg","- MATERIAL : SS400, WEIGHT : 30kg/EA
- [BG-90]=1110 (35/BG-160/35 -> 40/1030/40 로 변경), SW=220, SC=SE=165",5,5
VC003831G9300,SUBWEIGHT,"SS400,20kg","- MATERIAL : SS400, WEIGHT : 20kg/EA
- A=930, [A-70]=820 적용, C=E=90, B=180",5,5
18110412G2100,SUBWEIGHT,"CONCRETE,30kg","
- 1차 입고수량 : 39 EA / 2차 입고수량 : 13 EA",5,5
18110414G2100,SUBWEIGHT,"SS400,30kg","
- 1차 입고수량 : 93 EA / 2차 입고수량 : 7 EA",5,5
18110414G9100,SUBWEIGHT,"SS400,30kg","- MATERIAL : SS400, WEIGHT : 30kg/EA
- [BG-90]=1140 (35/BG-160/35 -> 55/1030/55 로 변경), SW=225, SC=SE=170",5,5
18110825G4300,SUBWEIGHT,"CONCRETE(5.2),40kg,G/S","- SPRAY COLOR : BLACK
- 1차 입고수량 : 49 EA / 2차 입고수량 : 11 EA",5,5
18110349G0300,SUBWEIGHT,"FC,7.25E-6kg/mm^3,40KG/EA",,5,5
18110414G9100,SUBWEIGHT,"SS400,30kg","- MATERIAL : SS400, WEIGHT : 30kg/EA
- [BG-90]=795 (35/BG-160/35 -> 40/715/40 로 변경), SW=165, SC=SE=70",5,5
18110414G9100,SUBWEIGHT,"SS400,30kg","- MATERIAL : SS400, WEIGHT : 30kg/EA
- [BG-90]=1005 (35/BG-160/35 -> 40/925/40 로 변경), SW=220, SC=SE=115",5,5
18110412G2100,SUBWEIGHT,"CONCRETE,30kg","
- 1차 입고수량 : 27 EA / 2차 입고수량 : 5 EA",5,5
18110414G9100,SUBWEIGHT,"SS400,30kg","- MATERIAL : SS400, WEIGHT : 30kg/EA
- [BG-90]= (35/BG-160/35 -> 55/995/55 로 변경), SC=SE=95, SW=250, G=최소 비중 7 맞출것.",5,5
18110298G1100,SUBWEIGHT,"SS400,20kg/EA",,5,5
18110286G1800,SUBWEIGHT,"CONCRETE,3.6E-6kg/mm^3,40KG/EA","
- 1차 입고수량 : 43 EA / 2차 입고수량 : 5 EA",5,5
18110414G9100,SUBWEIGHT,"SS400,30kg","- MATERIAL : SS400, WEIGHT : 30kg/EA
- [BG-90]=835 (35/BG-160/35 -> 55/725/55 로 변경), SW=170, SC=SE=120",4,4
18110824G4100,SUBWEIGHT,"CONCRETE(3.2),30kg,G/S","- SPRAY COLOR : BLACK
- 1차 입고수량 : 35 EA / 2차 입고수량 : 11 EA",4,4
18110825G3100,SUBWEIGHT,"CONCRETE(5.2),30kg,G/S","- SPRAY COLOR : BLACK
- 1차 입고수량 : 49 EA / 2차 입고수량 : 2 EA",4,4
18110414G2100,SUBWEIGHT,"SS400,30kg","
- 1차 입고수량 : 86 EA / 2차 입고수량 : 14 EA",4,4
18110825G3900,SUBWEIGHT,"CONCRETE(5.2),30kg,G/S","- SPRAY COLOR : BLACK
- 1차 입고수량 : 9 EA / 2차 입고수량 : 8 EA",4,4
18110340G0900,SUBWEIGHT,"SHIP,FC15,15kg",,4,4
18110825G4100,SUBWEIGHT,"CONCRETE(5.2),40kg,G/S","- SPRAY COLOR : BLACK
- 1차 입고수량 : 30 EA / 2차 입고수량 : 7 EA",4,4
18110824G410A,SUBWEIGHT,"CONCRETE(3.2),30kg","- SPRAY COLOR : BLACK
- 1차 입고수량 : 50 EA / 2차 입고수량 : 2 EA",4,4
18110412G2100,SUBWEIGHT,"CONCRETE,30kg","
- 1차 입고수량 : 48 EA / 2차 입고수량 : 12 EA",4,4
18110414G9100,SUBWEIGHT,"SS400,30kg","- MATERIAL : SS400, WEIGHT : 30kg/EA
- [BG-90]=910 (35/BG-160/35 -> 40/830/40 로 변경), SW=125, SC=SE=70",4,4
18110824G4100,SUBWEIGHT,"CONCRETE(3.2),30kg,G/S","- SPRAY COLOR : BLACK
- 1차 입고수량 : 40 EA / 2차 입고수량 : 4 EA",4,4
18110412G0900,SUBWEIGHT,"CONCRETE,30kg","
- 1차 입고수량 : 19 EA / 2차 입고수량 : 2 EA",4,4
18110414G9100,SUBWEIGHT,"SS400,30kg","- MATERIAL : SS400, WEIGHT : 30kg/EA
- [BG-90]=890 (35/BG-160/35 -> 55/780/55 로 변경), SW=200, SC=SE=115",4,4
18110412G2100,SUBWEIGHT,"CONCRETE,30kg","
- 1차 입고수량 : 43 EA / 2차 입고수량 : 5 EA",4,4
18110824G410A,SUBWEIGHT,"CONCRETE(3.2),30kg","- SPRAY COLOR : BLACK
- 1차 입고수량 : 33 EA / 2차 입고수량 : 7 EA",4,4
18110414G9100,SUBWEIGHT,"SS400,30kg","- MATERIAL : SS400, WEIGHT : 30kg/EA
- [BG-90]=920 (35/BG-160/35 -> 50/820/50 로 변경), SW=175, SC=SE=80",4,4
18110413G0900,SUBWEIGHT,"FC,30kg","
- 1차 입고수량 : 58 EA / 2차 입고수량 : 10 EA",4,4
18110414G9100,SUBWEIGHT,"SS400,30kg","- MATERIAL : SS400, WEIGHT : 30kg/EA
- [BG-90]=805 (35/BG-160/35 -> 40/725/40 로 변경), SW=150, SC=SE=65",4,4
18110414G9100,SUBWEIGHT,"SS400,30kg","- MATERIAL : SS400, WEIGHT : 30kg/EA
- [BG-90]=1105 (35/BG-160/35 -> 55/995/55 로 변경), SW=180, SC=SE=95",4,4
18110286G4400,SUBWEIGHT (COMPOUND),"CONCRETE,2.6E-6kg/mm^3,40KG/EA",,4,4
18110412G0500,SUBWEIGHT,"CONCRETE,30kg",***2026.04.02 자재번호 변경,4,4
18110412G2100,SUBWEIGHT,"CONCRETE,30kg",- 1차 입고수량 : 36 EA / 2차 입고수량 : 10 EA,4,4
18110411G1100,SUBWEIGHT,"CONCRETE,30kg",26.09.08 추가,4,4
18110359G0100,SUBWEIGHT,"CONCRETE,3.6E-6kg/mm^3,25KG/EA",WEIGHT 재고 소진.,4,4
18110414G9100,SUBWEIGHT,"SS400,30kg","- MATERIAL : SS400, WEIGHT : 30kg/EA
- [BG-90]=925 (35/BG-160/35 -> 65/795/65 로 변경), SW=175, SC=SE=105
- 하기 참조하여 2-D50 HOLES 가공할 것.
  (1) 가로 HOLE 가공 위치 : 212.5/500/212.5
  (2) 세로 HOLE 가공 위치 : 87.5/87.5",4,4
18110414G2100,SUBWEIGHT,"SS400,30kg","
- 1차 입고수량 : 81 EA / 2차 입고수량 : 14 EA",4,4
18110412G2100,SUBWEIGHT,"CONCRETE,30kg","
- 1차 입고수량 : 51 EA / 2차 입고수량 : 13 EA",4,4
C181P004279,SUBWEIGHT,27.5kg,- SPRAY COLOR : BLACK,4,4
18110412G2100,SUBWEIGHT,"CONCRETE,30kg","26.05.08 +8EA 추가

※ 서브웨이트 전용으로 인한 삭제
  211121L01/L13 광주 역세권 청년혁신타운, 서브웨이트",4,4
18110412G0900,SUBWEIGHT,"CONCRETE,30kg","
- 1차 입고수량 : 8 EA / 2차 입고수량 : 1 EA",4,4
C181P004231,SUBWEIGHT,18.5kg,- SPRAY COLOR : BLACK,4,4
18110414G9100,SUBWEIGHT,"SS400,30kg","- MATERIAL : SS400, WEIGHT : 30kg/EA
- [BG-90]=805 (35/BG-160/35 -> 40/725/40 로 변경), SW=240, SC=SE=175",4,4
18110412G2100,SUBWEIGHT,"CONCRETE,30kg","
- 1차 입고수량 : 26 EA / 2차 입고수량 : 5 EA",4,4
18110414G9100,SUBWEIGHT,"SS400,30kg","- MATERIAL : SS400, WEIGHT : 30kg/EA
- [BG-90]=1105 (35/BG-160/35 -> 40/1025/40 로 변경), SW=220, SC=SE=170",4,4
18110825G4100,SUBWEIGHT,"CONCRETE(5.2),40kg,G/S","- SPRAY COLOR : BLACK
- 1차 입고수량 : 57 EA / 2차 입고수량 : 3 EA",4,4
18110414G9100,SUBWEIGHT,"SS400,30kg","- MATERIAL : SS400, WEIGHT : 30kg/EA
- [BG-90]=1140 (35/BG-160/35 -> 55/1030/55 로 변경), SW=225, SC=SE=165",4,4
18110414G2100,SUBWEIGHT,"SS400,30kg",- 1차 입고수량 : 111 EA / 2차 입고수량 : 4 EA,4,4
18110414G2100,SUBWEIGHT,"SS400,30kg","
- 1차 입고수량 : 112 EA / 2차 입고수량 : 15 EA",4,4
18110412G2100,SUBWEIGHT,"CONCRETE,30kg","
- 1차 입고수량 : 57 EA / 2차 입고수량 : 10 EA",4,4
18110411G1200,SUBWEIGHT,"CONCRETE,30kg","
- 1차 입고수량 : 38 EA / 2차 입고수량 : 3 EA",4,4
18110412G0900,SUBWEIGHT,"CONCRETE,30kg","
- 1차 입고수량 : 11 EA / 2차 입고수량 : 3 EA",4,4
18110825G4100,SUBWEIGHT,"CONCRETE(5.2),40kg,G/S","- SPRAY COLOR : BLACK
- 1차 입고수량 : 54 EA / 2차 입고수량 : 10 EA",4,4
VC003831G9300,SUBWEIGHT,"SS400,20kg","- VC000472G02 참조하여 작업하되, A=12 → 13 변경적용할것",4,4
18110414G9100,SUBWEIGHT,"SS400,30kg","*18110414G08 (CWT BG.=1000, SW=150) 형상으로 제작바랍니다.",4,4
18110414G9100,SUBWEIGHT,"SS400,30kg","- MATERIAL : SS400, WEIGHT : 30kg/EA
- [BG-90]=1135 (35/BG-160/35 -> 85/965/85 로 변경), SW=230, SC=SE=150",4,4
18110825G4300,SUBWEIGHT,"CONCRETE(5.2),40kg,G/S","- SPRAY COLOR : BLACK
- 1차 입고수량 : 17 EA / 2차 입고수량 : 10 EA",4,4
18110825G3900,SUBWEIGHT,"CONCRETE(5.2),30kg,G/S","- SPRAY COLOR : BLACK
- 1차 입고수량 : 10 EA / 2차 입고수량 : 8 EA",4,4
18110825G4100,SUBWEIGHT,"CONCRETE(5.2),40kg,G/S","- SPRAY COLOR : BLACK
- 1차 입고수량 : 57 EA / 2차 입고수량 : 8 EA",4,4
VC003831G9300,SUBWEIGHT,"SS400,20kg","MATERIAL : SS400, WEIGHT : 20kg/EA, [제작수량: 2 EA]
- 18100165H02 형상으로 제작할 것
- A=1010, B=150, C=70, E=60  ",4,4
18110414G9100,SUBWEIGHT,"SS400,30kg","- MATERIAL : SS400, WEIGHT : 30kg/EA
- [BG-90]=825 (35/BG-160/35 -> 50/725/50 로 변경), SW=170, SC=SE=125",4,4
18110825G4100,SUBWEIGHT,"CONCRETE(5.2),40kg,G/S","- SPRAY COLOR : BLACK
- 1차 입고수량 : 48 EA / 2차 입고수량 : 9 EA",4,4
18110825G4100,SUBWEIGHT,"CONCRETE(5.2),40kg,G/S","- SPRAY COLOR : BLACK
- 1차 입고수량 : 43 EA / 2차 입고수량 : 9 EA",4,4
18110412G2100,SUBWEIGHT,"CONCRETE,30kg","
- 1차 입고수량 : 41 EA / 2차 입고수량 : 10 EA",4,4
18110854G0200,SUBWEIGHT,"SS400(7.85),34.2kg",,4,4
18110412G1800,SUBWEIGHT,"CONCRETE,30kg","
- 1차 입고수량 : 42 EA / 2차 입고수량 : 15 EA",4,4
18110414G9100,SUBWEIGHT,"SS400,30kg","- MATERIAL : SS400, WEIGHT : 30kg/EA
- [BG-90]=1140 (35/BG-160/35 -> 55/1030/55 로 변경), SW=220, SC=SE=160",4,4
18110414G9100,SUBWEIGHT,"SS400,30kg","- MATERIAL : SS400, WEIGHT : 30kg/EA
- [BG-90]=925 (35/BG-160/35 -> 52.5/820/52.5 로 변경), SW=170, SC=SE=70",4,4
18110825G3100,SUBWEIGHT,"CONCRETE(5.2),30kg,G/S","- SPRAY COLOR : BLACK
- 1차 입고수량 : 39 EA / 2차 입고수량 : 9 EA",4,4
18110412G2100,SUBWEIGHT,"CONCRETE,30kg","
- 1차 입고수량 : 41 EA / 2차 입고수량 : 12 EA",4,4
18110412G2100,SUBWEIGHT,"CONCRETE,30kg","
- 1차 입고수량 : 42 EA / 2차 입고수량 : 10 EA",4,4
18110414G9100,SUBWEIGHT,"SS400,30kg","- MATERIAL : SS400, WEIGHT : 30kg/EA
- [BG-90]=915 (35/BG-160/35 -> 50/815/50 로 변경), SW=170, SC=SE=65",4,4
18110825G3100,SUBWEIGHT,"CONCRETE(5.2),30kg,G/S","- SPRAY COLOR : BLACK
- 1차 입고수량 : 38 EA / 2차 입고수량 : 10 EA",4,4
VC003831G9300,SUBWEIGHT,"SS400,20kg","- MATERIAL : SS400, WEIGHT : 20kg/EA
- A=955, A-70=815 적용, C=E=140, B=250 
",4,4
18110825G3000,SUBWEIGHT,"CONCRETE(5.2),30kg,G/S","- SPRAY COLOR : BLACK
- 1차 입고수량 : 43 EA / 2차 입고수량 : 9 EA",4,4
18100374G0500,SUBWEIGHT,"FC, 7.0x10^-6, 25kg","
- CAR 추가 의장 무게: 0 KG",4,4
18110412G0800,SUBWEIGHT,"CONCRETE,30kg","
- 1차 입고수량 : 17 EA / 2차 입고수량 : 5 EA",4,4
18110414G1700,SUBWEIGHT,"SS400,30kg","
- 1차 입고수량 : 48 EA / 2차 입고수량 : 9 EA",4,4
18110414G0900,SUBWEIGHT,"SS400,30kg","
- 1차 입고수량 : 36 EA / 2차 입고수량 : 12 EA",4,4
18110825G4100,SUBWEIGHT,"CONCRETE(5.2),40kg,G/S","- SPRAY COLOR : BLACK
- 1차 입고수량 : 56 EA / 2차 입고수량 : 8 EA",4,4
18110414G9100,SUBWEIGHT,"SS400,30kg","- MATERIAL : SS400, WEIGHT : 30kg/EA
- [BG-90]=1135 (35/BG-160/35 -> 50/1035/50 로 변경), SW=220, SC=SE=170",4,4
18100371G0100,SUBWEIGHT,"CONCRETE, 3.0x10^-6, 25kg","
- CAR 추가 의장 무게: 0 KG",4,4
18110414G9100,SUBWEIGHT,"SS400,30kg","- MATERIAL : SS400, WEIGHT : 30kg/EA
- [BG-90]=860 (35/BG-160/35 -> 50/760/50 로 변경), SW=170, SC=SE=115",4,4
18110414G9100,SUBWEIGHT,"SS400,30kg","- MATERIAL : SS400, WEIGHT : 30kg/EA
- [BG-90]=845 (35/BG-160/35 -> 40/765/40 로 변경), SW=150, SC=SE=70",4,4
18110414G9100,SUBWEIGHT,"SS400,30kg","- MATERIAL : SS400, WEIGHT : 30kg/EA
- [BG-90]=720 (35/BG-160/35 -> 50/620/50 로 변경), SW=140, SC=SE=65",4,4
18110414G2100,SUBWEIGHT,"SS400,30kg","
- 1차 입고수량 : 88 EA / 2차 입고수량 : 11 EA",4,4
18110414G9100,SUBWEIGHT,"SS400,30kg","- MATERIAL : SS400, WEIGHT : 30kg/EA
- [BG-90]=925 (35/BG-160/35 -> 52.5/820/52.5 로 변경), SW=180, SC=SE=80",4,4
18110412G2100,SUBWEIGHT,"CONCRETE,30kg","	26.05.08 + 8EA 추가
- 1차 입고수량 : 35 EA / 2차 입고수량 : 7 EA",4,4
18110412G1500,SUBWEIGHT,"CONCRETE,30kg","- SPRAY COLOR : BLACK
- 1차 입고수량 : 8 EA / 2차 입고수량 : 8 EA",4,4
18110824G4100,SUBWEIGHT,"CONCRETE(3.2),30kg,G/S","- SPRAY COLOR : BLACK
- 1차 입고수량 : 36 EA / 2차 입고수량 : 3 EA",4,4
18110414G9100,SUBWEIGHT,"SS400,30kg","- MATERIAL : SS400, WEIGHT : 30kg/EA
- [BG-90]=1135 (35/BG-160/35 -> 50/1035/50 로 변경), SW=230, SC=SE=170",4,4
18110414G9100,SUBWEIGHT,"SS400,30kg","- MATERIAL : SS400, WEIGHT : 30kg/EA
- [BG-90]=1130 (35/BG-160/35 -> 50/1030/50 로 변경), SW=220, SC=SE=175",4,4
18110412G2100,SUBWEIGHT,"CONCRETE,30kg","
- 1차 입고수량 : 36 EA / 2차 입고수량 : 13 EA",4,4
18110351G0100,SUBWEIGHT,"TYPE=SS400,30KG",,3,3
18110414G9100,SUBWEIGHT,"SS400,30kg","- MATERIAL : SS400, WEIGHT : 30kg/EA
- [BG-90]=925 (35/BG-160/35 -> 50/825/50 로 변경), SW=125, SC=SE=70",3,3
18110414G9100,SUBWEIGHT,"SS400,30kg","- MATERIAL : SS400, WEIGHT : 30kg/EA
- [BG-90]=825 (35/BG-160/35 -> 50/725/50 로 변경), SW=175, SC=SE=120",3,3
18110414G9100,SUBWEIGHT,"SS400,30kg","- MATERIAL : SS400, WEIGHT : 30kg/EA
- [BG-90]=895 (35/BG-160/35 -> 40/815/40 로 변경), SW=170, SC=SE=70",3,3
18110414G9100,SUBWEIGHT,"SS400,30kg","- MATERIAL : SS400, WEIGHT : 30kg/EA
- [BG-90]=1145 (35/BG-160/35 -> 55/1035/55 로 변경), SW=220, SC=SE=170",3,3
18110824G380A,SUBWEIGHT,"CONCRETE(3.2),30kg",- SPRAY COLOR : BLACK,3,3
18110412G2100,SUBWEIGHT,"CONCRETE,30kg","
- 1차 입고수량 : 58 EA / 2차 입고수량 : 12 EA",3,3
18110412G2100,SUBWEIGHT,"CONCRETE,30kg","
- 1차 입고수량 : 52 EA / 2차 입고수량 : 14 EA",3,3
18110414G9100,SUBWEIGHT,"SS400,30kg","- MATERIAL : SS400, WEIGHT : 30kg/EA
- [BG-90]=805 (35/BG-160/35 -> 45/715/45 로 변경), SW=170, SC=SE=95",3,3
VC003831G9300,SUBWEIGHT,"SS400,20kg","- A=1100, 도면상 35->70, [A-70]=960, C=E=160, B=240",3,3
18110824G410A,SUBWEIGHT,"CONCRETE(3.2),30kg","- SPRAY COLOR : BLACK
- 1차 입고수량 : 26 EA / 2차 입고수량 : 14 EA",3,3
18110412G0900,SUBWEIGHT,"CONCRETE,30kg","
- 1차 입고수량 : 2 EA / 2차 입고수량 : 2 EA",3,3
18110414G9100,SUBWEIGHT,"SS400,30kg","- MATERIAL : SS400, WEIGHT : 30kg/EA
- [BG-90]=1110 (35/BG-160/35 -> 40/1030/40 로 변경), SW=220, SC=SE=170",3,3
18110414G9100,SUBWEIGHT,"SS400,30kg","- MATERIAL : SS400, WEIGHT : 30kg/EA
- [BG-90]=710 (35/BG-160/35 -> 40/630/40 로 변경), SW=170, SC=SE=70",3,3
18110414G1700,SUBWEIGHT,"SS400,30kg","
- 1차 입고수량 : 34 EA / 2차 입고수량 : 9 EA",3,3
18110412G1400,SUBWEIGHT,"CONCRETE,30kg","
- 1차 입고수량 : 44 EA / 2차 입고수량 : 10 EA",3,3
18110286G4800,SUBWEIGHT,"CONCRETE,3.0E-6kg/mm^3,40KG/EA","
- 1차 입고수량 : 31 EA / 2차 입고수량 : 5 EA",3,3
18110824G4300,SUBWEIGHT,"CONCRETE(3.2),30kg,G/S","- SPRAY COLOR : BLACK
- 1차 입고수량 : 36 EA / 2차 입고수량 : 3 EA",3,3
18110414G9100,SUBWEIGHT,"SS400,30kg","- MATERIAL : SS400, WEIGHT : 30kg/EA
- [BG-90]=1105 (35/BG-160/35 -> 40/1025/40 로 변경), SW=130, SC=SE=65",3,3
18110414G9100,SUBWEIGHT,"SS400,30kg","- MATERIAL : SS400, WEIGHT : 30kg/EA
- [BG-90]=1080 (35/BG-160/35 -> 45/990/45 로 변경), SW=250, SC=SE=95",3,3
18110825G3800,SUBWEIGHT,"CONCRETE(5.2),30kg,G/S",- SPRAY COLOR : BLACK,3,3
18110414G9100,SUBWEIGHT,"SS400,30kg","- MATERIAL : SS400, WEIGHT : 30kg/EA
- [BG-90]=915 (35/BG-160/35 -> 45/825/45 로 변경), SW=160, SC=SE=90",3,3
18110412G2100,SUBWEIGHT,"CONCRETE,30kg","2026-05-08
1) 18EA 추가",3,3
18110414G9100,SUBWEIGHT,"SS400,30kg","- MATERIAL : SS400, WEIGHT : 30kg/EA
- [BG-90]=915 (35/BG-160/35 -> 50/815/50 로 변경), SW=185, SC=SE=80",3,3
18110414G9100,SUBWEIGHT,"SS400,30kg","- MATERIAL : SS400, WEIGHT : 30kg/EA
- [BG-90]=825 (35/BG-160/35 -> 40/745/40 로 변경), SW=170, SC=SE=125",3,3
18110412G2100,SUBWEIGHT,"CONCRETE,30kg",- SPRAY COLOR : BLACK,3,3
18110824G410A,SUBWEIGHT,"CONCRETE(3.2),30kg","- SPRAY COLOR : BLACK
- 1차 입고수량 : 28 EA / 2차 입고수량 : 10 EA",3,3
18110414G9100,SUBWEIGHT,"SS400,30kg","- MATERIAL : SS400, WEIGHT : 30kg/EA
- [BG-90]=925 (35/BG-160/35 -> 50/825/50 로 변경), SW=200, SC=SE=70",3,3
18110286G0900,SUBWEIGHT,"CONCRETE,4.6E-6kg/mm^3,40KG/EA",※ 대체 서브웨이트 추가(첨부메일 참고),3,3
18110825G3100,SUBWEIGHT,"CONCRETE(5.2),30kg,G/S","- SPRAY COLOR : BLACK
- 1차 입고수량 : 52 EA / 2차 입고수량 : 2 EA",3,3
18110299G0300,SUBWEIGHT,"FC,25kg/EA",,3,3
18110412G2100,SUBWEIGHT,"CONCRETE,30kg","
- 1차 입고수량 : 57 EA / 2차 입고수량 : 11 EA",3,3
18110412G2100,SUBWEIGHT,"CONCRETE,30kg",※ 18110286G0900로 대체 (현진아 매니저님 요청),3,3
18110413G0100,SUBWEIGHT,"FC,30kg",,3,3
18110825G3100,SUBWEIGHT,"CONCRETE(5.2),30kg,G/S","- SPRAY COLOR : BLACK
- 1차 입고수량 : 42 EA / 2차 입고수량 : 9 EA",3,3
18110286G1800,SUBWEIGHT,"CONCRETE,3.6E-6kg/mm^3,40KG/EA",,3,3
18110414G9100,SUBWEIGHT,"SS400,30kg","- MATERIAL : SS400, WEIGHT : 30kg/EA
- [BG-90]=1125 (35/BG-160/35 -> 55/1015/55 로 변경), SW=180, SC=SE=115",3,3
18110414G9100,SUBWEIGHT,"SS400,30kg","- MATERIAL : SS400, WEIGHT : 30kg/EA
- [BG-90]=1100 (35/BG-160/35 -> 55/990/55 로 변경), SW=245, SC=SE=90",3,3
18110412G1800,SUBWEIGHT,"CONCRETE,30kg","
- 1차 입고수량 : 32 EA / 2차 입고수량 : 12 EA",3,3
18110414G9100,SUBWEIGHT,"SS400,30kg","- MATERIAL : SS400, WEIGHT : 30kg/EA
- [BG-90]=1130 (35/BG-160/35 -> 50/1030/50 로 변경), SW=225, SC=SE=165",3,3
C181P004236,SUBWEIGHT,29.5kg,- SPRAY COLOR : BLACK,3,3
18110824G4100,SUBWEIGHT,"CONCRETE(3.2),30kg,G/S","- SPRAY COLOR : BLACK
- 1차 입고수량 : 37 EA / 2차 입고수량 : 4 EA",3,3
18110412G2100,SUBWEIGHT,"CONCRETE,30kg","
- 1차 입고수량 : 39 EA / 2차 입고수량 : 12 EA",3,3
18110825G3100,SUBWEIGHT,"CONCRETE(5.2),30kg,G/S","- SPRAY COLOR : BLACK
- 1차 입고수량 : 25 EA / 2차 입고수량 : 2 EA",3,3
18110412G0800,SUBWEIGHT,"CONCRETE,30kg","
- 1차 입고수량 : 13 EA / 2차 입고수량 : 10 EA",3,3
18110412G1800,SUBWEIGHT,"CONCRETE,30kg","
- 1차 입고수량 : 53 EA / 2차 입고수량 : 5 EA",3,3
18110412G2100,SUBWEIGHT,"CONCRETE,30kg","
- 1차 입고수량 : 48 EA / 2차 입고수량 : 6 EA",3,3
18110414G9100,SUBWEIGHT,"SS400,30kg","- MATERIAL : SS400, WEIGHT : 30kg/EA
- [BG-90]=1160 (35/BG-160/35 -> 65/1030/65 로 변경), SW=215, SC=SE=115",3,3
18110414G2100,SUBWEIGHT,"SS400,30kg","
- 1차 입고수량 : 84 EA / 2차 입고수량 : 10 EA",3,3
18110414G9100,SUBWEIGHT,"SS400,30kg","- MATERIAL : SS400, WEIGHT : 30kg/EA
- [BG-90]=1140 (35/BG-160/35 -> 55/1030/55 로 변경), SW=220, SC=SE=70",3,3
18110414G9100,SUBWEIGHT,"SS400,30kg","- MATERIAL : SS400, WEIGHT : 30kg/EA
- [BG-90]=1145 (35/BG-160/35 -> 40/1065/40 로 변경), SW=125, SC=SE=70",3,3
18110412G0900,SUBWEIGHT,"CONCRETE,30kg","
- 1차 입고수량 : 5 EA / 2차 입고수량 : 9 EA",3,3
18110414G9100,SUBWEIGHT,"SS400,30kg","- MATERIAL : SS400, WEIGHT : 30kg/EA
- [BG-90]=890 (35/BG-160/35 -> 35/820/35 로 변경), SW=170, SC=SE=65",3,3
18110286G0900,SUBWEIGHT,"CONCRETE,4.6E-6kg/mm^3,40KG/EA",,3,3
18110349G0700,SUBWEIGHT,"    FC,7.25E-6kg/mm^3,40KG/EA",,3,3
18110414G9100,SUBWEIGHT,"SS400,30kg","- MATERIAL : SS400, WEIGHT : 30kg/EA
- [BG-90]=920 (35/BG-160/35 -> 65/790/65 로 변경), SW=200, SC=SE=80",3,3
18110825G4100,SUBWEIGHT,"CONCRETE(5.2),40kg,G/S","- SPRAY COLOR : BLACK
- 1차 입고수량 : 33 EA / 2차 입고수량 : 2 EA",3,3
18110825G4100,SUBWEIGHT,"CONCRETE(5.2),40kg,G/S","- SPRAY COLOR : BLACK
- 1차 입고수량 : 54 EA / 2차 입고수량 : 7 EA",3,3
18110414G9100,SUBWEIGHT,"SS400,30kg","- MATERIAL : SS400, WEIGHT : 30kg/EA
- [BG-90]=1110 (35/BG-160/35 -> 40/1030/40 로 변경), SW=130, SC=SE=70",3,3
18110359G0100,SUBWEIGHT,"CONCRETE,3.6E-6kg/mm^3,25KG/EA",,3,3
18110414G9100,SUBWEIGHT,"SS400,30kg","- MATERIAL : SS400, WEIGHT : 30kg/EA
- [BG-90]=620 (35/BG-160/35 -> 30/560/30 로 변경), SW=170, SC=SE=60",3,3
18110414G9100,SUBWEIGHT,"SS400,30kg","- MATERIAL : SS400, WEIGHT : 30kg/EA
- [BG-90]=825 (35/BG-160/35 -> 50/725/50 로 변경), SW=250, SC=SE=175",3,3
18110414G9100,SUBWEIGHT,"SS400,30kg","- MATERIAL : SS400, WEIGHT : 30kg/EA
- [BG-90]=710 (35/BG-160/35 -> 40/630/40 로 변경), SW=170, SC=SE=55",3,3
18110825G4300,SUBWEIGHT,"CONCRETE(5.2),40kg,G/S","- SPRAY COLOR : BLACK
- 1차 입고수량 : 19 EA / 2차 입고수량 : 7 EA",3,3
18110414G9100,SUBWEIGHT,"SS400,30kg","- MATERIAL : SS400, WEIGHT : 30kg/EA
- [BG-90]=1110 (35/BG-160/35 -> 42.5/1025/42.5 로 변경), SW=220, SC=SE=170",3,3
18110414G9100,SUBWEIGHT,"SS400,30kg","- MATERIAL : SS400, WEIGHT : 30kg/EA
- [BG-90]= 1120(35/BG-160/35 -> 65/990/65 로 변경), SC=SE=160, SW=220, G= 비중 7에 맞추어 제작",3,3
18110414G9100,SUBWEIGHT,"SS400,30kg","- MATERIAL : SS400, WEIGHT : 30kg/EA
- [BG-90]=1080 (35/BG-160/35 -> 45/990/45 로 변경), SW=250, SC=SE=90",3,3
18110825G3100,SUBWEIGHT,"CONCRETE(5.2),30kg,G/S","- SPRAY COLOR : BLACK
- 1차 입고수량 : 28 EA / 2차 입고수량 : 11 EA",3,3
18110414G9100,SUBWEIGHT,"SS400,30kg","- MATERIAL : SS400, WEIGHT : 30kg/EA
- [BG-90]=810 (35/BG-160/35 -> 57.5/695/57.5 로 변경), SW=185, SC=SE=115",3,3
18110414G9100,SUBWEIGHT,"SS400,30kg","- MATERIAL : SS400, WEIGHT : 30kg/EA
- [BG-90]=795 (35/BG-160/35 -> 45/705/45 로 변경), SW=170, SC=SE=95",3,3
18110825G3100,SUBWEIGHT,"CONCRETE(5.2),30kg,G/S","- SPRAY COLOR : BLACK
- 1차 입고수량 : 22 EA / 2차 입고수량 : 11 EA",3,3
18110412G0500,SUBWEIGHT,"CONCRETE,30kg",2026.03.09 Plan C Weight 류 변경 건.,3,3
18110414G1700,SUBWEIGHT,"SS400,30kg",- 1차 입고수량 : 107 EA / 2차 입고수량 : 3 EA,3,3
18110825G3000,SUBWEIGHT,"CONCRETE(5.2),30kg,G/S","- SPRAY COLOR : BLACK
2차 입고수량 : 9 EA",3,3
18110414G9100,SUBWEIGHT,"SS400,30kg","- MATERIAL : SS400, WEIGHT : 30kg/EA
- [BG-90]=925 (35/BG-160/35 -> 50/825/50 로 변경), SW=185, SC=SE=85",3,3
18110414G9100,SUBWEIGHT,"SS400,30kg","- MATERIAL : SS400, WEIGHT : 30kg/EA
- [BG-90]=925 (35/BG-160/35 -> 65/795/65 로 변경), SW=175, SC=SE=100",3,3
18110414G9100,SUBWEIGHT,"SS400,30kg","- MATERIAL : SS400, WEIGHT : 30kg/EA
- [BG-90]=705 (35/BG-160/35 -> 40/625/40 로 변경), SW=175, SC=SE=70",3,3
18110414G1900,SUBWEIGHT,"SS400,30kg",,3,3
18110414G9100,SUBWEIGHT,"SS400,30kg","- MATERIAL : SS400, WEIGHT : 30kg/EA
- [BG-90]=835 (35/BG-160/35 -> 55/725/55 로 변경), SW=175, SC=SE=120",3,3
18110414G9100,SUBWEIGHT,"SS400,30kg","- MATERIAL : SS400, WEIGHT : 30kg/EA
- [BG-90]=830 (35/BG-160/35 -> 50/730/50 로 변경), SW=250, SC=SE=165",3,3
18110286G4000,SUBWEIGHT (COMPOUND),"CONCRETE,2.1E-6kg/mm^3,40KG/EA",,3,3
18110414G9100,SUBWEIGHT,"SS400,30kg","- MATERIAL : SS400, WEIGHT : 30kg/EA
- [BG-90]= 820(35/BG-160/35 -> 50/720/50 로 변경), SC=SE=65, SW=180, G=비중 7 맞추어 제작할 것.",3,3
18110414G9100,SUBWEIGHT,"SS400,30kg","- MATERIAL : SS400, WEIGHT : 30kg/EA
- [BG-90]=900 (35/BG-160/35 -> 40/820/40 로 변경), SW=150, SC=SE=65",3,3
18110414G9100,SUBWEIGHT,"SS400,30kg","- MATERIAL : SS400, WEIGHT : 30kg/EA
- [BG-90]=810 (35/BG-160/35 -> 45/720/45 로 변경), SW=170, SC=SE=90",3,3
18110414G9100,SUBWEIGHT,"SS400,30kg","- MATERIAL : SS400, WEIGHT : 30kg/EA
- [BG-90]=1120 (35/BG-160/35 -> 45/1030/45 로 변경), SW=220, SC=SE=170",3,3
18110414G9100,SUBWEIGHT,"SS400,30kg","- MATERIAL : SS400, WEIGHT : 30kg/EA
- [BG-90]=820 (35/BG-160/35 -> 55/710/55 로 변경), SW=170, SC=SE=90",3,3
18110414G9100,SUBWEIGHT,"SS400,30kg","- MATERIAL : SS400, WEIGHT : 30kg/EA
- [BG-90]=830 (35/BG-160/35 -> 50/730/50 로 변경), SW=250, SC=SE=160",3,3
18110413G0900,SUBWEIGHT,"FC,30kg","
- 1차 입고수량 : 68 EA / 2차 입고수량 : 9 EA",3,3
18110414G9100,SUBWEIGHT,"SS400,30kg","- MATERIAL : SS400, WEIGHT : 30kg/EA
- [BG-90]=595 (35/BG-160/35 -> 55/485/55 로 변경), SW=255, SC=SE=90",3,3
18110414G9100,SUBWEIGHT,"SS400,30kg","- MATERIAL : SS400, WEIGHT : 30kg/EA
- [BG-90]=1120 (35/BG-160/35 -> 45/1030/45 로 변경), SW=130, SC=SE=70",3,3
18110825G2700,SUBWEIGHT,"CONCRETE(5.2),30kg,G/S","- SPRAY COLOR : BLACK
- 1차 입고수량 : 34 EA / 2차 입고수량 : 8 EA",3,3
C181P004257,SUBWEIGHT,30kg,- SPRAY COLOR : BLACK,3,3
18110412G2100,SUBWEIGHT,"CONCRETE,30kg","
- 1차 입고수량 : 37 EA / 2차 입고수량 : 9 EA",3,3
18110414G2100,SUBWEIGHT,"SS400,30kg","
- 1차 입고수량 : 110 EA / 2차 입고수량 : 15 EA",3,3
18110825G3100,SUBWEIGHT,"CONCRETE(5.2),30kg,G/S","- SPRAY COLOR : BLACK
- 1차 입고수량 : 10 EA / 2차 입고수량 : 11 EA",3,3
18110414G9100,SUBWEIGHT,"SS400,30kg","- MATERIAL : SS400, WEIGHT : 30kg/EA
- [BG-90]=910 (35/BG-160/35 -> 65/780/65 로 변경), SW=220, SC=SE=115",3,3
18110414G9100,SUBWEIGHT,"SS400,30kg","- MATERIAL : SS400, WEIGHT : 30kg/EA
- [BG-90]=905 (35/BG-160/35 -> 40/825/40 로 변경), SW=185, SC=SE=80",3,3
18110414G9100,SUBWEIGHT,"SS400,30kg","- MATERIAL : SS400, WEIGHT : 30kg/EA
- [BG-90]=960 (35/BG-160/35 -> 50/860/50 로 변경), SW=255, SC=SE=120",3,3
18110825G3100,SUBWEIGHT,"CONCRETE(5.2),30kg,G/S","- SPRAY COLOR : BLACK
- 1차 입고수량 : 32 EA / 2차 입고수량 : 10 EA",3,3
18110414G9100,SUBWEIGHT,"SS400,30kg","- MATERIAL : SS400, WEIGHT : 30kg/EA
- [BG-90]=825 (35/BG-160/35 -> 45/735/45 로 변경), SW=170, SC=SE=125",3,3
18110414G9100,SUBWEIGHT,"SS400,30kg","- MATERIAL : SS400, WEIGHT : 30kg/EA
- [BG-90]=920 (35/BG-160/35 -> 50/820/50 로 변경), SW=175, SC=SE=70",3,3
18110414G1700,SUBWEIGHT,"SS400,30kg","
- 1차 입고수량 : 63 EA / 2차 입고수량 : 8 EA",3,3
18110412G2100,SUBWEIGHT,"CONCRETE,30kg","
- 1차 입고수량 : 54 EA / 2차 입고수량 : 10 EA",3,3
18110414G9100,SUBWEIGHT,"SS400,30kg","- MATERIAL : SS400, WEIGHT : 30kg/EA
- [BG-90]=830 (35/BG-160/35 -> 40/750/40 로 변경), SW=170, SC=SE=125",3,3
18110412G2100,SUBWEIGHT,"CONCRETE,30kg",2026.05.08 부족분 추가(+24ea),3,3
18110412G1800,SUBWEIGHT,"CONCRETE,30kg","
- 1차 입고수량 : 50 EA / 2차 입고수량 : 5 EA",3,3
18110414G2100,SUBWEIGHT,"SS400,30kg","
- 1차 입고수량 : 102 EA / 2차 입고수량 : 12 EA",3,3
18110414G1700,SUBWEIGHT,"SS400,30kg","
- 1차 입고수량 : 68 EA / 2차 입고수량 : 3 EA",3,3
18110412G0900,SUBWEIGHT,"CONCRETE,30kg","
- 1차 입고수량 : 23 EA / 2차 입고수량 : 5 EA",3,3
18110414G9100,SUBWEIGHT,"SS400,30kg","- MATERIAL : SS400, WEIGHT : 30kg/EA
- [BG-90]=905 (35/BG-160/35 -> 65/775/65 로 변경), SW=200, SC=SE=115",3,3
18110414G9100,SUBWEIGHT,"SS400,30kg","- MATERIAL : SS400, WEIGHT : 30kg/EA
- [BG-90]=1115 (35/BG-160/35 -> 45/1025/45 로 변경), SW=120, SC=SE=65",3,3
18110414G9100,SUBWEIGHT,"SS400,30kg","- MATERIAL : SS400, WEIGHT : 30kg/EA
- [BG-90]=860 (35/BG-160/35 -> 65/730/65 로 변경), SW=205, SC=SE=115",3,3
18110412G1800,SUBWEIGHT,"CONCRETE,30kg","
- 1차 입고수량 : 42 EA / 2차 입고수량 : 5 EA",3,3
18110414G9100,SUBWEIGHT,"SS400,30kg","- MATERIAL : SS400, WEIGHT : 30kg/EA
- [BG-90]=655 (35/BG-160/35 -> 60/535/60 로 변경), SW=180, SC=SE=115",3,3
18110414G2100,SUBWEIGHT,"SS400,30kg","
- 1차 입고수량 : 83 EA / 2차 입고수량 : 14 EA",3,3
18110414G2100,SUBWEIGHT,"SS400,30kg","
- 1차 입고수량 : 96 EA / 2차 입고수량 : 15 EA",3,3
18110414G9100,SUBWEIGHT,"SS400,30kg","- MATERIAL : SS400, WEIGHT : 30kg/EA
- [BG-90]=915 (35/BG-160/35 -> 45/825/45 로 변경), SW=125, SC=SE=65",3,3
18110414G2100,SUBWEIGHT,"SS400,30kg","
- 1차 입고수량 : 103 EA / 2차 입고수량 : 15 EA",3,3
18110827G0200,SUBWEIGHT,"직상부 MRL,SS400,23.9KG",,2,2
18110742G0400,SUBWEIGHT,"평택미군부대, SS275",,2,2
18110414G9100,SUBWEIGHT,"SS400,30kg","- MATERIAL : SS400, WEIGHT : 30kg/EA
- [BG-90]=895 (35/BG-160/35 -> 45/805/45 로 변경), SW=160, SC=SE=95",2,2
18110414G9100,SUBWEIGHT,"SS400,30kg","- MATERIAL : SS400, WEIGHT : 30kg/EA
- [BG-90]=685 (35/BG-160/35 -> 40/605/40 로 변경), SW=105, SC=SE=65",2,2
18110412G1800,SUBWEIGHT,"CONCRETE,30kg","
- 1차 입고수량 : 45 EA / 2차 입고수량 : 7 EA",2,2
18110413G0900,SUBWEIGHT,"FC,30kg","
- 1차 입고수량 : 13 EA / 2차 입고수량 : 14 EA",2,2
18110414G1700,SUBWEIGHT,"SS400,30kg",26.04.10 구매팀 요청으로 자재번호 변경,2,2
18110414G9100,SUBWEIGHT,"SS400,30kg","- MATERIAL : SS400, WEIGHT : 30kg/EA
- [BG-90]=890 (35/BG-160/35 -> 35/820/35 로 변경), SW=170, SC=SE=70",2,2
18110414G2100,SUBWEIGHT,"SS400,30kg","
- 1차 입고수량 : 101 EA / 2차 입고수량 : 8 EA",2,2
18110825G4300,SUBWEIGHT,"CONCRETE(5.2),40kg,G/S","- SPRAY COLOR : BLACK
- 1차 입고수량 : 18 EA / 2차 입고수량 : 11 EA",2,2
18110414G9100,SUBWEIGHT,"SS400,30kg","- MATERIAL : SS400, WEIGHT : 30kg/EA
- [BG-90]=920 (35/BG-160/35 -> 65/790/65 로 변경), SW=200, SC=SE=105",2,2
18110411G1200,SUBWEIGHT,"CONCRETE,30kg","26.04.10 구매팀 요청으로 자재번호 변경
- 1차 입고수량 : 36 EA / 2차 입고수량 : 7 EA",2,2
18110412G0900,SUBWEIGHT,"CONCRETE,30kg","
- 1차 입고수량 : 1 EA / 2차 입고수량 : 10 EA",2,2
18110825G3600,SUBWEIGHT,"CONCRETE(5.2),30kg,G/S","- SPRAY COLOR : BLACK
- 1차 입고수량 : 66 EA / 2차 입고수량 : 12 EA",2,2
18110414G9100,SUBWEIGHT,"SS400,30kg","- MATERIAL : SS400, WEIGHT : 30kg/EA
- [BG-90]=1130 (35/BG-160/35 -> 55/1020/55 로 변경), SW=210, SC=SE=90",2,2
18110825G3000,SUBWEIGHT,"CONCRETE(5.2),30kg,G/S","- SPRAY COLOR : BLACK
- 1차 입고수량 : 13 EA
- 2026.06.04 변경.",2,2
18110411G1200,SUBWEIGHT,"CONCRETE,30kg","
- 1차 입고수량 : 32 EA / 2차 입고수량 : 3 EA",2,2
18110286G0600,SUBWEIGHT,"CONCRETE,4.0E-6kg/mm^3,40KG/EA",※ 대체 서브웨이트 추가(첨부메일 참고),2,2
VC003831G9300,SUBWEIGHT,"SS400,20kg",VC864H01형상으로 제작바랍니다.,2,2
C181P004232,SUBWEIGHT,21kg,- SPRAY COLOR : BLACK,2,2
18110412G1800,SUBWEIGHT,"CONCRETE,30kg","
- 1차 입고수량 : 43 EA / 2차 입고수량 : 8 EA",2,2
18110414G9100,SUBWEIGHT,"SS400,30kg","- MATERIAL : SS400, WEIGHT : 30kg/EA
- [BG-90]=825 (35/BG-160/35 -> 65/695/65 로 변경), SW=175, SC=SE=100",2,2
18110414G9100,SUBWEIGHT,"SS400,30kg","- MATERIAL : SS400, WEIGHT : 30kg/EA
- [BG-90]=915 (35/BG-160/35 -> 55/805/55 로 변경), SW=220, SC=SE=95",2,2
18110414G9100,SUBWEIGHT,"SS400,30kg","- MATERIAL : SS400, WEIGHT : 30kg/EA
- [BG-90]=925 (35/BG-160/35 -> 65/795/65 로 변경), SW=200, SC=SE=105",2,2
18110413G0900,SUBWEIGHT,"FC,30kg",- 1차 입고수량 : 79 EA / 2차 입고수량 : 3 EA,2,2
18110825G4100,SUBWEIGHT,"CONCRETE(5.2),40kg,G/S","- SPRAY COLOR : BLACK
- 1차 입고수량 : 29 EA / 2차 입고수량 : 10 EA",2,2
18110414G9100,SUBWEIGHT,"SS400,30kg","- MATERIAL : SS400, WEIGHT : 30kg/EA
- [BG-90]=665 (35/BG-160/35 -> 55/555/55 로 변경), SW=160, SC=SE=95",2,2
18110413G0500,SUBWEIGHT,"FC,30kg",- 입고 장소 : 충주공장 물류창고,2,2
18110825G4100,SUBWEIGHT,"CONCRETE(5.2),40kg,G/S","- SPRAY COLOR : BLACK
- 1차 입고수량 : 40 EA / 2차 입고수량 : 8 EA",2,2
18110414G9100,SUBWEIGHT,"SS400,30kg","- MATERIAL : SS400, WEIGHT : 30kg/EA
- [BG-90]=725 (35/BG-160/35 -> 45/635/45 로 변경), SW=175, SC=SE=70",2,2
18110826G0100,SUBWEIGHT,"SHIP,FC15,15kg",,2,2
18110414G9100,SUBWEIGHT,"SS400,30kg","- MATERIAL : SS400, WEIGHT : 30kg/EA
- [BG-90]=1125 (35/BG-160/35 -> 55/1015/55 로 변경), SW=190, SC=SE=115",2,2
18110414G9100,SUBWEIGHT,"SS400,30kg","- MATERIAL : SS400, WEIGHT : 30kg/EA
- [BG-90]=785 (35/BG-160/35 -> 35/715/35 로 변경), SW=110, SC=SE=100",2,2
18110412G1800,SUBWEIGHT,"CONCRETE,30kg","
- 1차 입고수량 : 51 EA / 2차 입고수량 : 8 EA",2,2
18110414G9100,SUBWEIGHT,"SS400,30kg","- MATERIAL : SS400, WEIGHT : 30kg/EA
- [BG-90]=810 (35/BG-160/35 -> 40/730/40 로 변경), SW=250, SC=SE=170",2,2
18110824G410A,SUBWEIGHT,"CONCRETE(3.2),30kg","- SPRAY COLOR : BLACK
- 1차 입고수량 : 36 EA / 2차 입고수량 : 10 EA",2,2
18110412G2100,SUBWEIGHT,"CONCRETE,30kg","
- 1차 입고수량 : 39 EA / 2차 입고수량 : 10 EA",2,2
18110414G1700,SUBWEIGHT,"SS400,30kg",- 1차 입고수량 : 96 EA / 2차 입고수량 : 13 EA,2,2
18110825G3000,SUBWEIGHT,"CONCRETE(5.2),30kg,G/S","- SPRAY COLOR : BLACK
- 1차 입고수량 : 48 EA / 2차 입고수량 : 8 EA",2,2
18110414G1700,SUBWEIGHT,"SS400,30kg","- 1차 입고수량 : 88 EA / 2차 입고수량 : 13 EA 
",2,2
18110825G3100,SUBWEIGHT,"CONCRETE(5.2),30kg,G/S","- SPRAY COLOR : BLACK
- 1차 입고수량 : 26 EA / 2차 입고수량 : 2 EA",2,2
18110414G9100,SUBWEIGHT,"SS400,30kg","- MATERIAL : SS400, WEIGHT : 30kg/EA
- [BG-90]=810 (35/BG-160/35 -> 40/730/40 로 변경), SW=170, SC=SE=120",2,2
18110825G4100,SUBWEIGHT,"CONCRETE(5.2),40kg,G/S","- SPRAY COLOR : BLACK
- 1차 입고수량 : 46 EA / 2차 입고수량 : 2 EA",2,2
18110346G0300,SUBWEIGHT,"POCKET,BG=1200X230xt16,SS400",,2,2
18110412G0900,SUBWEIGHT,"CONCRETE,30kg","
- 1차 입고수량 : 20 EA / 2차 입고수량 : 2 EA",2,2
18110824G430A,SUBWEIGHT,"CONCRETE(3.2),30kg","- SPRAY COLOR : BLACK
- 1차 입고수량 : 35 EA / 2차 입고수량 : 12 EA",2,2
18110412G0800,SUBWEIGHT,"CONCRETE,30kg",- 1차 입고수량 : 14 EA / 2차 입고수량 : 0 EA,2,2
VC003831G9300,SUBWEIGHT,"SS400,20kg","- MATERIAL : SS400, WEIGHT : 20kg/EA
- A=830, [A-70] -> 680적용, C=E=115, B=170",2,2
18110824G410A,SUBWEIGHT,"CONCRETE(3.2),30kg","- SPRAY COLOR : BLACK
- 1차 입고수량 : 41 EA / 2차 입고수량 : 12 EA",2,2
18110414G0800,SUBWEIGHT,"SS400,30kg","
- 1차 입고수량 : 41 EA / 2차 입고수량 : 11 EA",2,2
18110414G9100,SUBWEIGHT,"SS400,30kg","- MATERIAL : SS400, WEIGHT : 30kg/EA
- [BG-90]=830 (35/BG-160/35 -> 40/750/40 로 변경), SW=170, SC=SE=120",2,2
18110412G0900,SUBWEIGHT,"CONCRETE,30kg","
- 1차 입고수량 : 27 EA / 2차 입고수량 : 1 EA",2,2
18110414G9100,SUBWEIGHT,"SS400,30kg","- MATERIAL : SS400, WEIGHT : 30kg/EA
- [BG-90]=700 (35/BG-160/35 -> 40/620/40 로 변경), SW=140, SC=SE=70",2,2
18110414G9100,SUBWEIGHT,"SS400,30kg","- MATERIAL : SS400, WEIGHT : 30kg/EA
- [BG-90]=705 (35/BG-160/35 -> 35/635/35 로 변경), SW=165, SC=SE=70",2,2
18110414G9100,SUBWEIGHT,"SS400,30kg","- MATERIAL : SS400, WEIGHT : 30kg/EA
- [BG-90]=805 (35/BG-160/35 -> 40/725/40 로 변경), SW=170, SC=SE=120",2,2
18110825G4300,SUBWEIGHT,"CONCRETE(5.2),40kg,G/S","- SPRAY COLOR : BLACK
- 1차 입고수량 : 21 EA / 2차 입고수량 : 7 EA",2,2
18110412G0800,SUBWEIGHT,"CONCRETE,30kg","
- 1차 입고수량 : 24 EA / 2차 입고수량 : 5 EA",2,2
18110412G2100,SUBWEIGHT,"CONCRETE,30kg",26.05.08 +10EA 추가,2,2
18110412G2100,SUBWEIGHT,"CONCRETE,30kg","
- 1차 입고수량 : 50 EA / 2차 입고수량 : 10 EA",2,2
18110414G1400,SUBWEIGHT,"SS400,30kg",***2026.04.02 자재번호 변경,2,2
18110414G0400,SUBWEIGHT,"SS400,30kg",***2026.04.02 자재번호 변경,2,2
VC003831G9300,SUBWEIGHT,"SS400,20kg","- MATERIAL : SS400, WEIGHT : 20kg/EA
- A=820, A-70=690, C=E=95, B=170",2,2
18110414G9100,SUBWEIGHT,"SS400,30kg","- MATERIAL : SS400, WEIGHT : 30kg/EA
- [BG-90]=720 (35/BG-160/35 -> 40/640/40 로 변경), SW=170, SC=SE=70",2,2
18110412G2100,SUBWEIGHT,"CONCRETE,30kg",2026.03.09 Plan C Weight 류 변경 건.,2,2
18110414G9100,SUBWEIGHT,"SS400,30kg","- MATERIAL : SS400, WEIGHT : 30kg/EA
- [BG-90]=1155 (35/BG-160/35 -> 65/1025/65 로 변경), SW=220, SC=SE=115",2,2
18110412G2100,SUBWEIGHT,"CONCRETE,30kg","
- 1차 입고수량 : 61 EA / 2차 입고수량 : 9 EA",2,2
18110412G2100,SUBWEIGHT,"CONCRETE,30kg","
- 1차 입고수량 : 65 EA / 2차 입고수량 : 5 EA",2,2
18100369G0100,SUBWEIGHT,"CONCRETE, 3.0x10^-6, 25kg",,2,2
18110414G9100,SUBWEIGHT,"SS400,30kg","- MATERIAL : SS400, WEIGHT : 30kg/EA
- [BG-90]=800 (35/BG-160/35 -> 40/720/40 로 변경), SW=160, SC=SE=65",2,2
18110414G9100,SUBWEIGHT,"SS400,30kg","- MATERIAL : SS400, WEIGHT : 30kg/EA
- [BG-90]=1115 (35/BG-160/35 -> 45/1025/45 로 변경), SW=220, SC=SE=170",2,2
18110413G0900,SUBWEIGHT,"FC,30kg","
- 1차 입고수량 : 11 EA / 2차 입고수량 : 4 EA",2,2
VC003831G9300,SUBWEIGHT,"SS400,20kg","*A=820, [A-70]->690, 도면 상 35->65, C=E=95, B=170
",2,2
18110824G2300,SUBWEIGHT,"CONCRETE(3.2),30kg,G/S",- SPRAY COLOR : BLACK,2,2
18110412G2100,SUBWEIGHT,"CONCRETE,30kg","
- 1차 입고수량 : 64 EA / 2차 입고수량 : 7 EA",2,2
VC003831G9300,SUBWEIGHT,"SS400,20kg","- MATERIAL : SS400, WEIGHT : 20kg/EA
* A=1120 , A-70=1030 적용, B=220 , C=E=150
",2,2
18110414G9100,SUBWEIGHT,"SS400,30kg","- MATERIAL : SS400, WEIGHT : 30kg/EA
- [BG-90]=825 (35/BG-160/35 -> 50/725/50 로 변경), SW=150, SC=SE=100",2,2
18110414G9100,SUBWEIGHT,"SS400,30kg","- MATERIAL : SS400, WEIGHT : 30kg/EA
- [BG-90]=905 (35/BG-160/35 -> 40/825/40 로 변경), SW=180, SC=SE=80",2,2
VC003831G9300,SUBWEIGHT,"SS400,20kg","MATERIAL : SS400, WEIGHT : 20kg/EA
- 수량: 2 EA 
- A=1070, [35/A-70/35] → [55/960/55]로 변경 제작할 것
- B=225, C=E=120",2,2
18110414G9100,SUBWEIGHT,"SS400,30kg","- MATERIAL : SS400, WEIGHT : 30kg/EA
- [BG-90]=800 (35/BG-160/35 -> 45/710/45 로 변경), SW=170, SC=SE=95",2,2
18110414G9100,SUBWEIGHT,"SS400,30kg","- MATERIAL : SS400, WEIGHT : 30kg/EA
- [BG-90]=1140 (35/BG-160/35 -> 55/1030/55 로 변경), SW=125, SC=SE=68",2,2
18110413G0800,SUBWEIGHT,"FC,30kg","- 1차 입고수량 : 30EA
- 2026.06.04 변경.",2,2
18110414G9100,SUBWEIGHT,"SS400,30kg","- MATERIAL : SS400, WEIGHT : 30kg/EA
- [BG-90]=850 (35/BG-160/35 -> 60/730/60 로 변경), SW=195, SC=SE=115",2,2
18110414G9100,SUBWEIGHT,"SS400,30kg","- MATERIAL : SS400, WEIGHT : 30kg/EA
- [BG-90]=1120 (35/BG-160/35 -> 65/990/65 로 변경), SW=225, SC=SE=160",2,2
18110414G9100,SUBWEIGHT,"SS400,30kg","- MATERIAL : SS400, WEIGHT : 30kg/EA
- [BG-90]=855 (35/BG-160/35 -> 65/725/65 로 변경), SW=200, SC=SE=115",2,2
18110414G0800,SUBWEIGHT,"SS400,30kg",2026.03.09 Plan C Weight 류 변경 건.,2,2
18110414G9100,SUBWEIGHT,"SS400,30kg","- MATERIAL : SS400, WEIGHT : 30kg/EA
- [BG-90]=825 (35/BG-160/35 -> 40/745/40 로 변경), SW=170, SC=SE=120",2,2
18110414G0800,SUBWEIGHT,"SS400,30kg",*04.22 +10EA INTERIOR 분 추가 반영 (Qty 76->86),2,2
18110414G9100,SUBWEIGHT,"SS400,30kg","- MATERIAL : SS400, WEIGHT : 30kg/EA
- [BG-90]=855 (35/BG-160/35 -> 50/755/50 로 변경), SW=185, SC=SE=110",2,2
18110824G410A,SUBWEIGHT,"CONCRETE(3.2),30kg","- SPRAY COLOR : BLACK
- 1차 입고수량 : 41 EA / 2차 입고수량 : 11 EA",2,2
18110825G4100,SUBWEIGHT,"CONCRETE(5.2),40kg,G/S","- SPRAY COLOR : BLACK
- 1차 입고수량 : 44 EA / 2차 입고수량 : 2 EA",2,2
18110825G3000,SUBWEIGHT,"CONCRETE(5.2),30kg,G/S","- SPRAY COLOR : BLACK
- 1차 입고수량 : 18 EA / 2차 입고수량 : 1 EA",2,2
18110414G0500,SUBWEIGHT,"SS400,30kg",***2026.04.02 자재번호 변경,2,2
18110413G0900,SUBWEIGHT,"FC,30kg","
- 1차 입고수량 : 56 EA / 2차 입고수량 : 8 EA",2,2
18110412G1800,SUBWEIGHT,"CONCRETE,30kg","
- 1차 입고수량 : 40 EA / 2차 입고수량 : 10 EA",2,2
18110359G0100,SUBWEIGHT,"CONCRETE,3.6E-6kg/mm^3,25KG/EA",*10.16 구매요청분 변경 반영 (FOR 재고소진),2,2
18110825G4100,SUBWEIGHT,"CONCRETE(5.2),40kg,G/S","- SPRAY COLOR : BLACK
- 1차 입고수량 : 26 EA / 2차 입고수량 : 7 EA",2,2
18110412G1400,SUBWEIGHT,"CONCRETE,30kg",***2026.04.02 자재번호 변경,2,2
18110412G2100,SUBWEIGHT,"CONCRETE,30kg","
- 1차 입고수량 : 29 EA / 2차 입고수량 : 8 EA",2,2
18110412G0400,SUBWEIGHT,"CONCRETE,30kg",***2026.04.02 자재번호 변경,2,2
18110414G1700,SUBWEIGHT,"SS400,30kg",..//25.08.25// 추가(8 SET),2,2
18110412G1800,SUBWEIGHT,"CONCRETE,30kg","
- 1차 입고수량 : 45 EA / 2차 입고수량 : 11 EA",2,2
18110414G9100,SUBWEIGHT,"SS400,30kg","- MATERIAL : SS400, WEIGHT : 30kg/EA
- [BG-90]=810 (35/BG-160/35 -> 55/700/55 로 변경), SW=165, SC=SE=95",2,2
18110412G1800,SUBWEIGHT,"CONCRETE,30kg","
- 1차 입고수량 : 46 EA / 2차 입고수량 : 10 EA",2,2
18110414G9100,SUBWEIGHT,"SS400,30kg","- MATERIAL : SS400, WEIGHT : 30kg/EA
- [BG-90]=1090 (35/BG-160/35 -> 65/960/65 로 변경), SW=230, SC=SE=115",2,2
18110299G0300,SUBWEIGHT,"FC,25kg/EA",*10.16 구매요청분 변경 반영 (FOR 재고소진),2,2
18110414G0900,SUBWEIGHT,"SS400,30kg","
- 1차 입고수량 : 65 EA / 2차 입고수량 : 1 EA",2,2
18110414G2100,SUBWEIGHT,"SS400,30kg","
- 1차 입고수량 : 117 EA / 2차 입고수량 : 6 EA",2,2
18110824G4300,SUBWEIGHT,"CONCRETE(3.2),30kg,G/S","- SPRAY COLOR : BLACK
- 1차 입고수량 : 40 EA / 2차 입고수량 : 3 EA",2,2
18110824G270A,SUBWEIGHT,"CONCRETE(3.2),30kg","- SPRAY COLOR : BLACK
- 입고장소 : 충주공장 물류센터",2,2
18110825G3100,SUBWEIGHT,"CONCRETE(5.2),30kg,G/S","- SPRAY COLOR : BLACK
- 1차 입고수량 : 29 EA / 2차 입고수량 : 1 EA",2,2
VC003831G9300,SUBWEIGHT,"SS400,20kg","- MATERIAL : SS400, WEIGHT : 20kg/EA
- VC3831G04 사이즈로 6EA",2,2
18110414G9100,SUBWEIGHT,"SS400,30kg","- MATERIAL : SS400, WEIGHT : 30kg/EA
- [BG-90]=900 (35/BG-160/35 -> 40/820/40 로 변경), SW=130, SC=SE=70",2,2
18110412G2100,SUBWEIGHT,"CONCRETE,30kg","
- 1차 입고수량 : 55 EA / 2차 입고수량 : 9 EA",2,2
18110412G0500,SUBWEIGHT,"CONCRETE,30kg","
- 1차 입고수량 : 27 EA / 2차 입고수량 : 8 EA",2,2
18110414G9100,SUBWEIGHT,"SS400,30kg","- MATERIAL : SS400, WEIGHT : 30kg/EA
- [BG-90]=665 (35/BG-160/35 -> 65/535/65 로 변경), SW=180, SC=SE=115",2,2
VC003831G9300,SUBWEIGHT,"SS400,20kg","DWG. 18110763 적용 제작 (18110414G04에서 따냄 적용)
- 장 당 30kg x 50 ea = 1500kg",2,2
18110414G2100,SUBWEIGHT,"SS400,30kg","
- 1차 입고수량 : 94 EA / 2차 입고수량 : 13 EA",2,2
18110414G9100,SUBWEIGHT,"SS400,30kg","- MATERIAL : SS400, WEIGHT : 30kg/EA
- [BG-90]=1125 (35/BG-160/35 -> 50/1025/50 로 변경), SW=220, SC=SE=115",2,2
18110414G9100,SUBWEIGHT,"SS400,30kg","- MATERIAL : SS400, WEIGHT : 30kg/EA
- [BG-90]=825 (35/BG-160/35 -> 50/725/50 로 변경), SW=170, SC=SE=70",2,2
18110412G2100,SUBWEIGHT,"CONCRETE,30kg",※ 18110286G0600로 대체 (현진아 매니저님 요청),2,2
18110414G9100,SUBWEIGHT,"SS400,30kg","- MATERIAL : SS400, WEIGHT : 30kg/EA
- [BG-90]=840 (35/BG-160/35 -> 55/730/55 로 변경), SW=200, SC=SE=115",2,2
18110412G2100,SUBWEIGHT,"CONCRETE,30kg","
- 1차 입고수량 : 55 EA / 2차 입고수량 : 7 EA",2,2
18110414G9100,SUBWEIGHT,"SS400,30kg","- MATERIAL : SS400, WEIGHT : 30kg/EA
- [BG-90]=920 (35/BG-160/35 -> 50/820/50 로 변경), SW=185, SC=SE=85",2,2
18110413G0500,SUBWEIGHT,"FC,30kg",- 인테리어 추가건 ,2,2
18110824G4100,SUBWEIGHT,"CONCRETE(3.2),30kg,G/S",,2,2
18110825G3000,SUBWEIGHT,"CONCRETE(5.2),30kg,G/S","- SPRAY COLOR : BLACK
- 1차 입고수량 : 48 EA / 2차 입고수량 : 9 EA",2,2
18110414G9100,SUBWEIGHT,"SS400,30kg","- MATERIAL : SS400, WEIGHT : 30kg/EA
- [BG-90]=1140 (35/BG-160/35 -> 55/1030/55 로 변경), SW=200, SC=SE=120",2,2
18110413G0800,SUBWEIGHT,"FC,30kg",*10.16 구매요청분 변경 반영 (FOR 재고소진),2,2
18110414G9100,SUBWEIGHT,"SS400,30kg","- MATERIAL : SS400, WEIGHT : 30kg/EA
- [BG-90]=815 (35/BG-160/35 -> 60/695/60 로 변경), SW=180, SC=SE=95",2,2
18110414G9100,SUBWEIGHT,"SS400,30kg","- MATERIAL : SS400, WEIGHT : 30kg/EA
- [BG-90]=910 (35/BG-160/35 -> 65/780/65 로 변경), SW=200, SC=SE=120",2,2
18110412G0900,SUBWEIGHT,"CONCRETE,30kg","
- 1차 입고수량 : 11 EA / 2차 입고수량 : 7 EA",2,2
18110412G0500,SUBWEIGHT,"CONCRETE,30kg","
- 1차 입고수량 : 34 EA / 2차 입고수량 : 5 EA",2,2
18110414G9100,SUBWEIGHT,"SS400,30kg","- MATERIAL : SS400, WEIGHT : 30kg/EA
- [BG-90]=1120 (35/BG-160/35 -> 65/990/65 로 변경), SW=250, SC=SE=165",2,2
18110414G9100,SUBWEIGHT,"SS400,30kg","- MATERIAL : SS400, WEIGHT : 30kg/EA
- [BG-90]=810 (35/BG-160/35 -> 40/730/40 로 변경), SW=170, SC=SE=115",2,2
18110414G9100,SUBWEIGHT,"SS400,30kg","- MATERIAL : SS400, WEIGHT : 30kg/EA
- [BG-90]=830 (35/BG-160/35 -> 50/730/50 로 변경), SW=245, SC=SE=170",2,2
18110412G1800,SUBWEIGHT,"CONCRETE,30kg","
- 1차 입고수량 : 49 EA / 2차 입고수량 : 8 EA",2,2
18110414G9100,SUBWEIGHT,"SS400,30kg","- MATERIAL : SS400, WEIGHT : 30kg/EA
- [BG-90]=830 (35/BG-160/35 -> 45/740/45 로 변경), SW=175, SC=SE=120",2,2
18110414G9100,SUBWEIGHT,"SS400,30kg","- MATERIAL : SS400, WEIGHT : 30kg/EA
- [BG-90]=855 (35/BG-160/35 -> 50/755/50 로 변경), SW=170, SC=SE=110",2,2
18110412G2100,SUBWEIGHT,"CONCRETE,30kg","
- 1차 입고수량 : 59 EA / 2차 입고수량 : 10 EA",2,2
18110414G9100,SUBWEIGHT,"SS400,30kg","- MATERIAL : SS400, WEIGHT : 30kg/EA
- [BG-90]=920 (35/BG-160/35 -> 65/790/65 로 변경), SW=205, SC=SE=100",2,2
18110414G2100,SUBWEIGHT,"SS400,30kg","
- 1차 입고수량 : 91 EA / 2차 입고수량 : 3 EA",2,2
VC003831G9300,SUBWEIGHT,"SS400,20kg","*VC3831(A=1155, [A-70]=1015 , 도면상 35->70, C=E=132 , B=220)",2,2
18110824G4100,SUBWEIGHT,"CONCRETE(3.2),30kg,G/S","- SPRAY COLOR : BLACK
- 1차 입고수량 : 34 EA / 2차 입고수량 : 9 EA",2,2
18110414G2100,SUBWEIGHT,"SS400,30kg","
- 1차 입고수량 : 93 EA / 2차 입고수량 : 13 EA",2,2
18110414G9100,SUBWEIGHT,"SS400,30kg","- MATERIAL : SS400, WEIGHT : 30kg/EA
- [BG-90]=815 (35/BG-160/35 -> 50/715/50 로 변경), SW=120, SC=SE=105",2,2
18110414G9100,SUBWEIGHT,"SS400,30kg","- MATERIAL : SS400, WEIGHT : 30kg/EA
- [BG-90]=1110 (35/BG-160/35 -> 60/990/60 로 변경), SW=255, SC=SE=95",2,2
VC003831G9300,SUBWEIGHT,"SS400,20kg","- A=1100, 도면상 35->70, [A-70]=960, C=E=160, B=220",2,2
18110412G2100,SUBWEIGHT,"CONCRETE,30kg","26.05.08 
+ 11EA",2,2
18110351G0200,SUBWEIGHT,"FC,56KG","
- 1차 입고수량 : 27 EA / 2차 입고수량 : 8 EA",2,2
18110414G9100,SUBWEIGHT,"SS400,30kg","- MATERIAL : SS400, WEIGHT : 30kg/EA
- [BG-90]=685 (35/BG-160/35 -> 40/605/40 로 변경), SW=110, SC=SE=70",2,2
18110414G9100,SUBWEIGHT,"SS400,30kg","- MATERIAL : SS400, WEIGHT : 30kg/EA
- [BG-90]=920 (35/BG-160/35 -> 55/810/55 로 변경), SW=170, SC=SE=95",2,2
18110414G9100,SUBWEIGHT,"SS400,30kg","- MATERIAL : SS400, WEIGHT : 30kg/EA
- [BG-90]=905 (35/BG-160/35 -> 55/795/55 로 변경), SW=170, SC=SE=90",2,2
18100374G0300,SUBWEIGHT,"FC, 7.0x10^-6, 25kg",,2,2
18110413G0900,SUBWEIGHT,"FC,30kg","
- 1차 입고수량 : 63 EA / 2차 입고수량 : 1 EA",2,2
18110411G1200,SUBWEIGHT,"CONCRETE,30kg","26.04.28 2ea 추가

26.05.15 2ea 삭제 (이중청구)

26.06.05 2ea 추가 (선조치정산)",2,2
18110286G0900,SUBWEIGHT,"CONCRETE,4.6E-6kg/mm^3,40KG/EA","26.01.30 구매팀 요청으로 자재번호 변경
- 1차 입고수량 : 46 EA / 2차 입고수량 : 3 EA",2,2
18110825G4500,SUBWEIGHT,"CONCRETE(5.2),40kg,G/S",- SPRAY COLOR : BLACK,2,2
C18110825G4100,SUBWEIGHT,"CONCRETE(5.2),40kg,G/S",중국법인 생산품 (T25998 에 동적할 것),2,2
18110414G9100,SUBWEIGHT,"SS400,30kg","- MATERIAL : SS400, WEIGHT : 30kg/EA
- [BG-90]=815 (35/BG-160/35 -> 45/725/45 로 변경), SW=170, SC=SE=70",2,2
18110412G2100,SUBWEIGHT,"CONCRETE,30kg","26.05.08 
+ 16EA",2,2
18110414G9100,SUBWEIGHT,"SS400,30kg","- MATERIAL : SS400, WEIGHT : 30kg/EA
- [BG-90]=925 (35/BG-160/35 -> 67.5/790/67.5 로 변경), SW=170, SC=SE=100",2,2
18110414G9100,SUBWEIGHT,"SS400,30kg","- MATERIAL : SS400, WEIGHT : 30kg/EA
- [BG-90]=860 (35/BG-160/35 -> 65/730/65 로 변경), SW=200, SC=SE=115",2,2
18110414G9100,SUBWEIGHT,"SS400,30kg","- MATERIAL : SS400, WEIGHT : 30kg/EA
- [BG-90]=1105 (35/BG-160/35 -> 65/975/65로 변경), SW=210, SC=SE=150",2,2
18110412G1800,SUBWEIGHT,"CONCRETE,30kg","
- 1차 입고수량 : 44 EA / 2차 입고수량 : 7 EA",2,2
18110414G9100,SUBWEIGHT,"SS400,30kg","- MATERIAL : SS400, WEIGHT : 30kg/EA
- [BG-90]=1125 (35/BG-160/35 -> 45/1035/45 로 변경), SW=220, SC=SE=175",2,2
18110825G2700,SUBWEIGHT,"CONCRETE(5.2),30kg,G/S","- SPRAY COLOR : BLACK
- 입고장소 : 충주공장 물류센터",2,2
VC003831G9300,SUBWEIGHT,"SS400,20kg","- MATERIAL : SS400, WEIGHT : 20kg/EA
- SIZE : 181C067H03 적용",2,2
C181P004280,SUBWEIGHT,28.5kg,- SPRAY COLOR : BLACK,2,2
18110412G1800,SUBWEIGHT,"CONCRETE,30kg","
- 1차 입고수량 : 54 EA / 2차 입고수량 : 1 EA",2,2
18110414G9100,SUBWEIGHT,"SS400,30kg","- MATERIAL : SS400, WEIGHT : 30kg/EA
- [BG-90]=820 (35/BG-160/35 -> 45/730/45 로 변경), SW=130, SC=SE=100",2,2
18110414G9100,SUBWEIGHT,"SS400,30kg","- MATERIAL : SS400, WEIGHT : 30kg/EA
- [BG-90]=1100 (35/BG-160/35 -> 55/990/55 로 변경), SW=240, SC=SE=90",2,2
18110414G2100,SUBWEIGHT,"SS400,30kg","
- 1차 입고수량 : 81 EA / 2차 입고수량 : 12 EA",2,2
18110414G9100,SUBWEIGHT,"SS400,30kg","- MATERIAL : SS400, WEIGHT : 30kg/EA
- [BG-90]=1140 (35/BG-160/35 -> 60/1020/60 로 변경), SW=225, SC=SE=110",2,2
18110414G9100,SUBWEIGHT,"SS400,30kg","- MATERIAL : SS400, WEIGHT : 30kg/EA
- [BG-90]=715 (35/BG-160/35 -> 40/635/40 로 변경), SW=175, SC=SE=75",2,2
18110414G9100,SUBWEIGHT,"SS400,30kg","- MATERIAL : SS400, WEIGHT : 30kg/EA
- [BG-90]=1125 (35/BG-160/35 -> 50/1025/50 로 변경), SW=120, SC=SE=65",2,2
18110412G2100,SUBWEIGHT,"CONCRETE,30kg","
- 1차 입고수량 : 17 EA / 2차 입고수량 : 3 EA",2,2
18110824G410A,SUBWEIGHT,"CONCRETE(3.2),30kg","- SPRAY COLOR : BLACK
- 1차 입고수량 : 36 EA / 2차 입고수량 : 3 EA",2,2
18110413G0900,SUBWEIGHT,"FC,30kg","
- 1차 입고수량 : 56 EA / 2차 입고수량 : 11 EA",2,2
18110414G9100,SUBWEIGHT,"SS400,30kg","- MATERIAL : SS400, WEIGHT : 30kg/EA
- [BG-90]=760 (35/BG-160/35 -> 55/650/55 로 변경), SW=150, SC=SE=90",2,2
18110414G1700,SUBWEIGHT,"SS400,30kg",- 1차 입고수량 : 110 EA / 2차 입고수량 : 3 EA,2,2
18110825G4100,SUBWEIGHT,"CONCRETE(5.2),40kg,G/S","- SPRAY COLOR : BLACK
- 1차 입고수량 : 28 EA / 2차 입고수량 : 9 EA",2,2
18110414G9100,SUBWEIGHT,"SS400,30kg","- MATERIAL : SS400, WEIGHT : 30kg/EA
- [BG-90]=900 (35/BG-160/35 -> 45/810/45 로 변경), SW=170, SC=SE=95",2,2
18110414G9100,SUBWEIGHT,"SS400,30kg","- MATERIAL : SS400, WEIGHT : 30kg/EA
- [BG-90]=1140 (35/BG-160/35 -> 70/1000/70 로 변경), SW=230, SC=SE=165",2,2
18110825G3100,SUBWEIGHT,"CONCRETE(5.2),30kg,G/S","- SPRAY COLOR : BLACK
- 1차 입고수량 : 3 EA / 2차 입고수량 : 3 EA",2,2
18110414G9100,SUBWEIGHT,"SS400,30kg","- MATERIAL : SS400, WEIGHT : 30kg/EA
- [BG-90]=910 (35/BG-160/35 -> 40/830/40 로 변경), SW=150, SC=SE=70",2,2
18110412G2100,SUBWEIGHT,"CONCRETE,30kg","
- 1차 입고수량 : 58 EA / 2차 입고수량 : 9 EA",2,2
18110414G9100,SUBWEIGHT,"SS400,30kg","- MATERIAL : SS400, WEIGHT : 30kg/EA
- [BG-90]=955 (35/BG-160/35 -> 50/855/50 로 변경), SW=250, SC=SE=120",2,2
18110414G2100,SUBWEIGHT,"SS400,30kg",*실제 VC864H01L03 형상 WEIGHT 적용됨.,2,2
18110414G9100,SUBWEIGHT,"SS400,30kg","- MATERIAL : SS400, WEIGHT : 30kg/EA
- [BG-90]=700 (35/BG-160/35 -> 30/640/30 로 변경), SW=170, SC=SE=70",2,2
18110414G1700,SUBWEIGHT,"SS400,30kg","26.07.22 
3SET 추가 (설치요청건) ",2,2
18110825G4100,SUBWEIGHT,"CONCRETE(5.2),40kg,G/S","- SPRAY COLOR : BLACK
- 1차 입고수량 : 53 EA / 2차 입고수량 : 7 EA",2,2
18110265G0100,SUBWEIGHT,"FC,30kg/EA",,2,2
18110414G9100,SUBWEIGHT,"SS400,30kg","- MATERIAL : SS400, WEIGHT : 30kg/EA
- [BG-90]=915 (35/BG-160/35 -> 62.5/790/62.5 로 변경), SW=175, SC=SE=95",2,2
18110414G1700,SUBWEIGHT,"SS400,30kg",- 1차 입고수량 : 89 EA / 2차 입고수량 : 13 EA ,2,2
18110414G9100,SUBWEIGHT,"SS400,30kg","- MATERIAL : SS400, WEIGHT : 30kg/EA
- [BG-90]=1115 (35/BG-160/35 -> 40/1035/40 로 변경), SW=220, SC=SE=165",2,2
18110266G0100,SUBWEIGHT,"FC,30kg/EA",,2,2
18110414G0500,SUBWEIGHT,"SS400,30kg",2026.03.09 Plan C Weight 류 변경 건.,2,2
18110414G9100,SUBWEIGHT,"SS400,30kg","- MATERIAL : SS400, WEIGHT : 30kg/EA
- [BG-90]=1150 (35/BG-160/35 -> 65/1020/65 로 변경), SW=215, SC=SE=115",2,2
18110412G0800,SUBWEIGHT,"CONCRETE,30kg",- 1차 입고수량 : 27 EA / 2차 입고수량 : 2 EA,2,2
18110267G0500,SUBWEIGHT,"SS400,7.85E-6kg/mm^3,10KG/EA",,2,2
18110414G9100,SUBWEIGHT,"SS400,30kg","BG=1100, SW=150, SC=70, SE=60, G=(26), 30kg/EA",2,2
18110414G9100,SUBWEIGHT,"SS400,30kg","- MATERIAL : SS400, WEIGHT : 30kg/EA
- [BG-90]=825 (35/BG-160/35 -> 50/725/50 로 변경), SW=255, SC=SE=170",2,2
18110414G9100,SUBWEIGHT,"SS400,30kg","- MATERIAL : SS400, WEIGHT : 30kg/EA
- [BG-90]=1130 (35/BG-160/35 -> 50/1030/50 로 변경), SW=125, SC=SE=70",2,2
18110414G9100,SUBWEIGHT,"SS400,30kg","- MATERIAL : SS400, WEIGHT : 30kg/EA
- [BG-90]=1145 (35/BG-160/35 -> 55/1035/55 로 변경), SW=170, SC=SE=125",2,2
18110414G1700,SUBWEIGHT,"SS400,30kg","
- 1차 입고수량 : 54 EA / 2차 입고수량 : 7 EA",2,2
18110414G9100,SUBWEIGHT,"SS400,30kg","- MATERIAL : SS400, WEIGHT : 30kg/EA
- [BG-90]=810 (35/BG-160/35 -> 55/700/55 로 변경), SW=170, SC=SE=95",2,2
18110414G9100,SUBWEIGHT,"SS400,30kg","- MATERIAL : SS400, WEIGHT : 30kg/EA
- [BG-90]=1115 (35/BG-160/35 -> 65/985/65 로 변경), SW=250, SC=SE=155",2,2
18110412G0900,SUBWEIGHT,"CONCRETE,30kg","
- 1차 입고수량 : 26 EA / 2차 입고수량 : 4 EA",2,2
18110412G0800,SUBWEIGHT,"CONCRETE,30kg","
- 1차 입고수량 : 29 EA / 2차 입고수량 : 4 EA",2,2
18110825G3000,SUBWEIGHT,"CONCRETE(5.2),30kg,G/S","- SPRAY COLOR : BLACK
- 1차 입고수량 : 50 EA / 2차 입고수량 : 1 EA",2,2
VC003831G9300,SUBWEIGHT,"SS400,20kg","- MATERIAL : SS400, WEIGHT : 20kg/EA
- A=1160, A-70=1015 적용, C=E=135, B=220",2,2
18110414G9100,SUBWEIGHT,"SS400,30kg","- MATERIAL : SS400, WEIGHT : 30kg/EA
- [BG-90]=815 (35/BG-160/35 -> 50/715/50 로 변경), SW=165, SC=SE=65",2,2
18110414G9100,SUBWEIGHT,"SS400,30kg","- MATERIAL : SS400, WEIGHT : 30kg/EA
- [BG-90]=910 (35/BG-160/35 -> 40/830/40 로 변경), SW=210, SC=SE=120",2,2
18110825G4100,SUBWEIGHT,"CONCRETE(5.2),40kg,G/S","- SPRAY COLOR : BLACK
- 1차 입고수량 : 52 EA / 2차 입고수량 : 9 EA",2,2
18110414G1700,SUBWEIGHT,"SS400,30kg",* FC 재질 단종으로 인한 자재번호 변경 반영,2,2
18110414G9100,SUBWEIGHT,"SS400,30kg","- MATERIAL : SS400, WEIGHT : 30kg/EA
- [BG-90]=910 (35/BG-160/35 -> 60/790/60 로 변경), SW=170, SC=SE=95",2,2
18110412G1800,SUBWEIGHT,"CONCRETE,30kg","
- 1차 입고수량 : 54 EA / 2차 입고수량 : 3 EA",2,2
18110825G3600,SUBWEIGHT,"CONCRETE(5.2),30kg,G/S","- SPRAY COLOR : BLACK
- 1차 입고수량 : 43 EA / 2차 입고수량 : 7 EA",2,2
VC003831G9300,SUBWEIGHT,"SS400,20kg",*VC11228H03형상으로 제작요망,2,2
18110414G9100,SUBWEIGHT,"SS400,30kg","- MATERIAL : SS400, WEIGHT : 30kg/EA
- [BG-90]=925 (35/BG-160/35 -> 50/825/50 로 변경), SW=200, SC=SE=65",2,2
18110412G1600,SUBWEIGHT,"CONCRETE,30kg","
- 1차 입고수량 : 32 EA / 2차 입고수량 : 6 EA",2,2
18110825G2700,SUBWEIGHT,"CONCRETE(5.2),30kg,G/S","- SPRAY COLOR : BLACK
- 1차 입고수량 : 44 EA / 2차 입고수량 : 8 EA",2,2
18110351G0300,SUBWEIGHT,"SS400,30KG",,2,2
18110412G1800,SUBWEIGHT,"CONCRETE,30kg","
- 1차 입고수량 : 36 EA / 2차 입고수량 : 10 EA",2,2
18110414G2100,SUBWEIGHT,"SS400,30kg","
- 1차 입고수량 : 91 EA / 2차 입고수량 : 7 EA",2,2
VC003831G9300,SUBWEIGHT,"SS400,20kg","- MATERIAL : SS400, WEIGHT : 20kg/EA
* A=1120 , A-70=1020 적용 , B=220 , C=E=155
* 도면상 35->50",2,2
18110414G9100,SUBWEIGHT,"SS400,30kg","- MATERIAL : SS400, WEIGHT : 30kg/EA
- [BG-90]=1130 (35/BG-160/35 -> 50/1030/50 로 변경), SW=220, SC=SE=165
비중 7이상",2,2
18110414G9100,SUBWEIGHT,"SS400,30kg","- MATERIAL : SS400, WEIGHT : 30kg/EA
- [BG-90]=470 (35/BG-160/35 -> 50/370/50 로 변경), SW=220, SC=SE=115",2,2
18110412G2100,SUBWEIGHT,"CONCRETE,30kg","
- 1차 입고수량 : 43 EA / 2차 입고수량 : 12 EA",2,2
18100373G0400,SUBWEIGHT,"CONCRETE, 3.0E-6kg/mm^3, 25kg/EA",,2,2
18110413G0900,SUBWEIGHT,"FC,30kg",*2025.06.24 수량+7,2,2
VC003831G9300,SUBWEIGHT,"SS400,20kg","- MATERIAL : SS400, WEIGHT : 20kg/EA
- A=1230, A-70 -> 1110적용, C=E=120, B=230
* 2-D50 HOLES 가공요망 (FOR FIXING ROD), HOLE 간격 982",2,2
18110414G9100,SUBWEIGHT,"SS400,30kg","- MATERIAL : SS400, WEIGHT : 30kg/EA
- [BG-90]=1125 (35/BG-160/35 -> 45/1035/45 로 변경), SW=130, SC=SE=70",2,2
18110825G3100,SUBWEIGHT,"CONCRETE(5.2),30kg,G/S","- SPRAY COLOR : BLACK
- 1차 입고수량 : 0 EA / 2차 입고수량 : 14 EA",2,2
18110414G9100,SUBWEIGHT,"SS400,30kg","- MATERIAL : SS400, WEIGHT : 30kg/EA
- [BG-90]=855 (35/BG-160/35 -> 50/755/50 로 변경), SW=160, SC=SE=110",2,2
18110414G1700,SUBWEIGHT,"SS400,30kg",2026.03.09 Plan C Weight 류 변경 건.,2,2
18110414G9100,SUBWEIGHT,"SS400,30kg","- MATERIAL : SS400, WEIGHT : 30kg/EA
- [BG-90]=840 (35/BG-160/35 -> 55/730/55 로 변경), SW=250, SC=SE=170",2,2
18110412G0500,SUBWEIGHT,"CONCRETE,30kg",- 입고 장소 : 충주공장 물류창고,2,2
18110412G1800,SUBWEIGHT,"CONCRETE,30kg","1차 37EA, 2차 15EA",2,2
18110414G0800,SUBWEIGHT,"SS400,30kg","1. 구 자재번호 : 181100777
2. DWG.: 18110414G0800 30KG 두께 62T : 4EA
3. 182523L16,L27호기용",1,1
18110414G9100,SUBWEIGHT,"SS400,30kg","- MATERIAL : SS400, WEIGHT : 30kg/EA
- [BG-90]=905 (35/BG-160/35 -> 45/815/45 로 변경), SW=170, SC=SE=95",1,1
VC003831G9300,SUBWEIGHT,"SS400,20kg","- MATERIAL : SS400, WEIGHT : 20kg/EA
- A=840, A-70 -> 685 적용, C=E=110, B=165",1,1
18110414G9100,SUBWEIGHT,"SS400,30kg","- MATERIAL : SS400, WEIGHT : 30kg/EA
- [BG-90]=865 (35/BG-160/35 -> 52.5/760/52.5 로 변경), SW=170, SC=SE=110",1,1
18110412G2100,SUBWEIGHT,"CONCRETE,30kg","
- 1차 입고수량 : 39 EA / 2차 입고수량 : 4 EA",1,1
18110412G1100,SUBWEIGHT,"CONCRETE,30kg",2026.03.09 Plan C Weight 류 변경 건.,1,1
18110414G9100,SUBWEIGHT,"SS400,30kg","- MATERIAL : SS400, WEIGHT : 30kg/EA
- [BG-90]=905 (35/BG-160/35 -> 55/795/55 로 변경), SW=170, SC=SE=105",1,1
18110824G4300,SUBWEIGHT,"CONCRETE(3.2),30kg,G/S","- SPRAY COLOR : BLACK
- 1차 입고수량 : 39 EA / 2차 입고수량 : 4 EA",1,1
18110367G0300,SUBWEIGHT,"SS400,2 COMPEN SHEAVE,30kg",18110367G0100_40EA / 18110367G0300 1EA 납품 _ 재고소진,1,1
18110412G2100,SUBWEIGHT,"CONCRETE,30kg","
- 1차 입고수량 : 40 EA / 2차 입고수량 : 10 EA",1,1
18110414G1700,SUBWEIGHT,"SS400,30kg",- 1차 입고수량 : 59 EA / 2차 입고수량 : 7 EA,1,1
18110414G9100,SUBWEIGHT,"SS400,30kg","- MATERIAL : SS400, WEIGHT : 30kg/EA
- [BG-90]=1100 (35/BG-160/35 -> 55/990/55 로 변경), SW=245, SC=SE=85",1,1
18110825G4100,SUBWEIGHT,"CONCRETE(5.2),40kg,G/S","- SPRAY COLOR : BLACK
아산타워 #8-4호기용 설치 자재
Q'TY : 1EA
입고지 : 충주 아산타워
입고 요청일 : 5/28~29
담당자 : 임장빈 기성(010-3946-3245)",1,1
18110414G9100,SUBWEIGHT,"SS400,30kg","- MATERIAL : SS400, WEIGHT : 30kg/EA
- [BG-90]=785 (35/BG-160/35 -> 45/695/45 로 변경), SW=170, SC=SE=90",1,1
C18110824G2300,SUBWEIGHT,"CONCRETE(3.2),30kg,SUBSYSTEM",- SPRAY COLOR : BLACK,1,1
18110414G9100,SUBWEIGHT,"SS400,30kg","- MATERIAL : SS400, WEIGHT : 30kg/EA
- [BG-90]=750 (35/BG-160/35 -> 37.5/675/37.5 로 변경), SW=170, SC=SE=85",1,1
18110414G9100,SUBWEIGHT,"SS400,30kg","- MATERIAL : SS400, WEIGHT : 30kg/EA
- [BG-90]=910 (35/BG-160/35 -> 45/820/45 로 변경), SW=180, SC=SE=80",1,1
18110414G9100,SUBWEIGHT,"SS400,30kg","- MATERIAL : SS400, WEIGHT : 30kg/EA
- [BG-90]=905 (35/BG-160/35 -> 55/795/55 로 변경), SW=220, SC=SE=115",1,1
VC003831G9300,SUBWEIGHT,"SS400,20kg","- MATERIAL : SS400, WEIGHT : 20kg/EA
 1) 18110412G03 사이즈로 3EA
 2) 18110412G08 사이즈로 1EA
 3) 18110411G12 사이즈로 10EA",1,1
18110824G390A,SUBWEIGHT,"CONCRETE(3.2),30kg",- SPRAY COLOR : BLACK,1,1
18110413G0900,SUBWEIGHT,"FC,30kg","
- 1차 입고수량 : 55 EA / 2차 입고수량 : 8 EA",1,1
18110414G2100,SUBWEIGHT,"SS400,30kg","
- 1차 입고수량 : 86 EA / 2차 입고수량 : 7 EA",1,1
18110412G2100,SUBWEIGHT,"CONCRETE,30kg","
- 1차 입고수량 : 8 EA / 2차 입고수량 : 4 EA",1,1
18110825G3100,SUBWEIGHT,"CONCRETE(5.2),30kg,G/S","- SPRAY COLOR : BLACK
- 1차 입고수량 : 59 EA / 2차 입고수량 : 2 EA",1,1
18110412G0900,SUBWEIGHT,"CONCRETE,30kg","
- 1차 입고수량 : 29 EA / 2차 입고수량 : 2 EA",1,1
18110412G2100,SUBWEIGHT,"CONCRETE,30kg","
- 1차 입고수량 : 41 EA / 2차 입고수량 : 14 EA",1,1
18110824G430A,SUBWEIGHT,"CONCRETE(3.2),30kg","- SPRAY COLOR : BLACK
- 1차 입고수량 : 40 EA / 2차 입고수량 : 7 EA",1,1
18110825G4100,SUBWEIGHT,"CONCRETE(5.2),40kg,G/S","- SPRAY COLOR : BLACK
- 1차 입고수량 : 25 EA / 2차 입고수량 : 7 EA",1,1
18110825G3100,SUBWEIGHT,"CONCRETE(5.2),30kg,G/S","- SPRAY COLOR : BLACK
- 1차 입고수량 : 6 EA / 2차 입고수량 : 13 EA",1,1
VC003831G9300,SUBWEIGHT,"SS400,20kg","*A=810, 도면 상 35->30, [A-70]->750, C=E=55, B=105. 개당 25kg 이하로 제작바랍니다.",1,1
18110414G9100,SUBWEIGHT,"SS400,30kg","- MATERIAL : SS400, WEIGHT : 30kg/EA
- [BG-90]=900 (35/BG-160/35 -> 40/820/40 로 변경), SW=190, SC=SE=80",1,1
18110414G1500,SUBWEIGHT,"SS400,30kg",- 32EA 추가 반영.,1,1
18110825G2700,SUBWEIGHT,"CONCRETE(5.2),30kg,G/S","- SPRAY COLOR : BLACK
- 1차 입고수량 : 48 EA / 2차 입고수량 : 7 EA",1,1
18110412G1800,SUBWEIGHT,"CONCRETE,30kg","
- 1차 입고수량 : 48 EA / 2차 입고수량 : 7 EA",1,1
18110412G1100,SUBWEIGHT,"CONCRETE,30kg",***2026.04.02 자재번호 변경,1,1
18110414G9100,SUBWEIGHT,"SS400,30kg","- MATERIAL : SS400, WEIGHT : 30kg/EA
- [BG-90]=790 (35/BG-160/35 -> 45/700/45 로 변경), SW=170, SC=SE=95",1,1
18110414G9100,SUBWEIGHT,"SS400,30kg","- MATERIAL : SS400, WEIGHT : 30kg/EA
- [BG-90]=905 (35/BG-160/35 -> 40/825/40 로 변경), SW=175, SC=SE=70",1,1
18110414G9100,SUBWEIGHT,"SS400,30kg","- MATERIAL : SS400, WEIGHT : 30kg/EA
- [BG-90]=900 (35/BG-160/35 -> 40/820/40 로 변경), SW=220, SC=SE=115",1,1
18110412G0900,SUBWEIGHT,"CONCRETE,30kg","
- 1차 입고수량 : 23 EA / 2차 입고수량 : 6 EA",1,1
18110414G9100,SUBWEIGHT,"SS400,30kg","- MATERIAL : SS400, WEIGHT : 30kg/EA
- [BG-90]=835 (35/BG-160/35 -> 55/725/55 로 변경), SW=250, SC=SE=165",1,1
18110414G0900,SUBWEIGHT,"SS400,30kg","
- 1차 입고수량 : 63 EA / 2차 입고수량 : 3 EA",1,1
18110414G9100,SUBWEIGHT,"SS400,30kg","- MATERIAL : SS400, WEIGHT : 30kg/EA
- [BG-90]=1090 (35/BG-160/35 -> 50/990/50 로 변경), SW=250, SC=SE=90",1,1
18110414G9100,SUBWEIGHT,"SS400,30kg","- MATERIAL : SS400, WEIGHT : 30kg/EA
- [BG-90]= 885(35/BG-160/35 -> 40/805/40 로 변경), SC=SE=90, SW=170",1,1
18110414G9100,SUBWEIGHT,"SS400,30kg","- MATERIAL : SS400, WEIGHT : 30kg/EA
- [BG-90]=855 (35/BG-160/35 -> 55/745/55 로 변경), SW=200, SC=SE=115",1,1
18110412G1800,SUBWEIGHT,"CONCRETE,30kg","
- 1차 입고수량 : 44 EA / 2차 입고수량 : 8 EA",1,1
18110414G9100,SUBWEIGHT,"SS400,30kg","- MATERIAL : SS400, WEIGHT : 30kg/EA
- [BG-90]=720 (35/BG-160/35 -> 40/640/40 로 변경), SW=170, SC=SE=65",1,1
18110414G9100,SUBWEIGHT,"SS400,30kg","- MATERIAL : SS400, WEIGHT : 30kg/EA
- [BG-90]=730 (35/BG-160/35 -> 25/680/25 로 변경), SW=170, SC=SE=120",1,1
VC003831G9300,SUBWEIGHT,"SS400,20kg","- 18100374G01 참조하여 제작하되, SG=31 (개당 20KG) 으로 제작할것.",1,1
18110414G9100,SUBWEIGHT,"SS400,30kg","- MATERIAL : SS400, WEIGHT : 30kg/EA
- [BG-90]=810 (35/BG-160/35 -> 50/710/50 로 변경), SW=185, SC=SE=115",1,1
18110825G3100,SUBWEIGHT,"CONCRETE(5.2),30kg,G/S","- SPRAY COLOR : BLACK
- 1차 입고수량 : 26 EA / 2차 입고수량 : 15 EA",1,1
18110414G9100,SUBWEIGHT,"SS400,30kg","- MATERIAL : SS400, WEIGHT : 30kg/EA
- [BG-90]=1115 (35/BG-160/35 -> 45/1025/45 로 변경), SW=180, SC=SE=120",1,1
18110413G0500,SUBWEIGHT,"FC,30kg","
- 1차 입고수량 : 35 EA / 2차 입고수량 : 7 EA",1,1
18110414G9100,SUBWEIGHT,"SS400,30kg","- MATERIAL : SS400, WEIGHT : 30kg/EA
- [BG-90]=850 (35/BG-160/35 -> 50/750/50 로 변경), SW=170, SC=SE=120",1,1
18110414G0900,SUBWEIGHT,"SS400,30kg","'- 입고 장소 : 충주공장 물류창고
- 1차 입고수량 : 9 EA
- 2차 입고수량 : 58 EA",1,1
18110414G9100,SUBWEIGHT,"SS400,30kg","- MATERIAL : SS400, WEIGHT : 30kg/EA
- [BG-90]=900 (35/BG-160/35 -> 40/820/40 로 변경), SW=175, SC=SE=70",1,1
18110414G9100,SUBWEIGHT,"SS400,30kg","- MATERIAL : SS400, WEIGHT : 30kg/EA
- [BG-90]=920 (35/BG-160/35 -> 50/820/50 로 변경), SW=175, SC=SE=65",1,1
18110414G9100,SUBWEIGHT,"SS400,30kg","- MATERIAL : SS400, WEIGHT : 30kg/EA
- [BG-90]=915 (35/BG-160/35 -> 40/835/40 로 변경), SW=200, SC=SE=65",1,1
18110825G4300,SUBWEIGHT,"CONCRETE(5.2),40kg,G/S","- SPRAY COLOR : BLACK
- 1차 입고수량 : 19 EA / 2차 입고수량 : 5 EA",1,1
18110414G9100,SUBWEIGHT,"SS400,30kg","- MATERIAL : SS400, WEIGHT : 30kg/EA
- [BG-90]=830 (35/BG-160/35 -> 50/730/50 로 변경), SW=125, SC=SE=65",1,1
VC003831G9300,SUBWEIGHT,"SS400,20kg","- MATERIAL : SS400, WEIGHT : 20kg/EA
- A=1160, A-70=1015 적용, C=E=150, B=220",1,1
18110414G9100,SUBWEIGHT,"SS400,30kg","- MATERIAL : SS400, WEIGHT : 30kg/EA
- [BG-90]=1010 (35/BG-160/35 -> 35/940/35 로 변경), SW=100, SC=SE=70
",1,1
18110412G2100,SUBWEIGHT,"CONCRETE,30kg","
- 1차 입고수량 : 38 EA / 2차 입고수량 : 6 EA",1,1
18110414G1700,SUBWEIGHT,"SS400,30kg","아산타워 #10-1호기용 설치 자재
Q'TY : 123EA
입고지 : 충주 아산타워
담당자 : 홍태화(010-3009-4336)",1,1
18110414G9100,SUBWEIGHT,"SS400,30kg","- MATERIAL : SS400, WEIGHT : 30kg/EA
- [BG-90]= (35/BG-160/35 -> 40/820/40 로 변경), SW=170, SC=SE=120",1,1
18110414G9100,SUBWEIGHT,"SS400,30kg","- MATERIAL : SS400, WEIGHT : 30kg/EA
- [BG-90]=830 (35/BG-160/35 -> 50/730/50 로 변경), SW=140, SC=SE=120",1,1
C18110824G140A,SUBWEIGHT,"CONCRETE(3.2),30kg,G/S",- SPRAY COLOR : BLACK,1,1
18110414G9100,SUBWEIGHT,"SS400,30kg","- MATERIAL : SS400, WEIGHT : 30kg/EA
- [BG-90]=905 (35/BG-160/35 -> 40/825/40 로 변경), SW=150, SC=SE=70",1,1
18110414G2100,SUBWEIGHT,"SS400,30kg","N26354L01 그랜드워커힐 교체공사(4대) 현장 제작 SUBWEIGHT 재고전용
- 1차 입고수량 : 89 EA / 2차 입고수량 : 1 EA",1,1
18110414G9100,SUBWEIGHT,"SS400,30kg","- MATERIAL : SS400, WEIGHT : 30kg/EA
- [BG-90]=895 (35/BG-160/35 -> 35/825/35 로 변경), SW=175, SC=SE=70",1,1
18110414G0900,SUBWEIGHT,"SS400,30kg",- 1차 입고수량 : 70 EA / 2차 입고수량 : 1 EA,1,1
18110413G0900,SUBWEIGHT,"FC,30kg","
- 1차 입고수량 : 47 EA / 2차 입고수량 : 8 EA",1,1
18110414G0900,SUBWEIGHT,"SS400,30kg","
- 1차 입고수량 : 58 EA / 2차 입고수량 : 10 EA",1,1
18110414G9100,SUBWEIGHT,"SS400,30kg","- MATERIAL : SS400, WEIGHT : 30kg/EA
- [BG-90]=475 (35/BG-160/35 -> 55/365/55 로 변경), SW=220, SC=SE=120",1,1
VC000472G0200,SUBWEIGHT,"SS400,19kg/EA","SS400, 20KG
B=220 으로 변경 제작 할 것 (주의)
",1,1
18110414G9100,SUBWEIGHT,"SS400,30kg","- MATERIAL : SS400, WEIGHT : 30kg/EA
- [BG-90]=845 (35/BG-160/35 -> 60/725/60 로 변경), SW=200, SC=SE=115",1,1
C18110824G150A,SUBWEIGHT,"CONCRETE(3.2),30kg,G/S",- SPRAY COLOR : BLACK,1,1
18110414G9100,SUBWEIGHT,"SS400,30kg","- MATERIAL : SS400, WEIGHT : 30kg/EA
- [BG-90]=900 (35/BG-160/35 -> 40/820/40 로 변경), SW=230, SC=SE=70",1,1
18110412G1800,SUBWEIGHT,"CONCRETE,30kg","
- 1차 입고수량 : 29 EA / 2차 입고수량 : 9 EA",1,1
18110413G0900,SUBWEIGHT,"FC,30kg","
- 1차 입고수량 : 42 EA / 2차 입고수량 : 3 EA",1,1
18110414G2100,SUBWEIGHT,"SS400,30kg","
- 1차 입고수량 : 89 EA / 2차 입고수량 : 3 EA",1,1
18110414G9100,SUBWEIGHT,"SS400,30kg","- MATERIAL : SS400, WEIGHT : 30kg/EA
- [BG-90]=880 (35/BG-160/35 -> 40/800/40 로 변경), SW=200, SC=SE=125",1,1
VC003831G9300,SUBWEIGHT,"SS400,20kg","- MATERIAL : SS400, WEIGHT : 20kg/EA
- A=610, A-70=540, B=220, C=E=170",1,1
C18110825G0900,SUBWEIGHT,"CONCRETE(5.2),30kg,SUBSYSTEM",- SPRAY COLOR : BLACK,1,1
18110825G4300,SUBWEIGHT,"CONCRETE(5.2),40kg,G/S","- SPRAY COLOR : BLACK
- 1차 입고수량 : 21 EA / 2차 입고수량 : 5 EA",1,1
18110412G2100,SUBWEIGHT,"CONCRETE,30kg","
- 1차 입고수량 : 23 EA / 2차 입고수량 : 10 EA",1,1
18110414G9100,SUBWEIGHT,"SS400,30kg","- MATERIAL : SS400, WEIGHT : 30kg/EA
- [BG-90]=855 (35/BG-160/35 -> 65/725/65 로 변경), SW=205, SC=SE=115",1,1
18110414G9100,SUBWEIGHT,"SS400,30kg","- MATERIAL : SS400, WEIGHT : 30kg/EA
- [BG-90]=810 (35/BG-160/35 -> 40/730/40 로 변경), SW=175, SC=SE=95",1,1
18110414G9100,SUBWEIGHT,"SS400,30kg","- MATERIAL : SS400, WEIGHT : 30kg/EA
- [BG-90]=1130 (35/BG-160/35 -> 50/1030/50 로 변경), SW=1130, SC=SE=1030",1,1
18100374G0500,SUBWEIGHT,"FC, 7.0x10^-6, 25kg","23.08.21
- 3장 추가. (MRL 기종 & NEO, VIVALDI 의장 적용 )",1,1
18110414G1700,SUBWEIGHT,"SS400,30kg","- Rope식 부품공용화 타워 설치 자재 (GETM6.0H)
2025.03.07 아산타워 2-2호기 설치용 자재 발주 63EA(운반비 포함)
- 입고 장소 : 이천 아산타워 앞
- 입고 요청일: 11/28, 입고장소: 충주공장 F02
2024.11.13 최대카자중 만족을 위한 수량변경(26 ->60 EA)

",1,1
18110412G0900,SUBWEIGHT,"CONCRETE,30kg",- 1차 입고수량 : 4 EA / 2차 입고수량 : 2 EA,1,1
18110414G1700,SUBWEIGHT,"SS400,30kg","아산타워 8호기 설치용 SUBWEIGHT 자재 발주(12/05)
입고장소 : 이천 아산타워 앞
담당자 : 경원엘리베이터 최병환 사장 010-3722-7049",1,1
18110414G9100,SUBWEIGHT,"SS400,30kg","* 비표준 제작 건.
- MATERIAL : SS400, WEIGHT : 30kg/EA
- [BG-90]=925 (35/BG-160/35 -> 65/795/65 로 변경), SW=175, SC=SE=105
- 하기 참조하여 2-D50 HOLES 가공할 것.
  (1) 가로 HOLE 가공 위치 : 212.5/500/212.5
  (2) 세로 HOLE 가공 위치 : 87.5/87.5",1,1
18110414G9100,SUBWEIGHT,"SS400,30kg","- MATERIAL : SS400, WEIGHT : 30kg/EA
- [BG-90]=905 (35/BG-160/35 -> 45/815/45 로 변경), SW=180, SC=SE=85",1,1
18110414G9100,SUBWEIGHT,"SS400,30kg","- MATERIAL : SS400, WEIGHT : 30kg/EA
- [BG-90]=920 (35/BG-160/35 -> 55/810/55 로 변경), SW=170, SC=SE=90",1,1
18110412G2100,SUBWEIGHT,"CONCRETE,30kg","
- 1차 입고수량 : 45 EA / 2차 입고수량 : 10 EA",1,1
18110414G1700,SUBWEIGHT,"SS400,30kg",***2026.04.02 자재번호 변경,1,1
18110414G9100,SUBWEIGHT,"SS400,30kg","- MATERIAL : SS400, WEIGHT : 30kg/EA
- [BG-90]=910 (35/BG-160/35 -> 90/730/90 로 변경), SW=250, SC=SE=175",1,1
18110824G410A,SUBWEIGHT,"CONCRETE(3.2),30kg","- SPRAY COLOR : BLACK
- 1차 입고수량 : 48 EA / 2차 입고수량 : 2 EA",1,1
18110825G3100,SUBWEIGHT,"CONCRETE(5.2),30kg,G/S","- SPRAY COLOR : BLACK
- 1차 입고수량 : 59EA / 2차 입고수량 : 2 EA",1,1
18110414G9100,SUBWEIGHT,"SS400,30kg","- MATERIAL : SS400, WEIGHT : 30kg/EA
- [BG-90]=715 (35/BG-160/35 -> 40/635/40 로 변경), SW=175, SC=SE=70
  (치수 변경 / 26.09.01)",1,1
18110414G0900,SUBWEIGHT,"SS400,30kg",L06~L09호기용,1,1
18110414G9100,SUBWEIGHT,"SS400,30kg","- MATERIAL : SS400, WEIGHT : 30kg/EA
- [BG-90]=835 (35/BG-160/35 -> 50/735/50 로 변경), SW=175, SC=SE=125",1,1
18110414G2100,SUBWEIGHT,"SS400,30kg","
- 1차 입고수량 : 105 EA / 2차 입고수량 : 2 EA",1,1
18110414G9100,SUBWEIGHT,"SS400,30kg","- MATERIAL : SS400, WEIGHT : 30kg/EA
- [BG-90]=815 (35/BG-160/35 -> 55/705/55 로 변경), SW=170, SC=SE=120",1,1
VC003831G9300,SUBWEIGHT,"SS400,20kg","* 18100111H09 형상으로 20KG/EA, 2장 제작 (총 40KG)
* BG=650, WIDTH=340",1,1
18110414G2100,SUBWEIGHT,"SS400,30kg",2026.06.08 18ea 추가,1,1
VC003831G9300,SUBWEIGHT,"SS400,20kg","- MATERIAL : SS400, WEIGHT : 20kg/EA
- A=1170, A-70=1015 적용, C=E=130, B=220",1,1
18110414G9100,SUBWEIGHT,"SS400,30kg","- MATERIAL : SS400, WEIGHT : 30kg/EA
- [BG-90]=1050 (35/BG-160/35 -> 50/950/50 로 변경), SW=200, SC=SE=150",1,1
18110414G9100,SUBWEIGHT,"SS400,30kg","- MATERIAL : SS400, WEIGHT : 30kg/EA
- [BG-90]=910 (35/BG-160/35 -> 45/820/45 로 변경), SW=130, SC=SE=70",1,1
18110414G2100,SUBWEIGHT,"SS400,30kg","
- 1차 입고수량 : 91 EA / 2차 입고수량 : 8 EA",1,1
18110412G2100,SUBWEIGHT,"CONCRETE,30kg",***2026.04.02 자재번호 변경,1,1
18110412G0800,SUBWEIGHT,"CONCRETE,30kg","
- 1차 입고수량 : 12 EA / 2차 입고수량 : 9 EA",1,1
18110414G9100,SUBWEIGHT,"SS400,30kg","- MATERIAL : SS400, WEIGHT : 30kg/EA
- [BG-90]=845 (35/BG-160/35 -> 60/725/60 로 변경), SW=200, SC=SE=120",1,1
18110414G9100,SUBWEIGHT,"SS400,30kg","- MATERIAL : SS400, WEIGHT : 30kg/EA
- [BG-90]=700 (35/BG-160/35 -> 30/640/30 로 변경), SW=165, SC=SE=70",1,1
18110414G1700,SUBWEIGHT,"SS400,30kg","2026.02.25
충주타워 #9-1 설치용
두 번에 나누어 자재 입고 요청(40EA + 35EA)
입고날짜: 26.03.20 이전 (40EA),  26.09.04 이전 (35EA) 
입고장소: 현대엘리베이터 본사 F01공장 뒷편 자재적재 바리케이드 안
입고 담당자: NVH개발팀 최익성(010-5325-5208)
2026.03.09
35EA 별도 발주분 및 운송비 포함 반영 (39EA)",1,1
VC003831G9300,SUBWEIGHT,"SS400,20kg","*VC3831(A=1105, [A-70]=985 , 도면상 35->60, C=E=95 , B=250)",1,1
18110412G2100,SUBWEIGHT,"CONCRETE,30kg","
- 1차 입고수량 : 48 EA / 2차 입고수량 : 10 EA",1,1
18110414G9100,SUBWEIGHT,"SS400,30kg","- MATERIAL : SS400, WEIGHT : 30kg/EA
- [BG-90]=825 (35/BG-160/35 -> 65/695/65 로 변경), SW=175, SC=SE=110",1,1
18110414G0200,SUBWEIGHT,"SS400,30kg",2026.03.09 Plan C Weight 류 변경 건.,1,1
18110414G9100,SUBWEIGHT,"SS400,30kg","- MATERIAL : SS400, WEIGHT : 30kg/EA
- [BG-90]=1145 (35/BG-160/35 -> 55/1035/55 로 변경), SW=200, SC=SE=120",1,1
18110412G2100,SUBWEIGHT,"CONCRETE,30kg","
- 1차 입고수량 : 37 EA / 2차 입고수량 : 13 EA",1,1
VC003831G9300,SUBWEIGHT,"SS400,20kg","- MATERIAL : SS400, WEIGHT : 20kg/EA
* A=930 , A-70=790 적용 , B=200 , C=E=100",1,1
18110412G2100,SUBWEIGHT,"CONCRETE,30kg",- 1차 입고수량 : 62 EA / 2차 입고수량 : 5 EA,1,1
18110414G9100,SUBWEIGHT,"SS400,30kg","- MATERIAL : SS400, WEIGHT : 30kg/EA
- [BG-90]=725 (35/BG-160/35 -> 52.5/620/52.5 로 변경), SW=170, SC=SE=65",1,1
VC003831G9300,SUBWEIGHT,"SS400,20kg","- MATERIAL : SS400, WEIGHT : 20kg/EA
- A=805, A-70 -> 715적용, C=E=70, B=160",1,1
18110414G9100,SUBWEIGHT,"SS400,30kg","- MATERIAL : SS400, WEIGHT : 30kg/EA
- [BG-90]=905 (35/BG-160/35 -> 40/825/40 로 변경), SW=175, SC=SE=75",1,1
18110412G2100,SUBWEIGHT,"CONCRETE,30kg","
- 1차 입고수량 : 31 EA / 2차 입고수량 : 15 EA",1,1
18110825G4100,SUBWEIGHT,"CONCRETE(5.2),40kg,G/S","- SPRAY COLOR : BLACK
- 1차 입고수량 : 62 EA / 2차 입고수량 : 4 EA",1,1
C18110825G2300,SUBWEIGHT,"CONCRETE(5.2),30kg,SUBSYSTEM",- SPRAY COLOR : BLACK,1,1
18110414G1800,SUBWEIGHT,"SS400,30kg",***2026.04.02 자재번호 변경,1,1
18110414G9100,SUBWEIGHT,"SS400,30kg","- MATERIAL : SS400, WEIGHT : 30kg/EA
- [BG-90]=900 (35/BG-160/35 -> 55/790/55 로 변경), SW=175, SC=SE=105",1,1
18110412G2100,SUBWEIGHT,"CONCRETE,30kg","
- 1차 입고수량 : 38 EA / 2차 입고수량 : 9 EA",1,1
18110412G2100,SUBWEIGHT,"CONCRETE,30kg","1. 구자재번호 : 181002190
2. DWG.: 18110414G1700 30KG 두께 16T : 10EA
3. 182523L01, L23, L24, L28, L29호기용",1,1
18110825G4100,SUBWEIGHT,"CONCRETE(5.2),40kg,G/S","- SPRAY COLOR : BLACK
- 1차 입고수량 : 53 EA / 2차 입고수량 : 9 EA",1,1
18110367G0100,SUBWEIGHT,"고속저PIT횡락용OFFSETWT,39.25KG/EA",,1,1
18110414G9100,SUBWEIGHT,"SS400,30kg","- MATERIAL : SS400, WEIGHT : 30kg/EA
- [BG-90]=690 (35/BG-160/35 -> 30/630/30 로 변경), SW=170, SC=SE=70",1,1
18110414G9100,SUBWEIGHT,"SS400,30kg","- MATERIAL : SS400, WEIGHT : 30kg/EA
- [BG-90]=915 (35/BG-160/35 -> 50/815/50 로 변경), SW=170, SC=SE=60",1,1
18110414G9100,SUBWEIGHT,"SS400,30kg","- MATERIAL : SS400, WEIGHT : 30kg/EA
- [BG-90]=1135 (35/BG-160/35 -> 55/1025/55 로 변경), SW=195, SC=SE=115",1,1
18110412G0800,SUBWEIGHT,"CONCRETE,30kg","
- 1차 입고수량 : 7 EA / 2차 입고수량 : 1 EA",1,1
18110412G1800,SUBWEIGHT,"CONCRETE,30kg","
- 1차 입고수량 : 53 EA / 2차 입고수량 : 7 EA",1,1
18110414G9100,SUBWEIGHT,"SS400,30kg","- MATERIAL : SS400, WEIGHT : 30kg/EA
- [BG-90]=715 (35/BG-160/35 -> 40/635/40 로 변경), SW=175, SC=SE=65",1,1
18110412G2100,SUBWEIGHT,"CONCRETE,30kg","26.01.30 구매팀 요청으로 수량 변경
- 1차 입고수량 : 15 EA / 2차 입고수량 : 5 EA",1,1
18110825G4100,SUBWEIGHT,"CONCRETE(5.2),40kg,G/S","- SPRAY COLOR : BLACK
- 1차 입고수량 : 33 EA / 2차 입고수량 : 8 EA",1,1
VC003831G9300,SUBWEIGHT,"SS400,20kg",,1,1
VC003831G9300,SUBWEIGHT,"SS400,20kg","- MATERIAL : SS400, WEIGHT : 20kg/EA
- A=900, A-70=820, C=E=100, B=180",1,1
18110414G9100,SUBWEIGHT,"SS400,30kg","- MATERIAL : SS400, WEIGHT : 30kg/EA
- [BG-90]=1110 (35/BG-160/35 -> 35/1040/35 로 변경), SW=220, SC=SE=170",1,1
18110414G0100,SUBWEIGHT,"SS400,30kg",***2026.04.02 자재번호 변경,1,1
18110414G9100,SUBWEIGHT,"SS400,30kg","- MATERIAL : SS400, WEIGHT : 30kg/EA
- [BG-90]=820 (35/BG-160/35 -> 50/720/50 로 변경), SW=200, SC=SE=115",1,1
18110412G2100,SUBWEIGHT,"CONCRETE,30kg","- Rope식 부품공용화 타워 설치 자재 (GETM6.0H)
- 입고 요청일: 11/28, 입고장소: 충주공장 F02

",1,1
18110340G0400,SUBWEIGHT,"FC15, SHIP",- 2026.06.21 현장긴급조치용 추가 by 김원희,1,1
18110413G0500,SUBWEIGHT,"FC,30kg",25.04.02 구매요청으로 수량 변경,1,1
18110414G9100,SUBWEIGHT,"SS400,30kg","- MATERIAL : SS400, WEIGHT : 30kg/EA
- [BG-90]=810 (35/BG-160/35 -> 40/730/40 로 변경), SW=250, SC=SE=165
",1,1
18110412G2100,SUBWEIGHT,"CONCRETE,30kg","
- 1차 입고수량 : 23 EA / 2차 입고수량 : 3 EA",1,1
18110414G1700,SUBWEIGHT,"SS400,30kg",대주이엔티 발주건,1,1
18110414G0800,SUBWEIGHT,"SS400,30kg","
- 1차 입고수량 : 23 EA / 2차 입고수량 : 10 EA",1,1
18110825G4100,SUBWEIGHT,"CONCRETE(5.2),40kg,G/S","- SPRAY COLOR : BLACK
- 1차 입고수량 : 66 EA / 2차 입고수량 : 3 EA",1,1
VC003831G9300,SUBWEIGHT,"SS400,20kg","- MATERIAL : SS400, WEIGHT : 20kg/EA
- [A]=925 (35/A-70/35 -> 52.5/820/52.5 로 변경), B=180, C=E=85",1,1
18110414G9100,SUBWEIGHT,"SS400,30kg","- MATERIAL : SS400, WEIGHT : 30kg/EA
- [BG-90]=(35/BG-160/35 ->60/1030/60로 변경), SC=SE=115, SW=220, G=비중 7 맞추어 작업할 것.",1,1
VC003831G9300,SUBWEIGHT,"SS400,20kg","*A=825, [A-70]->685, 도면 상 35->70, C=E=90, B=165
",1,1
18110414G1400,SUBWEIGHT,"SS400,30kg","1. NEX SPD RAMP UP 개발품으로 충주 F02 개발품 적재 위치로 입고할 것.
2. 자재수령 담당자 : 윤동휘M(010-4994-1253), 양예림M(010-9435-5602)",1,1
18110414G9100,SUBWEIGHT,"SS400,30kg","- MATERIAL : SS400, WEIGHT : 30kg/EA
- [BG-90]=830 (35/BG-160/35 -> 40/750/40 로 변경), SW=250, SC=SE=170",1,1
18110412G2100,SUBWEIGHT,"CONCRETE,30kg","26.01.30 구매팀 요청으로 수량 12EA 감소
- 1차 입고수량 : 62 EA",1,1
18110412G2100,SUBWEIGHT,"CONCRETE,30kg","
- 1차 입고수량 : 42 EA / 2차 입고수량 : 13 EA",1,1
18110266G0100,SUBWEIGHT,"FC,30kg/EA",*2025.12.19 추가,1,1
18110824G4100,SUBWEIGHT,"CONCRETE(3.2),30kg,G/S","- SPRAY COLOR : BLACK
- 1차 입고수량 : 31 EA / 2차 입고수량 : 9 EA",1,1
18110414G9100,SUBWEIGHT,"SS400,30kg","- MATERIAL : SS400, WEIGHT : 30kg/EA
- [BG-90]=810 (35/BG-160/35 -> 42.5/725/42.5 로 변경), SW=170, SC=SE=120",1,1
VC003831G9300,SUBWEIGHT,"SS400,20kg","- MATERIAL : SS400, WEIGHT : 20kg/EA
* A=1120 , A-70=990 적용 , B=250 , C=E=165",1,1
18110412G0800,SUBWEIGHT,"CONCRETE,30kg","
- 1차 입고수량 : 32 EA / 2차 입고수량 : 4 EA",1,1
18110414G9100,SUBWEIGHT,"SS400,30kg","- MATERIAL : SS400, WEIGHT : 30kg/EA
- [BG-90]=820 (35/BG-160/35 -> 45/730/45 로 변경), SW=170, SC=SE=95",1,1
18110827G0200,SUBWEIGHT,"직상부 MRL,SS400,23.9KG","- G05자재와 동일하게 SS400재질로 작업
- 40kg 4개 (160kg)
- 1개당 G02자재번호 2개씩 수배 ",1,1
18110414G9100,SUBWEIGHT,"SS400,30kg","- MATERIAL : SS400, WEIGHT : 30kg/EA
- [BG-90]=915 (35/BG-160/35 -> 60/795/60 로 변경), SW=200, SC=SE=100",1,1
18110412G0900,SUBWEIGHT,"CONCRETE,30kg","
- 1차 입고수량 : 22 EA / 2차 입고수량 : 2 EA",1,1
18110825G3100,SUBWEIGHT,"CONCRETE(5.2),30kg,G/S","- SPRAY COLOR : BLACK
- 1차 입고수량 : 30 EA / 2차 입고수량 : 2 EA",1,1
18110824G410A,SUBWEIGHT,"CONCRETE(3.2),30kg","- SPRAY COLOR : BLACK
- 1차 입고수량 : 37 EA / 2차 입고수량 : 14 EA",1,1
18110414G1700,SUBWEIGHT,"SS400,30kg","충주타워 8-3호기 설치자재 청구
수량 : 78장
희망입고일: 09월 03일(수) 13시~14시
입고장소: F02공장-본관동 사이 공장 캐노피 아래 야적
받는사람: 김동희 010-6817-2552

======================================
충주타워 8-3호기 모델인증 최대 카자중 양중을 위한 서브웨이트 긴급 청구
입고장소: 충주 아산타워 1층
받는사람: 류원영 010-2058-6288
1) 모델인증용 발주 수량 : 78장
배송료는 서브웨이트 5장으로 대체 자재 청구 합니다.
2) 배송료 대체 자재 청구 수량 : 5장 (배송료)",1,1
18110412G0500,SUBWEIGHT,"CONCRETE,30kg",- 1차 입고수량 : 13 EA / 2차 입고수량 : 6 EA,1,1
18110412G0900,SUBWEIGHT,"CONCRETE,30kg","
- 1차 입고수량 : 9 EA / 2차 입고수량 : 4 EA",1,1
18110414G9100,SUBWEIGHT,"SS400,30kg","- MATERIAL : SS400, WEIGHT : 30kg/EA
- [BG-90]=820 (35/BG-160/35 -> 50/720/50 로 변경), SW=170, SC=SE=70",1,1
18110414G9100,SUBWEIGHT,"SS400,30kg","- MATERIAL : SS400, WEIGHT : 30kg/EA
- [BG-90]=790 (35/BG-160/35 -> 40/710/40 로 변경), SW=160, SC=SE=65",1,1
18110412G1800,SUBWEIGHT,"CONCRETE,30kg","
- 1차 입고수량 : 55 EA / 2차 입고수량 : 2 EA",1,1
18110414G9100,SUBWEIGHT,"SS400,30kg","- MATERIAL : SS400, WEIGHT : 30kg/EA
- [BG-90]=750 (35/BG-160/35 -> 50/650/50 로 변경), SW=180, SC=SE=120",1,1
18110414G9100,SUBWEIGHT,"SS400,30kg","- MATERIAL : SS400, WEIGHT : 30kg/EA
- [BG-90]=910 (35/BG-160/35 -> 55/800/55 로 변경), SW=170, SC=SE=100",1,1
18110412G0500,SUBWEIGHT,"CONCRETE,30kg","
- 1차 입고수량 : 37 EA / 2차 입고수량 : 3 EA",1,1
18110414G9100,SUBWEIGHT,"SS400,30kg","- MATERIAL : SS400, WEIGHT : 30kg/EA
- [BG-90]=900 (35/BG-160/35 -> 40/820/40 로 변경), SW=185, SC=SE=80",1,1
18110825G4100,SUBWEIGHT,"CONCRETE(5.2),40kg,G/S","- SPRAY COLOR : BLACK
- 1차 입고수량 : 64 EA / 2차 입고수량 : 1 EA",1,1
18110414G9100,SUBWEIGHT,"SS400,30kg","- MATERIAL : SS400, WEIGHT : 30kg/EA
- [BG-90]=815 (35/BG-160/35 -> 55/705/55 로 변경), SW=160, SC=SE=120",1,1
18110412G0900,SUBWEIGHT,"CONCRETE,30kg","
- 1차 입고수량 : 28 EA / 2차 입고수량 : 1 EA",1,1
18110414G2100,SUBWEIGHT,"SS400,30kg","
- 1차 입고수량 : 83 EA / 2차 입고수량 : 10 EA",1,1
18110414G9100,SUBWEIGHT,"SS400,30kg","- MATERIAL : SS400, WEIGHT : 30kg/EA
- [BG-90]=895 (35/BG-160/35 -> 55/785/55 로 변경), SW=220, SC=SE=100",1,1
18100111G0100,SUBWEIGHT,"FC,직상부 MRL,BS/EN81,7.0E-6kg/mm^3,50KG","1. 구 자재번호 : 181100193
2. DWG.: VC003831G9300 20KG - 특성치값 : 18100111H04 참조제작
3. 182523L03호기용",1,1
18110412G1700,SUBWEIGHT,"CONCRETE,30kg",- 1차 입고수량 : 7 EA / 2차 입고수량 : 11 EA,1,1
18110414G9100,SUBWEIGHT,"SS400,30kg","- MATERIAL : SS400, WEIGHT : 30kg/EA
- [BG-90]=925 (35/BG-160/35 -> 65/795/65 로 변경), SW=205, SC=SE=100",1,1
18110824G4300,SUBWEIGHT,"CONCRETE(3.2),30kg,G/S","- SPRAY COLOR : BLACK
- 1차 입고수량 : 33 EA / 2차 입고수량 : 10 EA",1,1
18110414G1700,SUBWEIGHT,"SS400,30kg","
- 1차 입고수량 : 86 EA / 2차 입고수량 : 10 EA",1,1
18110412G0500,SUBWEIGHT,"CONCRETE,30kg","입고지 : 충주 엘리베이터 본사 F02 (2공장)
연락처 : 최재구매니저 (010-4218-3113)
입고일 : 04월 14일~ 04월 18일",1,1
VC003831G9300,SUBWEIGHT,"SS400,20kg","- MATERIAL : SS400, WEIGHT : 20kg/EA
- A=915, A-70 -> 820로 적용, C=E=80, B=180",1,1
18110412G2100,SUBWEIGHT,"CONCRETE,30kg",- 1차 입고수량 : 57 EA / 2차 입고수량 : 3 EA,1,1
18110414G0900,SUBWEIGHT,"SS400,30kg","1차 입고 수량 : 75EA
2차 입고 수량 : 2EA",1,1
18110414G9100,SUBWEIGHT,"SS400,30kg","- MATERIAL : SS400, WEIGHT : 30kg/EA
- [BG-90]=860 (35/BG-160/35 -> 50/760/50 로 변경), SW=175, SC=SE=110",1,1
18110414G9100,SUBWEIGHT,"SS400,30kg","- MATERIAL : SS400, WEIGHT : 30kg/EA
- [BG-90]=825 (35/BG-160/35 -> 55/715/55 로 변경), SW=170, SC=SE=95",1,1
18110414G1700,SUBWEIGHT,"SS400,30kg",L01~L05호기용,1,1
18110414G9100,SUBWEIGHT,"SS400,30kg","- MATERIAL : SS400, WEIGHT : 30kg/EA
- [BG-90]=905 (35/BG-160/35 -> 40/825/40 로 변경), SW=200, SC=SE=70",1,1
18110414G9100,SUBWEIGHT,"SS400,30kg","- MATERIAL : SS400, WEIGHT : 30kg/EA
- [BG-90]=815 (35/BG-160/35 -> 45/725/45 로 변경), SW=170, SC=SE=90",1,1
18110414G9100,SUBWEIGHT,"SS400,30kg","- MATERIAL : SS400, WEIGHT : 30kg/EA
- [BG-90]=835 (35/BG-160/35 -> 55/725/55 로 변경), SW=210, SC=SE=115",1,1
18110412G2100,SUBWEIGHT,"CONCRETE,30kg","
- 1차 입고수량 : 30 EA / 2차 입고수량 : 4 EA",1,1
18110414G1800,SUBWEIGHT,"SS400,30kg",※ 폭 250 변경으로 인한 SS400 서브웨이트 적용,1,1
18110412G1400,SUBWEIGHT,"CONCRETE,30kg","
- 1차 입고수량 : 47 EA / 2차 입고수량 : 8 EA",1,1
18110413G0900,SUBWEIGHT,"FC,30kg","
- 1차 입고수량 : 42 EA / 2차 입고수량 : 7 EA",1,1
18110412G0100,SUBWEIGHT,"CONCRETE,30kg",***2026.04.02 자재번호 변경,1,1
18110824G410A,SUBWEIGHT,"CONCRETE(3.2),30kg","- SPRAY COLOR : BLACK
- 1차 입고수량 : 34 EA / 2차 입고수량 : 14 EA",1,1
VC003831G9300,SUBWEIGHT,"SS400,20kg","- MATERIAL : SS400, WEIGHT : 20kg/EA
- A=925, A-70=795 적용, C=E=120, B=170",1,1
18110286G4400,SUBWEIGHT (COMPOUND),"CONCRETE,2.6E-6kg/mm^3,40KG/EA",*2026.02.02 구매요청 자재 변경건,1,1
18110414G9100,SUBWEIGHT,"SS400,30kg","- MATERIAL : SS400, WEIGHT : 30kg/EA
- [BG-90]=905 (35/BG-160/35 -> 40/825/40 로 변경), SW=170, SC=SE=75",1,1
18110412G0500,SUBWEIGHT,"CONCRETE,30kg","
- 1차 입고수량 : 40 EA / 2차 입고수량 : 4 EA",1,1
18110359G0100,SUBWEIGHT,"CONCRETE,3.6E-6kg/mm^3,25KG/EA",WEIGHT 재고소진.,1,1
18110414G9100,SUBWEIGHT,"SS400,30kg","- MATERIAL : SS400, WEIGHT : 30kg/EA
- [BG-90]= (35/BG-160/35 -> 40/1025/40 로 변경), SC=SE=165, SW=220, G=비중 7 맞추어 작업할 것.",1,1
18110824G410A,SUBWEIGHT,"CONCRETE(3.2),30kg","- SPRAY COLOR : BLACK
- 1차 입고수량 : 53 EA / 2차 입고수량 : 2 EA",1,1
18110414G9100,SUBWEIGHT,"SS400,30kg","- MATERIAL : SS400, WEIGHT : 30kg/EA
- [BG-90]=1115 (35/BG-160/35 -> 45/1025/45 로 변경), SW=225, SC=SE=175",1,1
18110286G4800,SUBWEIGHT,"CONCRETE,3.0E-6kg/mm^3,40KG/EA","
- 1차 입고수량 : 34 EA / 2차 입고수량 : 5 EA",1,1
18110414G9100,SUBWEIGHT,"SS400,30kg","- MATERIAL : SS400, WEIGHT : 30kg/EA
- [BG-90]=835 (35/BG-160/35 -> 35/765/35 로 변경), SW=100, SC=SE=90",1,1
18110412G0900,SUBWEIGHT,"CONCRETE,30kg","
- 1차 입고수량 : 30 EA / 2차 입고수량 : 3 EA",1,1
18110824G410A,SUBWEIGHT,"CONCRETE(3.2),30kg","- SPRAY COLOR : BLACK
- 1차 입고수량 : 55 EA / 2차 입고수량 : 8 EA",1,1
18110414G9100,SUBWEIGHT,"SS400,30kg","- MATERIAL : SS400, WEIGHT : 30kg/EA
- [BG-90]=1100 (35/BG-160/35 -> 65/970/65 로 변경), SW=210, SC=SE=145",1,1
18110414G9100,SUBWEIGHT,"SS400,30kg","- MATERIAL : SS400, WEIGHT : 30kg/EA
- [BG-90]=855 (35/BG-160/35 -> 50/755/50 로 변경), SW=175, SC=SE=115",1,1
18110412G1600,SUBWEIGHT,"CONCRETE,30kg",***2026.04.02 자재번호 변경,1,1
18110414G9100,SUBWEIGHT,"SS400,30kg","- MATERIAL : SS400, WEIGHT : 30kg/EA
- [BG-90]=840 (35/BG-160/35 -> 30/780/30 로 변경), SW=100, SC=SE=45",1,1
18110414G9100,SUBWEIGHT,"SS400,30kg","- MATERIAL : SS400, WEIGHT : 30kg/EA
- [BG-90]=820 (35/BG-160/35 -> 60/700/60 로 변경), SW=160, SC=SE=95",1,1
18110414G9100,SUBWEIGHT,"SS400,30kg","- MATERIAL : SS400, WEIGHT : 30kg/EA
- [BG-90]=810 (35/BG-160/35 -> 40/730/40 로 변경), SW=175, SC=SE=195",1,1
18110414G9100,SUBWEIGHT,"SS400,30kg","- MATERIAL : SS400, WEIGHT : 30kg/EA
- [BG-90]=920 (35/BG-160/35 -> 52.5/815/52.5 로 변경), SW=180, SC=SE=80",1,1
18110412G0800,SUBWEIGHT,"CONCRETE,30kg","
- 1차 입고수량 : 8 EA / 2차 입고수량 : 11 EA",1,1
18110414G9100,SUBWEIGHT,"SS400,30kg","- MATERIAL : SS400, WEIGHT : 30kg/EA
- [BG-90]=790 (35/BG-160/35 -> 45/700/45 로 변경), SW=170, SC=SE=100",1,1
18110825G3400,SUBWEIGHT,"CONCRETE(5.2),30kg,G/S",- SPRAY COLOR : BLACK,1,1
VC003831G9300,SUBWEIGHT,"SS400,20kg","- 부품인증 시험용 자재 ...24.11.01 Y.B.KIM
- 삼중티엔씨로 발주할 것
- 충주본사 F02 김영범 매니저(010-4696-1593) 앞으로 입고할 것
- MATERIAL : SS400, WEIGHT : 20kg/EA
- A=845 (35/A-70/35 -> 55/735/55 로 변경), B=170, C=E=125

- 부품인증 시험용 자재 ...24.11.13 Y.B.KIM
- 삼중티엔씨로 발주할 것",1,1
18110412G1600,SUBWEIGHT,"CONCRETE,30kg",- SPRAY COLOR : BLACK,1,1
18110414G9100,SUBWEIGHT,"SS400,30kg","- MATERIAL : SS400, WEIGHT : 30kg/EA
- [BG-90]=720 (35/BG-160/35 -> 50/620/50 로 변경), SW=175, SC=SE=70",1,1
18110414G1700,SUBWEIGHT,"SS400,30kg","1. 구자재번호 : 181002097
2. DWG.: 18110414G1700 30KG 두께 16T : 26EA
3. 182523L02, L10, L11, L12, L13, L17, L18, L19, L20, L21, L22, L25, L26 호기용

******************************************************************************
1. 구자재번호 : 181002100
2. DWG.: 18110414G1700 30KG 두께 16T : 26EA
3. 182523L02. L10, L11,L12, L13, L17, L18, L19, L20, L21, L22, L25, L26호기용",1,1
18110414G9100,SUBWEIGHT,"SS400,30kg","- MATERIAL : SS400, WEIGHT : 30kg/EA
- [BG-90]=870 (35/BG-160/35 -> 65/740/65 로 변경), SW=175, SC=SE=115",1,1
18110412G2100,SUBWEIGHT,"CONCRETE,30kg","
- 1차 입고수량 : 63 EA / 2차 입고수량 : 5 EA",1,1
18110824G410A,SUBWEIGHT,"CONCRETE(3.2),30kg",,1,1
VC003831G9300,SUBWEIGHT,"SS400,20kg","- MATERIAL : SS400, WEIGHT : 20kg/EA
- A=780, A-70=670 적용, C=E=120, B=200",1,1
18110413G0900,SUBWEIGHT,"FC,30kg","
- 1차 입고수량 : 87 EA / 2차 입고수량 : 1 EA",1,1
18110414G9100,SUBWEIGHT,"SS400,30kg","- MATERIAL : SS400, WEIGHT : 30kg/EA
- [BG-90]=825 (35/BG-160/35 -> 55/715/55 로 변경), SW=170, SC=SE=90",1,1
18110825G4300,SUBWEIGHT,"CONCRETE(5.2),40kg,G/S","- SPRAY COLOR : BLACK
- 1차 입고수량 : 24 EA / 2차 입고수량 : 5 EA",1,1
18110412G0800,SUBWEIGHT,"CONCRETE,30kg","
- 1차 입고수량 : 11 EA / 2차 입고수량 : 11 EA",1,1
18110414G9100,SUBWEIGHT,"SS400,30kg","- MATERIAL : SS400, WEIGHT : 30kg/EA
- [BG-90]=915 (35/BG-160/35 -> 52.5/810/52.5 로 변경), SW=170, SC=SE=65",1,1
18110414G2100,SUBWEIGHT,"SS400,30kg","
- 1차 입고수량 : 87 EA / 2차 입고수량 : 13 EA",1,1
18110412G2100,SUBWEIGHT,"CONCRETE,30kg","
- 1차 입고수량 : 36 EA / 2차 입고수량 : 8 EA",1,1
18110412G0400,SUBWEIGHT,"CONCRETE,30kg",2026.03.09 Plan C Weight 류 변경 건.,1,1
18110825G4100,SUBWEIGHT,"CONCRETE(5.2),40kg,G/S","- SPRAY COLOR : BLACK
- 1차 입고수량 : 50 EA / 2차 입고수량 : 9 EA",1,1
18110414G9100,SUBWEIGHT,"SS400,30kg","- MATERIAL : SS400, WEIGHT : 30kg/EA
- [BG-90]=720 (35/BG-160/35 -> 40/640/40 로 변경), SW=170, SC=SE=75",1,1
18110414G9100,SUBWEIGHT,"SS400,30kg","- MATERIAL : SS400, WEIGHT : 30kg/EA
- [BG-90]=1085 (35/BG-160/35 -> 45/995/45 로 변경), SW=245, SC=SE=90",1,1
18110412G1500,SUBWEIGHT,"CONCRETE,30kg","- SPRAY COLOR : BLACK
",1,1
18110412G0500,SUBWEIGHT,"CONCRETE,30kg",- 1차 입고수량 : 7 EA / 2차 입고수량 : 6 EA,1,1
18110824G410A,SUBWEIGHT,"CONCRETE(3.2),30kg","- SPRAY COLOR : BLACK
- 1차 입고수량 : 42 EA / 2차 입고수량 : 9 EA",1,1
18110414G9100,SUBWEIGHT,"SS400,30kg","- MATERIAL : SS400, WEIGHT : 30kg/EA
- [BG-90]=1135 (35/BG-160/35 -> 55/1025/55 로 변경), SW=300, SC=SE=120",1,1
18110414G9100,SUBWEIGHT,"SS400,30kg","- MATERIAL : SS400, WEIGHT : 30kg/EA
- [BG-90]=1130 (35/BG-160/35 -> 45/1040/45 로 변경), SW=220, SC=SE=170",1,1
18110414G9100,SUBWEIGHT,"SS400,30kg","- MATERIAL : SS400, WEIGHT : 30kg/EA
- [BG-90]=925 (35/BG-160/35 -> 50/825/50 로 변경), SW=150, SC=SE=70",1,1
18110412G0800,SUBWEIGHT,"CONCRETE,30kg","L15 호기 적용 자재
- 1차 입고수량 : 9 EA / 2차 입고수량 : 2 EA",1,1
18110414G1700,SUBWEIGHT,"SS400,30kg","충주타워 8-2호기 모델인증 자재 긴급 청구
서브웨이트 수량 30개
희망입고일: 긴급 건으로 최대한 빨리 부탁드립니다. 
입고장소: F01공장-충주타워 화물호기 앞 야적
받는사람: 류원영 010-2058-6288

===============================================

삼화이엔씨 운임비 청구 관련 대체자재 청구 건
서브웨이트 수량 4개 추가
담당자: 류원영 010-2058-6288
",1,1
18110412G2100,SUBWEIGHT,"CONCRETE,30kg","26.01.30 구매팀 요청으로 2차입고수량 변경
- 1차 입고수량 : 62 EA / 2차 입고수량 : 11 EA",1,1
18110414G9100,SUBWEIGHT,"SS400,30kg","(25.12.24) 39EA 추가 발주 (삼화이엔씨-금형보유업체)

긴급요청 선입고 자재 (삼화이앤씨)
충주타워 [GN타입 설치용] 자재",1,1
18110299G0100,SUBWEIGHT,"FC,25kg/EA",,1,1
18110414G9100,SUBWEIGHT,"SS400,30kg","- MATERIAL : SS400, WEIGHT : 30kg/EA
- [BG-90]=930 (35/BG-160/35 -> 40/850/40 로 변경), SW=170, SC=SE=70",1,1
18110414G9100,SUBWEIGHT,"SS400,30kg","- MATERIAL : SS400, WEIGHT : 30kg/EA
- [BG-90]=795 (35/BG-160/35 -> 45/705/45 로 변경), SW=180, SC=SE=90",1,1
18110414G9100,SUBWEIGHT,"SS400,30kg","- MATERIAL : SS400, WEIGHT : 30kg/EA
- [BG-90]=855 (35/BG-160/35 -> 50/755/50 로 변경), SW=175, SC=SE=110",1,1
18110412G0500,SUBWEIGHT,"CONCRETE,30kg","
- 1차 입고수량 : 33 EA / 2차 입고수량 : 6 EA",1,1
18110414G9100,SUBWEIGHT,"SS400,30kg","- MATERIAL : SS400, WEIGHT : 30kg/EA
- [BG-90]=810 (35/BG-160/35 -> 35/740/35 로 변경), SW=170, SC=SE=115",1,1
18110412G1800,SUBWEIGHT,"CONCRETE,30kg","
- 1차 입고수량 : 34 EA / 2차 입고수량 : 13 EA",1,1
18110414G9100,SUBWEIGHT,"SS400,30kg","- MATERIAL : SS400, WEIGHT : 30kg/EA
- [BG-90]=1125 (35/BG-160/35 -> 45/1035/45 로 변경), SW=135, SC=SE=70",1,1
18110351G0500,SUBWEIGHT,"SS400,39KG","- SS400, 39kg
- BG=1500, BW=230, A=16, B=16, C=1435, D=690",1,1
18110413G0800,SUBWEIGHT,"FC,30kg","
- 1차 입고수량 : 43 EA / 2차 입고수량 : 14 EA",1,1
18110414G9100,SUBWEIGHT,"SS400,30kg","- MATERIAL : SS400, WEIGHT : 30kg/EA
- [BG-90]=790 (35/BG-160/35 -> 35/720/35 로 변경), SW=110, SC=SE=100",1,1
18110414G9100,SUBWEIGHT,"SS400,30kg","- MATERIAL : SS400, WEIGHT : 30kg/EA
- [BG-90]=760 (35/BG-160/35 -> 55/650/55 로 변경), SW=180, SC=SE=115",1,1
VC003831G9300,SUBWEIGHT,"SS400,20kg",*18110740 적용하여 제작바랍니다.,1,1
18110414G9100,SUBWEIGHT,"SS400,30kg","- MATERIAL : SS400, WEIGHT : 30kg/EA
- [BG-90]=930 (35/BG-160/35 -> 62.5/805/62.5 로 변경), SW=170, SC=SE=90",1,1
18110824G410A,SUBWEIGHT,"CONCRETE(3.2),30kg","- SPRAY COLOR : BLACK
- 1차 입고수량 : 33 EA / 2차 입고수량 : 9 EA",1,1
VC003831G9300,SUBWEIGHT,"SS400,20kg","*A=915, [A-70]->820, 도면 상 35->47.5, C=E=80, B=180
",1,1
VC003831G9300,SUBWEIGHT,"SS400,20kg","- MATERIAL : SS400, WEIGHT : 20kg/EA
* VC16561H01 적용하여 제작할 것.",1,1
18110412G2100,SUBWEIGHT,"CONCRETE,30kg","
- 1차 입고수량 : 59 EA / 2차 입고수량 : 2 EA",1,1
18110825G4100,SUBWEIGHT,"CONCRETE(5.2),40kg,G/S","- SPRAY COLOR : BLACK
- 1차 입고수량 : 74 EA / 2차 입고수량 : 1 EA",1,1
18110414G9100,SUBWEIGHT,"SS400,30kg","- MATERIAL : SS400, WEIGHT : 30kg/EA
- [BG-90]=820 (35/BG-160/35 -> 50/720/50 로 변경), SW=170, SC=SE=120",1,1
18110412G0800,SUBWEIGHT,"CONCRETE,30kg","
- 1차 입고수량 : 25 EA / 2차 입고수량 : 3 EA",1,1
18110414G9100,SUBWEIGHT,"SS400,30kg","- MATERIAL : SS400, WEIGHT : 30kg/EA
- [BG-90]=1100 (35/BG-160/35 -> 55/990/55 로 변경), SW=250, SC=SE=165",1,1
18110414G9100,SUBWEIGHT,"SS400,30kg","- MATERIAL : SS400, WEIGHT : 30kg/EA
- [BG-90]=805 (35/BG-160/35 -> 30/745/30 로 변경), SW=150, SC=SE=45",1,1
18110412G0800,SUBWEIGHT,"CONCRETE,30kg","
- 1차 입고수량 : 27 EA / 2차 입고수량 : 4 EA",1,1
18110412G1800,SUBWEIGHT,"CONCRETE,30kg",- 1차 입고수량 : 35 EA / 2차 입고수량 : 11 EA,1,1
VC003831G9300,SUBWEIGHT,"SS400,20kg","- MATERIAL : SS400, WEIGHT : 20kg/EA
* VC16561H06 적용하여 제작할 것.",1,1
18110414G9100,SUBWEIGHT,"SS400,30kg","- MATERIAL : SS400, WEIGHT : 30kg/EA
- [BG-90]=800 (35/BG-160/35 -> 45/710/45 로 변경), SW=170, SC=SE=100",1,1
18110414G9100,SUBWEIGHT,"SS400,30kg","- MATERIAL : SS400, WEIGHT : 30kg/EA
- [BG-90]=825 (35/BG-160/35 -> 52.5/720/52.5 로 변경), SW=165, SC=SE=70",1,1
18110414G9100,SUBWEIGHT,"SS400,30kg","- MATERIAL : SS400, WEIGHT : 30kg/EA
- [BG-90]=1125 (35/BG-160/35 -> 40/1045/40 로 변경), SW=220, SC=SE=170",1,1
18110414G9100,SUBWEIGHT,"SS400,30kg","- MATERIAL : SS400, WEIGHT : 30kg/EA
- [BG-90]=800 (35/BG-160/35 -> 40/720/40 로 변경), SW=165, SC=SE=70",1,1
18110414G9100,SUBWEIGHT,"SS400,30kg","- MATERIAL : SS400, WEIGHT : 30kg/EA
- [BG-90]=900 (35/BG-160/35 -> 40/820/40 로 변경), SW=130, SC=SE=65",1,1
VC003831G9300,SUBWEIGHT,"SS400,20kg","*A=1130, 도면 상 35->90, [A-70]->950, C=E=150, B=250
*2026.04.10 수시검사 전류치에 근거하여 26EA 추가",1,1
18110414G9100,SUBWEIGHT,"SS400,30kg","- MATERIAL : SS400, WEIGHT : 30kg/EA
- [BG-90]=900 (35/BG-160/35 -> 40/820/40 로 변경), SW=195, SC=SE=70",1,1
18110414G2100,SUBWEIGHT,"SS400,30kg","
- 1차 입고수량 : 118 EA / 2차 입고수량 : 15 EA",1,1
18110414G9100,SUBWEIGHT,"SS400,30kg","- MATERIAL : SS400, WEIGHT : 30kg/EA
- [BG-90]=920 (35/BG-160/35 -> 65/790/65 로 변경), SW=180, SC=SE=100",1,1
18110414G9100,SUBWEIGHT,"SS400,30kg","- MATERIAL : SS400, WEIGHT : 30kg/EA
- [BG-90]=900 (35/BG-160/35 -> 40/820/40 로 변경), SW=205, SC=SE=65",1,1
VC003831G9300,SUBWEIGHT,"SS400,20kg","1. 18110340G92 참조하여 작업할것!
2. BG=750
3. WT=65KG,L1=670,W1=220,T=18.5 (개당 20KG) 
",1,1
18110414G9100,SUBWEIGHT,"SS400,30kg","- MATERIAL : SS400, WEIGHT : 30kg/EA
- [BG-90]=815 (35/BG-160/35 -> 55/705/55 로 변경), SW=170, SC=SE=85",1,1
18110286G2900,SUBWEIGHT,"CONCRETE,3.6E-6kg/mm^3,40KG/EA",,1,1
18110412G0500,SUBWEIGHT,"CONCRETE,30kg","
- 1차 입고수량 : 21 EA / 2차 입고수량 : 6 EA",1,1
18110286G1200,SUBWEIGHT,"CONCRETE,5.2E-6kg/mm^3,40KG/EA","26.01.30 구매팀 요청으로 자재번호 변경
2차 입고수량 : 1 EA",1,1
18110412G0900,SUBWEIGHT,"CONCRETE,30kg","
- 1차 입고수량 : 20 EA / 2차 입고수량 : 5 EA",1,1
18110414G1400,SUBWEIGHT,"SS400,30kg",- SPRAY COLOR : BLACK,1,1
18110414G9100,SUBWEIGHT,"SS400,30kg","- MATERIAL : SS400, WEIGHT : 30kg/EA
- [BG-90]=795 (35/BG-160/35 -> 45/705/45 로 변경), SW=160, SC=SE=90",1,1
18110414G1700,SUBWEIGHT,"SS400,30kg",- SPRAY COLOR : BLACK,1,1
18110414G9100,SUBWEIGHT,"SS400,30kg","- MATERIAL : SS400, WEIGHT : 30kg/EA
- [BG-90]=845 (35/BG-160/35 -> 55/735/55 로 변경), SW=175, SC=SE=120",1,1
18110413G0900,SUBWEIGHT,"FC,30kg","
- 1차 입고수량 : 70 EA / 2차 입고수량 : 11 EA",1,1
18110414G9100,SUBWEIGHT,"SS400,30kg","- MATERIAL : SS400, WEIGHT : 30kg/EA
- [BG-90]=910 (35/BG-160/35 -> 50/810/50 로 변경), SW=170, SC=SE=90",1,1
18110851G0100,SUBWEIGHT,"FC,15kg/EA",,1,1
18110414G9100,SUBWEIGHT,"SS400,30kg","- MATERIAL : SS400, WEIGHT : 30kg/EA
- [BG-90]=615 (35/BG-160/35 -> 45/525/45 로 변경), SW=220, SC=SE=160",1,1
18110414G9100,SUBWEIGHT,"SS400,30kg","- MATERIAL : SS400, WEIGHT : 30kg/EA
- [BG-90]=810 (35/BG-160/35 -> 55/700/55 로 변경), SW=175, SC=SE=100",1,1
18110412G1500,SUBWEIGHT,"CONCRETE,30kg","- SPRAY COLOR : BLACK
- 1차 입고수량 : 27 EA / 2차 입고수량 : 8 EA",1,1
18110414G9100,SUBWEIGHT,"SS400,30kg","- MATERIAL : SS400, WEIGHT : 30kg/EA
- [BG-90]=1145 (35/BG-160/35 -> 40/1065/40 로 변경), SW=120, SC=SE=70",1,1
18110414G9100,SUBWEIGHT,"SS400,30kg","- MATERIAL : SS400, WEIGHT : 30kg/EA
- [BG-90]=690 (35/BG-160/35 -> 35/620/35 로 변경), SW=170, SC=SE=65",1,1
18110414G9100,SUBWEIGHT,"SS400,30kg","- MATERIAL : SS400, WEIGHT : 30kg/EA
- [BG-90]=825 (35/BG-160/35 -> 40/745/40 로 변경), SW=165, SC=SE=125",1,1
18110414G9100,SUBWEIGHT,"SS400,30kg","- MATERIAL : SS400, WEIGHT : 30kg/EA
- [BG-90]=905 (35/BG-160/35 -> 40/825/40 로 변경), SW=185, SC=SE=85",1,1
18110825G3000,SUBWEIGHT,"CONCRETE(5.2),30kg,G/S","- SPRAY COLOR : BLACK
- 1차 입고수량 : 40 EA / 2차 입고수량 : 1 EA",1,1
18110825G3100,SUBWEIGHT,"CONCRETE(5.2),30kg,G/S","- SPRAY COLOR : BLACK
- 1차 입고수량 : 42 EA / 2차 입고수량 : 3 EA",1,1
18110414G9100,SUBWEIGHT,"SS400,30kg","- MATERIAL : SS400, WEIGHT : 30kg/EA
- [BG-90]=1140 (35/BG-160/35 -> 55/1030/55 로 변경), SW=125, SC=SE=70",1,1
18110413G0900,SUBWEIGHT,"FC,30kg",- 1차 입고수량 : 71 EA / 2차 입고수량 : 9 EA,1,1
18110414G9100,SUBWEIGHT,"SS400,30kg","- MATERIAL : SS400, WEIGHT : 30kg/EA
- [BG-90]=720 (35/BG-160/35 -> 40/640/40 로 변경), SW=180, SC=SE=65",1,1
18110414G9100,SUBWEIGHT,"SS400,30kg","- MATERIAL : SS400, WEIGHT : 30kg/EA
- [BG-90]=930 (35/BG-160/35 -> 52.5/825/52.5 로 변경), SW=170, SC=SE=70",1,1
18110824G4300,SUBWEIGHT,"CONCRETE(3.2),30kg,G/S","- SPRAY COLOR : BLACK
- 1차 입고수량 : 34 EA / 2차 입고수량 : 10 EA",1,1
18110414G9100,SUBWEIGHT,"SS400,30kg","- MATERIAL : SS400, WEIGHT : 30kg/EA
- [BG-90]=710 (35/BG-160/35 -> 45/620/45 로 변경), SW=175, SC=SE=70",1,1
18110412G0500,SUBWEIGHT,"CONCRETE,30kg","
- 1차 입고수량 : 10 EA / 2차 입고수량 : 9 EA",1,1
18110299G0300,SUBWEIGHT,"FC,25kg/EA","1. 구 자재번호 : 181100446
2. DWG.: 18110414G0800 30KG 두께 30T : 6EA
3. 182523L16,L27,L30호기용",1,1
18110412G0800,SUBWEIGHT,"CONCRETE,30kg","
- 1차 입고수량 : 7 EA / 2차 입고수량 : 11 EA",1,1
VC003831G9300,SUBWEIGHT,"SS400,20kg","*A=930, [A-70]->825, 도면 상 35->52.5, C=E=90, B=180
",1,1
18110298G0400,SUBWEIGHT,"SS400,20kg/EA","* 26.08.18. 2EA 추가반영 (영업사양 추가) 
* 26.07.10. 1EA 반영",1,1
18110414G9100,SUBWEIGHT,"SS400,30kg","- MATERIAL : SS400, WEIGHT : 30kg/EA
- [BG-90]=960 (35/BG-160/35 -> 50/860/50 로 변경), SW=255, SC=SE=125",1,1
18110414G1700,SUBWEIGHT,"SS400,30kg","- 부품인증 시험용 자재(BG=1200, 30kg)
- 대주이엔티로 발주할 것
- 충주본사 F02 김영범 매니저(010-4696-1593) 앞으로 입고할 것

",1,1
18110414G9100,SUBWEIGHT,"SS400,30kg","- MATERIAL : SS400, WEIGHT : 30kg/EA
- [BG-90]=810 (35/BG-160/35 -> 35/740/35 로 변경), SW=170, SC=SE=120",1,1
18110414G9100,SUBWEIGHT,"SS400,30kg","- MATERIAL : SS400, WEIGHT : 30kg/EA
- [BG-90]=800 (35/BG-160/35 -> 40/720/40 로 변경), SW=130, SC=SE=65",1,1
18110414G9100,SUBWEIGHT,"SS400,30kg","- MATERIAL : SS400, WEIGHT : 30kg/EA
- [BG-90]=785 (35/BG-160/35 -> 35/715/35 로 변경), SW=130, SC=SE=65",1,1
18110414G9100,SUBWEIGHT,"SS400,30kg","- MATERIAL : SS400, WEIGHT : 30kg/EA
- [BG-90]=910 (35/BG-160/35 -> 55/800/55 로 변경), SW=200, SC=SE=95",1,1
18110298G0300,SUBWEIGHT,"SS400,30kg/EA",,1,1
18110414G9100,SUBWEIGHT,"SS400,30kg","- MATERIAL : SS400, WEIGHT : 30kg/EA
- [BG-90]=940 (35/BG-160/35 -> 65/810/65 로 변경), SW=220, SC=SE=115",1,1
18110825G3000,SUBWEIGHT,"CONCRETE(5.2),30kg,G/S","- SPRAY COLOR : BLACK
- 1차 입고수량 : 50 EA / 2차 입고수량 : 3 EA",1,1
18110414G2100,SUBWEIGHT,"SS400,30kg","
- 1차 입고수량 : 86 EA / 2차 입고수량 : 10 EA",1,1
VC003831G9300,SUBWEIGHT,"SS400,20kg","- MATERIAL : SS400, WEIGHT : 20kg/EA
- A=1110, A-70 -> 980 적용, C=E=100, B=260

26.04.10 2EA 추가
26.05.26 2EA 삭제 (이중출하)
26.06.05 2EA 추가 (선조치정산)",1,1
18110412G0900,SUBWEIGHT,"CONCRETE,30kg","
- 1차 입고수량 : 17 EA / 2차 입고수량 : 2 EA",1,1
18110412G1700,SUBWEIGHT,"CONCRETE,30kg",***2026.04.02 자재번호 변경,1,1
18110414G9100,SUBWEIGHT,"SS400,30kg","- MATERIAL : SS400, WEIGHT : 30kg/EA
- [BG-90]=850 (35/BG-160/35 -> 45/760/45 로 변경), SW=170, SC=SE=105",1,1
18110414G9100,SUBWEIGHT,"SS400,30kg","- MATERIAL : SS400, WEIGHT : 30kg/EA
- [BG-90]=920 (35/BG-160/35 -> 47.5/825/47.5 로 변경), SW=170, SC=SE=70",1,1
18110825G3100,SUBWEIGHT,"CONCRETE(5.2),30kg,G/S","- SPRAY COLOR : BLACK
- 1차 입고수량 : 31 EA / 2차 입고수량 : 15 EA",1,1
18110414G9100,SUBWEIGHT,"SS400,30kg","- MATERIAL : SS400, WEIGHT : 30kg/EA
- [BG-90]=1130 (35/BG-160/35 -> 40/1050/40 로 변경), SW=230, SC=SE=170",1,1
18110824G410A,SUBWEIGHT,"CONCRETE(3.2),30kg","- SPRAY COLOR : BLACK
- 1차 입고수량 : 41 EA / 2차 입고수량 : 9 EA",1,1
18110298G0900,SUBWEIGHT,"SS400,17kg/EA",3.	L40호기 1대분,1,1
VC003831G9300,SUBWEIGHT,"SS400,20kg","- MATERIAL : SS400, WEIGHT : 20kg/EA
* A=910 , A-70=790 적용 , B=165 , C=E=95",1,1
18110413G0900,SUBWEIGHT,"FC,30kg","
- 1차 입고수량 : 62 EA / 2차 입고수량 : 11 EA",1,1
VC003831G9300,SUBWEIGHT,"SS400,20kg","*A=920, [A-70]=790, C=E=102, B=170",1,1
18110414G9100,SUBWEIGHT,"SS400,30kg","- MATERIAL : SS400, WEIGHT : 30kg/EA
- [BG-90]=800 (35/BG-160/35 -> 45/710/45 로 변경), SW=110, SC=SE=90",1,1
18110414G9100,SUBWEIGHT,"SS400,30kg","- MATERIAL : SS400, WEIGHT : 30kg/EA
- [BG-90]=810 (35/BG-160/35 -> 40/730/40 로 변경), SW=165, SC=SE=110",1,1
VC003831G9300,SUBWEIGHT,"SS400,20kg","- MATERIAL : SS400, WEIGHT : 20kg/EA
* A=740 , A-70=630 적용 , B=170 , C=E=70",1,1
18110346G0400,SUBWEIGHT,"SS400,30kg","충주타워 7-2호기 설치용 자재(고속MR원가절감)
입고희망일: 5월 7일(목) 13:30 이후, 다른 날짜 입고 시 연락주세요
입고위치: 현대엘리베이터 충주 본사, 
            F01 뒷편 태양광 지붕 아래 야적
받는사람: 이동준 매니저 (010-4237-0278)

",1,1
18110414G9100,SUBWEIGHT,"SS400,30kg","- MATERIAL : SS400, WEIGHT : 30kg/EA
- [BG-90]=845 (35/BG-160/35 -> 55/735/55 로 변경), SW=250, SC=SE=165",1,1
VC003831G9300,SUBWEIGHT,"SS400,20kg","- MATERIAL : SS400, WEIGHT : 20kg/EA
- A=1160, A-70=995 적용, C=E=130, B=220",1,1
18110413G0900,SUBWEIGHT,"FC,30kg","'- 입고 장소 : 충주공장 물류창고
- 1차 입고수량 : 16 EA",1,1
18110742G0200,SUBWEIGHT,"평택미군부대, SS275",,1,1
18110351G0200,SUBWEIGHT,"FC,56KG","
- 1차 입고수량 : 33 EA / 2차 입고수량 : 7 EA",1,1
18110412G0900,SUBWEIGHT,"CONCRETE,30kg","
- 1차 입고수량 : 9 EA / 2차 입고수량 : 9 EA",1,1
18110414G9100,SUBWEIGHT,"SS400,30kg","- MATERIAL : SS400, WEIGHT : 30kg/EA
- [BG-90]=680 (35/BG-160/35 -> 40/600/40 로 변경), SW=105, SC=SE=65",1,1
18110412G2100,SUBWEIGHT,"CONCRETE,30kg","
- 1차 입고수량 : 37 EA / 2차 입고수량 : 15 EA",1,1
18110414G9100,SUBWEIGHT,"SS400,30kg","- MATERIAL : SS400, WEIGHT : 30kg/EA
- [BG-90]=825 (35/BG-160/35 -> 40/745/40 로 변경), SW=125, SC=SE=65",1,1
18110414G9100,SUBWEIGHT,"SS400,30kg","- MATERIAL : SS400, WEIGHT : 30kg/EA
- [BG-90]=830 (35/BG-160/35 -> 50/730/50 로 변경), SW=175, SC=SE=125",1,1
18110286G4800,SUBWEIGHT,"CONCRETE,3.0E-6kg/mm^3,40KG/EA","1. 구 자재번호 : 181100075
2. DWG.: 18110414G1700 30KG 두께 16T : 10EA
3. 182523L01, L23, L24, L28, L29호기용",1,1
18110825G4100,SUBWEIGHT,"CONCRETE(5.2),40kg,G/S","- SPRAY COLOR : BLACK
- 1차 입고수량 : 55 EA / 2차 입고수량 : 2 EA",1,1
18110414G9100,SUBWEIGHT,"SS400,30kg","- MATERIAL : SS400, WEIGHT : 30kg/EA
- [BG-90]=830 (35/BG-160/35 -> 55/720/55 로 변경), SW=165, SC=SE=90",1,1
18110414G9100,SUBWEIGHT,"SS400,30kg","- MATERIAL : SS400, WEIGHT : 30kg/EA
- [BG-90]=910 (35/BG-160/35 -> 45/820/45 로 변경), SW=130, SC=SE=65",1,1
18110414G9100,SUBWEIGHT,"SS400,30kg","- MATERIAL : SS400, WEIGHT : 30kg/EA
- [BG-90]=905 (35/BG-160/35 -> 40/825/40 로 변경), SW=170, SC=SE=70
",1,1
18110414G9100,SUBWEIGHT,"SS400,30kg","- MATERIAL : SS400, WEIGHT : 30kg/EA
- [BG-90]=925 (35/BG-160/35 -> 52.5/820/52.5 로 변경), SW=175, SC=SE=65",1,1
18110412G1400,SUBWEIGHT,"CONCRETE,30kg","충주타워 저층부 MRL 설치용(2024.08.29)

-[저층부 MRL] 표기하여 입고할 것
- 입고지 : 현대엘리베이터 충주 테스트타워 입구
- 입고요청일 : '24.09.20 ",1,1
18110414G9100,SUBWEIGHT,"SS400,30kg","-BG=1250, SW=230, SC=180, SE=170, G=비중 맞추어 제작할 것.",1,1
18110825G2700,SUBWEIGHT,"CONCRETE(5.2),30kg,G/S","- SPRAY COLOR : BLACK
- 1차 입고수량 : 52 EA / 2차 입고수량 : 7 EA",1,1
18110414G2100,SUBWEIGHT,"SS400,30kg","*SAFETY 사양 변경시 변경 자재
- 1차 입고수량 : 108 EA / 2차 입고수량 : 2 EA",1,1
VC003831G9300,SUBWEIGHT,"SS400,20kg","- MATERIAL : SS400, WEIGHT : 20kg/EA
- A=710, A-70 -> 630적용, C=E=80, B=170",1,1
VC003831G9300,SUBWEIGHT,"SS400,20kg","* 비중 7 맞추어 작업할 것.
- MATERIAL : SS400, WEIGHT : 20kg/6EA,
- AA=1085(35/A-70/35 -> 45/995/45 로 변경), C=E=90, BB=250, G=13

* 비중 7 맞추어 작업할 것.
- MATERIAL : SS400, WEIGHT : 20kg/6EA,
- AA=1080, 50/980/50 6SET,  B=250, C=E=95.
",1,1
18110414G9100,SUBWEIGHT,"SS400,30kg","- MATERIAL : SS400, WEIGHT : 30kg/EA
- [BG-90]=1120 (35/BG-160/35 -> 45/1030/45 로 변경), SW=130, SC=SE=60",1,1
18110412G2100,SUBWEIGHT,"CONCRETE,30kg","25.09.26 수량 원복
- 1차 입고수량 : 61 EA / 2차 입고수량 : 5 EA

181002190(구자재번호) : 21 EA (40KG), 18110412G2100 38 EA (30KG)  적용 할것.
",1,1
18110412G2100,SUBWEIGHT,"CONCRETE,30kg","*25.09.26 수량원복
- 1차 입고수량 : 61 EA / 2차 입고수량 : 5 EA

- 181002190(구자재번호): 30EA (40 kg), 18110412G2100 : 26EA (30 kg)로 적용할 것.",1,1
18110414G9100,SUBWEIGHT,"SS400,30kg","- 18110414G21 도면 참고하여 작업할 것.
- 2차 입고수량 : 3 EA",1,1
18110412G2100,SUBWEIGHT,"CONCRETE,30kg","
- 1차 입고수량 : 47 EA / 2차 입고수량 : 7 EA",1,1
18110825G3100,SUBWEIGHT,"CONCRETE(5.2),30kg,G/S","- SPRAY COLOR : BLACK
- 입고장소 : 충주 물류센터",1,1
18110414G2100,SUBWEIGHT,"SS400,30kg","
- 1차 입고수량 : 96 EA / 2차 입고수량 : 13 EA",1,1
18110825G3100,SUBWEIGHT,"CONCRETE(5.2),30kg,G/S","- SPRAY COLOR : BLACK
- 1차 입고수량 : 14 EA / 2차 입고수량 : 10 EA",1,1
VC003831G9300,SUBWEIGHT,"SS400,20kg","- MATERIAL : SS400, WEIGHT : 20kg/EA
* A=820 , A-70=690 적용 , B=170 , C=E=100",1,1
18110414G9100,SUBWEIGHT,"SS400,30kg","- MATERIAL : SS400, WEIGHT : 30kg/EA
- [BG-90]=1125 (35/BG-160/35 -> 50/1025/50 로 변경), SW=210, SC=SE=170",1,1
18110414G9100,SUBWEIGHT,"SS400,30kg","- MATERIAL : SS400, WEIGHT : 30kg/EA
- [BG-90]=900 (35/BG-160/35 -> 55/790/55 로 변경), SW=170, SC=SE=105",1,1
18110824G410A,SUBWEIGHT,"CONCRETE(3.2),30kg","- SPRAY COLOR : BLACK
- 1차 입고수량 : 29 EA / 2차 입고수량 : 9 EA",1,1
18110414G1100,SUBWEIGHT,"SS400,30kg",25.06.24 : 추가요청 건,1,1
18110825G4100,SUBWEIGHT,"CONCRETE(5.2),40kg,G/S","- SPRAY COLOR : BLACK
- 1차 입고수량 : 58 EA / 2차 입고수량 : 4 EA",1,1
18110414G1400,SUBWEIGHT,"SS400,30kg","- Max.CAR WT = 2100kg 
- Capa = 1800kg
- 최대카중량 기준으로 산정함
26.09.10 홍태화
충주타워 #9-4 설치용
입고날짜: 26.09.29 이전
입고장소: 충주타워 화물용 호기 입구
입고 담당자: 권상시스템개발팀 홍태화(010 3009 4336)",1,1
18110414G1700,SUBWEIGHT,"SS400,30kg","***2026.04.02 수량 변경(+63) 
- 1차 입고수량 : 85 EA / 2차 입고수량 : 1 EA",1,1
18110414G1700,SUBWEIGHT,"SS400,30kg","26.04.28 수량 27EA 추가(PLAN-C 자재변경 / 동일 중량에 맞는 수량 반영)
대주이앤티 조치건",1,1
18110414G9100,SUBWEIGHT,"SS400,30kg","- MATERIAL : SS400, WEIGHT : 30kg/EA
- [BG-90]=1120 (35/BG-160/35 -> 45/1030/45 로 변경), SW=200, SC=SE=170",1,1
18110825G4300,SUBWEIGHT,"CONCRETE(5.2),40kg,G/S","충주타워 7-2호기 설치용 자재(고속MR원가절감)
입고희망일: 5월 7일(목) 13:30 이후, 다른 날짜 입고 시 연락주세요
입고위치: 현대엘리베이터 충주 본사, 
            F01 뒷편 태양광 지붕 아래 야적
받는사람: 이동준 매니저 (010-4237-0278)

- SPRAY COLOR : BLACK",1,1
VC003831G9300,SUBWEIGHT,"SS400,20kg","*제작할 때 18110740 적용하되, t25 소재로 제작바랍니다.",1,1
18110414G9100,SUBWEIGHT,"SS400,30kg","- MATERIAL : SS400, WEIGHT : 30kg/EA
- [BG-90]=815 (35/BG-160/35 -> 40/735/40 로 변경), SW=165, SC=SE=70",1,1
18110824G4100,SUBWEIGHT,"CONCRETE(3.2),30kg,G/S","- SPRAY COLOR : BLACK
- 1차 입고수량 : 36 EA / 2차 입고수량 : 10 EA",1,1
18110414G2100,SUBWEIGHT,"SS400,30kg","
- 1차 입고수량 : 89 EA / 2차 입고수량 : 8 EA",1,1
18110412G0900,SUBWEIGHT,"CONCRETE,30kg","
- 1차 입고수량 : 10 EA / 2차 입고수량 : 5 EA",1,1
18110414G9100,SUBWEIGHT,"SS400,30kg","- MATERIAL : SS400, WEIGHT : 30kg/EA
- [BG-90]=705 (35/BG-160/35 -> 40/625/40 로 변경), SW=110, SC=SE=70",1,1
18110414G9100,SUBWEIGHT,"SS400,30kg","- MATERIAL : SS400, WEIGHT : 30kg/EA
- [BG-90]=925 (35/BG-160/35 -> 50/825/50 로 변경), SW=180, SC=SE=80

- 설치NOTE : L01~07 호기용 (호기당 3EA씩)",1,1
18110414G9100,SUBWEIGHT,"SS400,30kg","- MATERIAL : SS400, WEIGHT : 30kg/EA
- [BG-90]=895 (35/BG-160/35 -> 40/815/40 로 변경), SW=180, SC=SE=85",1,1
18110414G9100,SUBWEIGHT,"SS400,30kg","- MATERIAL : SS400, WEIGHT : 30kg/EA
- [BG-90]=925 (35/BG-160/35 -> 55/815/55 로 변경), SW=170, SC=SE=95",1,1
18110414G9100,SUBWEIGHT,"SS400,30kg","- MATERIAL : SS400, WEIGHT : 30kg/EA
- [BG-90]=710 (35/BG-160/35 -> 35/640/35 로 변경), SW=170, SC=SE=65",1,1
18110414G9100,SUBWEIGHT,"SS400,30kg","- MATERIAL : SS400, WEIGHT : 30kg/EA
- [BG-90]=915 (35/BG-160/35 -> 45/825/45 로 변경), SW=205, SC=SE=120",1,1
18110412G0500,SUBWEIGHT,"CONCRETE,30kg",- 수량 변경 / 26.02.27,1,1
18110414G1700,SUBWEIGHT,"SS400,30kg","26.04.28 수량 26EA 추가(PLAN-C 자재변경 / 동일 중량에 맞는 수량 반영)
대주이앤티 조치건",1,1
VC003831G9300,SUBWEIGHT,"SS400,20kg","MATERIAL : SS400, WEIGHT : 20kg/EA.
- A=1100, [35/A-70/35] → [55/990/55]으로 변경 제작할 것.
- B=250, C=E=90.
- Q'TY=3 EA [60 kg].
",1,1
18110414G9100,SUBWEIGHT,"SS400,30kg","- MATERIAL : SS400, WEIGHT : 30kg/EA
- [BG-90]=805 (35/BG-160/35 -> 40/725/40 로 변경), SW=2500, SC=SE=170",1,1
18110412G0300,SUBWEIGHT,"CONCRETE,30kg","25.10.15 주석 원복 구매팀 요청
181100521 (구자재번호) : 5EA (25KG), 18110412G0300: 13 EA (30 EA) 적용 할 것
",1,1
VC003831G9300,SUBWEIGHT,"SS400,20kg",181C044H01 형상으로 제작바랍니다.,1,1
VC003831G9300,SUBWEIGHT,"SS400,20kg",VC14520H01L03 도면 형상으로 개당 20kg 이하로 제작바랍니다.,1,1
18110414G0400,SUBWEIGHT,"SS400,30kg",2026.03.09 Plan C Weight 류 변경 건.,1,1
18110414G0900,SUBWEIGHT,"SS400,30kg","
- 1차 입고수량 : 53 EA / 2차 입고수량 : 12 EA",1,1
18110825G3000,SUBWEIGHT,"CONCRETE(5.2),30kg,G/S","- SPRAY COLOR : BLACK
- 1차 입고수량 : 38 EA / 2차 입고수량 : 8 EA",1,1
18110414G9100,SUBWEIGHT,"SS400,30kg","- MATERIAL : SS400, WEIGHT : 30kg/EA
- [BG-90]=1130 (35/BG-160/35 -> 52.5/1025/52.5 로 변경), SW=220, SC=SE=170",1,1
18110414G9100,SUBWEIGHT,"SS400,30kg","- MATERIAL : SS400, WEIGHT : 30kg/EA
- [BG-90]=795 (35/BG-160/35 -> 45/705/45 로 변경), SW=170, SC=SE=90",1,1
18110414G9100,SUBWEIGHT,"SS400,30kg","- MATERIAL : SS400, WEIGHT : 30kg/EA
- [BG-90]=1130 (35/BG-160/35 -> 50/1030/50 로 변경), SW=220, SC=SE=165",1,1
18110414G9100,SUBWEIGHT,"SS400,30kg","- MATERIAL : SS400, WEIGHT : 30kg/EA
- [BG-90]=810 (35/BG-160/35 -> 40/730/40 로 변경), SW=150, SC=SE=105",1,1
18110414G1100,SUBWEIGHT,"SS400,30kg",***2026.04.02 자재번호 변경,1,1
VC003831G9300,SUBWEIGHT,"SS400,20kg",*181C044H02 형상대로 60kg 제작바랍니다(개당 20kg 내외로 제작바랍니다).,1,1
18110414G9100,SUBWEIGHT,"SS400,30kg","***Subweight 재고 소진***

- MATERIAL : SS400, WEIGHT : 30kg/EA
- [BG-90]=905 (35/BG-160/35 -> 40/825/40 로 변경), SW=185, SC=SE=80",1,1
18110414G1100,SUBWEIGHT,"SS400,30kg",2026.03.10 Plan C Weight 류 변경 건.,1,1
18110414G9100,SUBWEIGHT,"SS400,30kg","- MATERIAL : SS400, WEIGHT : 30kg/EA
- [BG-90]= 820(35/BG-160/35 -> 50/720/50 로 변경), SC=SE=65, SW=180, G=비중 7 맞추어 제작할 것.


- 4EA 추가.
- MATERIAL : SS400, WEIGHT : 30kg/EA
- [BG-90]=1100 (35/BG-160/35 -> 65/970/65 로 변경), SW=210, SC=SE=145",1,1
18110824G430A,SUBWEIGHT,"CONCRETE(3.2),30kg","- SPRAY COLOR : BLACK
- 1차 입고수량 : 30 EA / 2차 입고수량 : 7 EA",1,1
VC003831G9300,SUBWEIGHT,"SS400,20kg","*A=610, B=250, C=180, E=170",1,1
18110414G9100,SUBWEIGHT,"SS400,30kg","- MATERIAL : SS400, WEIGHT : 30kg/EA
- [BG-90]=810 (35/BG-160/35 -> 90/730/90 로 변경), SW=170, SC=SE=120",1,1
18110824G430A,SUBWEIGHT,"CONCRETE(3.2),30kg","- SPRAY COLOR : BLACK
- 1차 입고수량 : 45 EA / 2차 입고수량 : 7 EA",1,1
18110413G0500,SUBWEIGHT,"FC,30kg","4EA 출하.
메일참고.",1,1
18110414G1000,SUBWEIGHT,"SS400,30kg",2026.03.09 Plan C Weight 류 변경 건.,1,1
18110414G0500,SUBWEIGHT,"SS400,30kg",***2026.04.21 3ea 적용 및 비표준 대응건(+4ea)***,1,1
18110414G2100,SUBWEIGHT,"SS400,30kg","*SAFETY 사양 변경시 변경자재
- 1차 입고수량 : 108 EA / 2차 입고수량 : 2 EA",1,1
18110414G2100,SUBWEIGHT,"SS400,30kg",- 1차 입고수량 : 110 EA / 2차 입고수량 : 15 EA,1,1
C18110824G0900,SUBWEIGHT,"CONCRETE(3.2),30kg,SUBSYSTEM",- SPRAY COLOR : BLACK,1,1
18110825G4100,SUBWEIGHT,"CONCRETE(5.2),40kg,G/S","- SPRAY COLOR : BLACK
- 1차 입고수량 : 33 EA / 2차 입고수량 : 1 EA",1,1
18110414G9100,SUBWEIGHT,"SS400,30kg","- MATERIAL : SS400, WEIGHT : 30kg/EA
- [BG-90]=795 (35/BG-160/35 -> 40/715/40 로 변경), SW=180, SC=SE=90",1,1
18110414G9100,SUBWEIGHT,"SS400,30kg","- MATERIAL : SS400, WEIGHT : 30kg/EA
- [BG-90]=920 (35/BG-160/35 -> 65/790/65 로 변경), SW=165, SC=SE=100",1,1
18100374G0200,SUBWEIGHT,"FC, 7.0x10^-6, 25kg",,1,1
18110413G0100,SUBWEIGHT,"FC,30kg",- SPRAY COLOR : BLACK,1,1
18110825G3100,SUBWEIGHT,"CONCRETE(5.2),30kg,G/S","- SPRAY COLOR : BLACK
- 1차 입고수량 : 16 EA / 2차 입고수량 : 17 EA",1,1
18110414G9100,SUBWEIGHT,"SS400,30kg","- MATERIAL : SS400, WEIGHT : 30kg/EA
- [BG-90]=925 (35/BG-160/35 -> 50/825/50 로 변경), SW=85, SC=SE=70",1,1
18110414G9100,SUBWEIGHT,"SS400,30kg","- MATERIAL : SS400, WEIGHT : 30kg/EA
- [BG-90]=615 (35/BG-160/35 -> 55/505/55 로 변경), SW=220, SC=SE=160",1,1
18110413G0900,SUBWEIGHT,"FC,30kg","
- 1차 입고수량 : 48 EA / 2차 입고수량 : 14 EA",1,1
18110412G0800,SUBWEIGHT,"CONCRETE,30kg","
- 1차 입고수량 : 17 EA / 2차 입고수량 : 8 EA",1,1
18110411G0900,SUBWEIGHT,"CONCRETE,30kg",수량 변경 / 26.01.26,1,1
18110298G0100,SUBWEIGHT,"SS400,20kg/EA",N03184L18호기 적용 ,1,1
18110825G3000,SUBWEIGHT,"CONCRETE(5.2),30kg,G/S","- SPRAY COLOR : BLACK
- 1차 입고수량 : 49 EA / 2차 입고수량 : 1 EA",1,1
18110825G4100,SUBWEIGHT,"CONCRETE(5.2),40kg,G/S","- SPRAY COLOR : BLACK
- 1차 입고수량 : 61 EA / 2차 입고수량 : 2 EA",1,1
18110267G1000,SUBWEIGHT,"SS400,25kg","2026.08.20 - 충주 아산타워 8-4호기 교체공사 발주 건 - 최재구
- SUBWEIGHT 발주의 건
- SS400 TYPE / 개당 25kg
- [BG]=1200, [SB]=220, [SC]=180, [SE]=170, [SG]=14
- Q'TY : 8 EA / 200kg
- 입고 장소 : 충주 아산타워 화물용 EL 입구 앞
- 담당자 : 최재구(010-4218-3113)",1,1
18110414G9100,SUBWEIGHT,"SS400,30kg","- MATERIAL : SS400, WEIGHT : 30kg/EA
- [BG-90]=800 (35/BG-160/35 -> 35/730/35 로 변경), SW=130, SC=SE=100",1,1
18110414G0900,SUBWEIGHT,"SS400,30kg","
- 1차 입고수량 : 59 EA / 2차 입고수량 : 9 EA",1,1
18110413G0900,SUBWEIGHT,"FC,30kg",- 입고장소 : 충주 물류센터,1,1
18110825G4100,SUBWEIGHT,"CONCRETE(5.2),40kg,G/S","- SPRAY COLOR : BLACK
- 1차 입고수량 : 36 EA / 2차 입고수량 : 8 EA",1,1
18110412G2100,SUBWEIGHT,"CONCRETE,30kg","
- 1차 입고수량 : 63 EA / 2차 입고수량 : 10 EA",1,1
VC003831G9300,SUBWEIGHT,"SS400,20kg","- MATERIAL : SS400, WEIGHT : 20kg/EA
- A=920, A-70=795 적용, C=E=120, B=170",1,1
18110414G9100,SUBWEIGHT,"SS400,30kg","- MATERIAL : SS400, WEIGHT : 30kg/EA
- [BG-90]=790 (35/BG-160/35 -> 45/700/45 로 변경), SW=180, SC=SE=120",1,1
18110414G9100,SUBWEIGHT,"SS400,30kg","- MATERIAL : SS400, WEIGHT : 30kg/EA
- [BG-90]=820 (35/BG-160/35 -> 45/730/45 로 변경), SW=165, SC=SE=95",1,1
18110825G3100,SUBWEIGHT,"CONCRETE(5.2),30kg,G/S","- SPRAY COLOR : BLACK
- 1차 입고수량 : 27 EA / 2차 입고수량 : 12 EA",1,1
18110414G9100,SUBWEIGHT,"SS400,30kg","- MATERIAL : SS400, WEIGHT : 30kg/EA
- [BG-90]=825 (35/BG-160/35 -> 50/725/50 로 변경), SW=165, SC=SE=120",1,1
18110412G1400,SUBWEIGHT,"CONCRETE,30kg","1. NEX SPD RAMP UP 개발품으로 충주 F02 개발품 적재 위치로 입고할 것.
2. 자재수령 담당자 : 윤동휘M(010-4994-1253), 양예림M(010-9435-5602)",1,1
VC003831G9300,SUBWEIGHT,"SS400,20kg","- MATERIAL : SS400, WEIGHT : 20kg/EA
- A=820, A-70 -> 820적용, C=E=95, B=180

25.08.30 추가 (6EA)
- MATERIAL : SS400, WEIGHT : 20kg/EA
- A=920, A-70 -> 820적용, C=E=95, B=180
",1,1
18110412G2100,SUBWEIGHT,"CONCRETE,30kg","
- 1차 입고수량 : 46 EA / 2차 입고수량 : 10 EA",1,1
18110414G9100,SUBWEIGHT,"SS400,30kg","- MATERIAL : SS400, WEIGHT : 30kg/EA
- [BG-90]=825 (35/BG-160/35 -> 45/735/45 로 변경), SW=130, SC=SE=100",1,1
18110414G9100,SUBWEIGHT,"SS400,30kg","- MATERIAL : SS400, WEIGHT : 30kg/EA
- [BG-90]=1130 (35/BG-160/35 -> 55/1020/55 로 변경), SW=220, SC=SE=165",1,1
18110825G4100,SUBWEIGHT,"CONCRETE(5.2),40kg,G/S","- SPRAY COLOR : BLACK
- 1차 입고수량 : 53 EA / 2차 입고수량 : 2 EA",1,1
18110414G9100,SUBWEIGHT,"SS400,30kg","- MATERIAL : SS400, WEIGHT : 30kg/EA
- [BG-90]=815 (35/BG-160/35 -> 45/725/45 로 변경), SW=170, SC=SE=95",1,1
18100370G0300,SUBWEIGHT,"CONCRETE, 3.6x10^-6, 25kg","*Subweight 재고 전용(황은미 매니저, 메일 참조)*",1,1
18110349G0100,SUBWEIGHT,"FC,7.25E-6kg/mm^3,40KG/EA",26.03.18 설치 조정용,1,1
18110414G9100,SUBWEIGHT,"SS400,30kg","충주타워#8-1 설치용
수량: 25M (이전 발주 누계: 65M)
대주이엔티 선조치건 (06/19)
담당자: 임태윤M
------------------------------------------
충주타워#8-1 설치용
CWT BG = 600, SW = 125,
SC = 85, SE = 75, G = 30
- 상기 Spec 기준 1EA 당 무게 = 14.25kg
- Subweight 필요 무게 = 1178.13kg
- Subweight 필요 개수 = 83EA (14.25kg로 계산시)
- Subweight 필요 개수 = 40EA (30kg로 계산시)
상기 Spec으로 83EA 제작
입고날짜 : 25.05.30",1,1
18110824G4100,SUBWEIGHT,"CONCRETE(3.2),30kg,G/S","- SPRAY COLOR : BLACK
아산타워 #8-4호기용 설치 자재
Q'TY : 45EA
입고지 : 충주 아산타워
입고 요청일 : 5/28~29
담당자 : 임장빈 기성(010-3946-3245)",1,1
VC003831G9300,SUBWEIGHT,"SS400,20kg",VC864H01L05 형상으로 제작바랍니다.,1,1
18110414G9100,SUBWEIGHT,"SS400,30kg","- MATERIAL : SS400, WEIGHT : 30kg/EA
- [BG-90]=805 (35/BG-160/35 -> 55/695/55 로 변경), SW=170, SC=SE=95",1,1
18110414G9100,SUBWEIGHT,"SS400,30kg","- MATERIAL : SS400, WEIGHT : 30kg/EA
- [BG-90]=1125 (35/BG-160/35 -> 50/1025/50 로 변경), SW=225, SC=SE=170",1,1
18110414G9100,SUBWEIGHT,"SS400,30kg","- MATERIAL : SS400, WEIGHT : 30kg/EA
- [BG-90]=845 (35/BG-160/35 -> 40/765/40 로 변경), SW=170, SC=SE=110",1,1
18110414G9100,SUBWEIGHT,"SS400,30kg","- MATERIAL : SS400, WEIGHT : 30kg/EA
- [BG-90]=825 (35/BG-160/35 -> 50/725/50 로 변경), SW=170, SC=SE=90",1,1
18110264G0100,SUBWEIGHT (FC),"MAT`S=FC, 30kg,",,1,1
VC003831G9300,SUBWEIGHT,"SS400,20kg","*VC3831(A=840, [A-70]=700, 도면상 35->70, C=E=110, B=170)",1,1
18110351G0500,SUBWEIGHT,"SS400,39KG","25.03.05_ KC인증심사용
GX70 정기심사 SUBWEIGHT  추가발주
-화성동탄 35BL",1,1
18110412G2100,SUBWEIGHT,"CONCRETE,30kg","- 1차 입고수량 : 61 EA / 2차 입고수량 : 5 EA

181002115(구자재번호) 8EA (40KG), 18110412G2100 56EA (30KG) 적용할 것


",1,1
18110414G9100,SUBWEIGHT,"SS400,30kg","- MATERIAL : SS400, WEIGHT : 30kg/EA
- [BG-90]=850 (35/BG-160/35 -> 45/760/45 로 변경), SW=170, SC=SE=110",1,1
18110414G9100,SUBWEIGHT,"SS400,30kg","- MATERIAL : SS400, WEIGHT : 30kg/EA
- [BG-90]=915 (35/BG-160/35 -> 90/735/90 로 변경), SW=200, SC=SE=70",1,1
18110412G2100,SUBWEIGHT,"CONCRETE,30kg","
- 1차 입고수량 : 41 EA / 2차 입고수량 : 2 EA",1,1
18110414G9100,SUBWEIGHT,"SS400,30kg","- MATERIAL : SS400, WEIGHT : 30kg/EA
- [BG-90]=8200 (35/BG-160/35 -> 3735/730/3735 로 변경), SW=170, SC=SE=120",1,1
18110414G9100,SUBWEIGHT,"SS400,30kg","- MATERIAL : SS400, WEIGHT : 30kg/EA
- [BG-90]=1130 (35/BG-160/35 -> 50/1030/50 로 변경), SW=250, SC=SE=165",1,1
18110825G3000,SUBWEIGHT,"CONCRETE(5.2),30kg,G/S","- SPRAY COLOR : BLACK
- 1차 입고수량 : 19 EA / 2차 입고수량 : 11 EA",1,1
18110414G0300,SUBWEIGHT,"SS400,30kg",2.	L39/L43/L44호기 (3대분)  _ 대당 2EA,1,1
18110411G1200,SUBWEIGHT,"CONCRETE,30kg",- SPRAY COLOR : BLACK,1,1
18110414G9100,SUBWEIGHT,"SS400,30kg","- MATERIAL : SS400, WEIGHT : 30kg/EA
- [BG-90]=1135 (35/BG-160/35 -> 55/1025/55 로 변경), SW=225, SC=SE=165",1,1
18110362G0500,SUBWEIGHT,"POCKET,BG=1200X230xt16,SS400","1. 구 자재번호 : 181100861
2. 도면번호 : 18110351G0200 56KG 두께 32T",1,1
18110413G0900,SUBWEIGHT,"FC,30kg",- 1차 입고수량 : 82 EA / 2차 입고수량 : 2 EA,1,1
18110466G0500,SUBWEIGHT,"SS400,직상부 MRL",150276L30호기,1,1
18110414G2100,SUBWEIGHT,"SS400,30kg","
- 1차 입고수량 : 116 EA / 2차 입고수량 : 10 EA",1,1
18110412G2100,SUBWEIGHT,"CONCRETE,30kg","
- 1차 입고수량 : 60 EA / 2차 입고수량 : 7 EA",1,1
18110414G9100,SUBWEIGHT,"SS400,30kg","- MATERIAL : SS400, WEIGHT : 30kg/EA
- [BG-90]=835 (35/BG-160/35 -> 57.5/720/57.5 로 변경), SW=170, SC=SE=95",1,1
18110412G2100,SUBWEIGHT,"CONCRETE,30kg","- 1차 입고수량 : 42 EA / 2차 입고수량 : 11 EA
- 2026.05.08 5EA 추가 이차 입고일 함께 출하",1,1
18110412G1800,SUBWEIGHT,"CONCRETE,30kg","
- 1차 입고수량 : 45 EA / 2차 입고수량 : 12 EA",1,1
18110824G410A,SUBWEIGHT,"CONCRETE(3.2),30kg","- SPRAY COLOR : BLACK
- 1차 입고수량 : 33 EA / 2차 입고수량 : 12 EA",1,1
18110414G9100,SUBWEIGHT,"SS400,30kg","- MATERIAL : SS400, WEIGHT : 30kg/EA
- [BG-90]=930 (35/BG-160/35 -> 50/830/50 로 변경), SW=205, SC=SE=115",1,1
18110414G9100,SUBWEIGHT,"SS400,30kg","- MATERIAL : SS400, WEIGHT : 30kg/EA
- [BG-90]=900 (35/BG-160/35 -> 40/820/40 로 변경), SW=195, SC=SE=65",1,1
18110414G9100,SUBWEIGHT,"SS400,30kg","- MATERIAL : SS400, WEIGHT : 30kg/EA
- [BG-90]=1125 (35/BG-160/35 -> 50/1025/50 로 변경), SC=SE=170, SW=220",1,1
18110414G9100,SUBWEIGHT,"SS400,30kg","- MATERIAL : SS400, WEIGHT : 30kg/EA
- [BG-90]=840 (35/BG-160/35 -> 40/760/40 로 변경), SW=150, SC=SE=65",1,1
18110413G0800,SUBWEIGHT,"FC,30kg",L15 호기 적용 자재,1,1
18110411G1100,SUBWEIGHT,"CONCRETE,30kg",,1,1
18110414G9100,SUBWEIGHT,"SS400,30kg","- MATERIAL : SS400, WEIGHT : 30kg/EA
- [BG-90]=835 (35/BG-160/35 -> 50/735/50 로 변경), SW=230, SC=SE=170",1,1
18110412G2100,SUBWEIGHT,"CONCRETE,30kg","충주타워 8-2호기 설치자재 청구
희망입고일: 09월 03일(수) 13시~14시
입고장소: F02공장-본관동 사이 공장 캐노피 아래 야적
받는사람: 김동희 010-6817-2552

",1,1
18110414G9100,SUBWEIGHT,"SS400,30kg","- MATERIAL : SS400, WEIGHT : 30kg/EA
- [BG-90]=1100 (35/BG-160/35 -> 45/1010/45 로 변경), SW=250, SC=SE=90",1,1
18110414G9100,SUBWEIGHT,"SS400,30kg","- MATERIAL : SS400, WEIGHT : 30kg/EA
- [BG-90]=820 (35/BG-160/35 -> 40/740/40 로 변경), SW=165, SC=SE=55",1,1
VC003831G9300,SUBWEIGHT,"SS400,20kg",*VC864H01L03 형상으로 120kg 제작바랍니다.,1,1
18110412G0900,SUBWEIGHT,"CONCRETE,30kg","
- 1차 입고수량 : 4 EA / 2차 입고수량 : 10 EA",1,1
18110412G0900,SUBWEIGHT,"CONCRETE,30kg","
- 1차 입고수량 : 10 EA / 2차 입고수량 : 1 EA",1,1
18110414G9100,SUBWEIGHT,"SS400,30kg","- MATERIAL : SS400, WEIGHT : 30kg/EA
- [BG-90]=905 (35/BG-160/35 -> 45/815/45 로 변경), SW=225, SC=SE=95",1,1
18110414G9100,SUBWEIGHT,"SS400,30kg","- MATERIAL : SS400, WEIGHT : 30kg/EA
- [BG-90]=770 (35/BG-160/35 -> 45/680/45 로 변경), SW=150, SC=SE=95",1,1
18110825G4100,SUBWEIGHT,"CONCRETE(5.2),40kg,G/S","- SPRAY COLOR : BLACK
- 1차 입고수량 : 71 EA / 2차 입고수량 : 1 EA",1,1
18110414G9100,SUBWEIGHT,"SS400,30kg","- MATERIAL : SS400, WEIGHT : 30kg/EA
- [BG-90]=920 (35/BG-160/35 -> 47.5/825/47.5 로 변경), SW=170, SC=SE=65",1,1
VC003831G9300,SUBWEIGHT,"SS400,20kg","*A=835, [A-70]->690, 도면 상 35->72.5, C=E=112, B=220 으로 80kg 공급바랍니다.",1,1
18110414G9100,SUBWEIGHT,"SS400,30kg","- MATERIAL : SS400, WEIGHT : 30kg/EA
- [BG-90]=910 (35/BG-160/35 -> 65/780/65 로 변경), SW=250, SC=SE=115",1,1
18110414G2100,SUBWEIGHT,"SS400,30kg","1. 구 자재번호 : 181002200
2. DWG.: 18110351G0200 56KG 두께 32T
3. 182523L04, L05, L06, L07, L08 , L09,. L14, L15호기용",1,1
18110412G2100,SUBWEIGHT,"CONCRETE,30kg","
- 1차 입고수량 : 26 EA / 2차 입고수량 : 1 EA",1,1
18110412G1400,SUBWEIGHT,"CONCRETE,30kg","
- 1차 입고수량 : 47 EA / 2차 입고수량 : 6 EA",1,1
18110825G4100,SUBWEIGHT,"CONCRETE(5.2),40kg,G/S","- SPRAY COLOR : BLACK
- 1차 입고수량 : 66 EA / 2차 입고수량 : 9 EA",1,1
18110414G9100,SUBWEIGHT,"SS400,30kg","- MATERIAL : SS400, WEIGHT : 30kg/EA
- [BG-90]=895 (35/BG-160/35 -> 40/815/40 로 변경), SW=180, SC=SE=70",1,1
18110411G1200,SUBWEIGHT,"CONCRETE,30kg","충주타워 8-2호기 설치자재 청구
희망입고일: 09월 03일(수) 13시~14시
입고장소: F02공장-본관동 사이 공장 캐노피 아래 야적
받는사람: 김동희 010-6817-2552

",1,1
18110414G9100,SUBWEIGHT,"SS400,30kg","- MATERIAL : SS400, WEIGHT : 30kg/EA
- [BG-90]=960 (35/BG-160/35 -> 55/850/55 로 변경), SW=250, SC=SE=120",1,1
18110414G9100,SUBWEIGHT,"SS400,30kg","- MATERIAL : SS400, WEIGHT : 30kg/EA
- [BG-90]= (35/BG-160/35 -> 65/780/65 로 변경), SC=SE=120, SW=200, G=비중 7 맞추어 제작할 것.",1,1
18110414G9100,SUBWEIGHT,"SS400,30kg","- MATERIAL : SS400, WEIGHT : 30kg/EA
- [BG-90]=1135 (35/BG-160/35 -> 50/1035/50 로 변경), SW=225, SC=SE=170",1,1
18110413G0800,SUBWEIGHT,"FC,30kg","
- 1차 입고수량 : 39 EA / 2차 입고수량 : 6 EA",1,1
18110412G0900,SUBWEIGHT,"CONCRETE,30kg","
- 1차 입고수량 : 20 EA / 2차 입고수량 : 4 EA",1,1
18110414G9100,SUBWEIGHT,"SS400,30kg","- MATERIAL : SS400, WEIGHT : 30kg/EA
- [BG-90]=1125 (35/BG-160/35 -> 50/1025/50 로 변경), SW=125, SC=SE=65",1,1
18110825G3100,SUBWEIGHT,"CONCRETE(5.2),30kg,G/S","- SPRAY COLOR : BLACK
- 1차 입고수량 : 15 EA / 2차 입고수량 : 3 EA",1,1
18110412G0900,SUBWEIGHT,"CONCRETE,30kg","
- 1차 입고수량 : 9 EA / 2차 입고수량 : 5 EA",1,1
18110414G9100,SUBWEIGHT,"SS400,30kg","- MATERIAL : SS400, WEIGHT : 30kg/EA
- [BG-90]=900 (35/BG-160/35 -> 45/810/45 로 변경), SW=180, SC=SE=85",1,1
18110414G9100,SUBWEIGHT,"SS400,30kg","- MATERIAL : SS400, WEIGHT : 30kg/EA
- [BG-90]=820 (35/BG-160/35 -> 50/720/50 로 변경), SW=150, SC=SE=100",1,1
VC003831G9300,SUBWEIGHT,"SS400,20kg","- DWG NO. 18100374G01 참조하여 제작하되, SG=31 (개당 20KG) 으로 제작할것.",1,1
18110414G9100,SUBWEIGHT,"SS400,30kg","- MATERIAL : SS400, WEIGHT : 30kg/EA
- [BG-90]=645 (35/BG-160/35 -> 40/565/40 로 변경), SW=150, SC=SE=70",1,1
18110414G9100,SUBWEIGHT,"SS400,30kg","- MATERIAL : SS400, WEIGHT : 30kg/EA
- [BG-90]=1110 (35/BG-160/35 -> 55/1000/55 로 변경), SW=180, SC=SE=90",1,1
18110825G3100,SUBWEIGHT,"CONCRETE(5.2),30kg,G/S","- SPRAY COLOR : BLACK
- 1차 입고수량 : 30 EA / 2차 입고수량 : 9 EA",1,1
18110414G9100,SUBWEIGHT,"SS400,30kg","- MATERIAL : SS400, WEIGHT : 30kg/EA
- [BG-90]=830 (35/BG-160/35 -> 50/730/50 로 변경), SW=170, SC=SE=115",1,1
18110414G9100,SUBWEIGHT,"SS400,30kg","- MATERIAL : SS400, WEIGHT : 30kg/EA
- [BG-90]=830 (35/BG-160/35 -> 55/720/55 로 변경), SW=170, SC=SE=90",1,1
18110414G9100,SUBWEIGHT,"SS400,30kg","- MATERIAL : SS400, WEIGHT : 30kg/EA
- [BG-90]=815 (35/BG-160/35 -> 55/705/55 로 변경), SW=165, SC=SE=115",1,1
18110412G0800,SUBWEIGHT,"CONCRETE,30kg","
- 1차 입고수량 : 24 EA / 2차 입고수량 : 4 EA",1,1
18110414G9100,SUBWEIGHT,"SS400,30kg","- MATERIAL : SS400, WEIGHT : 30kg/EA
- [BG-90]=790 (35/BG-160/35 -> 40/710/40 로 변경), SW=160, SC=SE=70",1,1
18110414G9100,SUBWEIGHT,"SS400,30kg","- MATERIAL : SS400, WEIGHT : 30kg/EA
- [BG-90]=650 (35/BG-160/35 -> 55/540/55 로 변경), SW=200, SC=SE=115",1,1
18110286G0600,SUBWEIGHT,"CONCRETE,4.0E-6kg/mm^3,40KG/EA",26.01.30 구매팀 요청으로 자재번호 추가,1,1
18110414G9100,SUBWEIGHT,"SS400,30kg","- MATERIAL : SS400, WEIGHT : 30kg/EA
- [BG-90]=1140 (35/BG-160/35 -> 55/1030/55 로 변경), SW=210, SC=SE=170",1,1
18110414G9100,SUBWEIGHT,"SS400,30kg","- MATERIAL : SS400, WEIGHT : 30kg/EA
- [BG-90]=825 (35/BG-160/35 -> 50/725/50 로 변경), SW=250, SC=SE=165",1,1
18110414G9100,SUBWEIGHT,"SS400,30kg","- MATERIAL : SS400, WEIGHT : 30kg/EA
- [BG-90]=900 (35/BG-160/35 -> 45/810/45 로 변경), SW=125, SC=SE=70",1,1
VC003831G9300,SUBWEIGHT,"SS400,20kg","* 비표준 작업 주의.
- 18110340G92 참조하여 작업할것!
- BG=750
- 1EA당 20KG L1=670, W1=220, T=18.5 (비중 7.85 기준) 맞추어 제작할 것.  

",1,1
18110414G9100,SUBWEIGHT,"SS400,30kg","- MATERIAL : SS400, WEIGHT : 30kg/EA
- [BG-90]=905 (35/BG-160/35 -> 40/825/40 로 변경), SW=150, SC=SE=65",1,1
18110412G1700,SUBWEIGHT,"CONCRETE,30kg","
- 1차 입고수량 : 7 EA / 2차 입고수량 : 11 EA",1,1
18110414G9100,SUBWEIGHT,"SS400,30kg","- MATERIAL : SS400, WEIGHT : 30kg/EA
- [BG-90]=1120 (35/BG-160/35 -> 45/1030/45 로 변경), SW=135, SC=SE=70",1,1
18110414G9100,SUBWEIGHT,"SS400,30kg","- MATERIAL : SS400, WEIGHT : 30kg/EA
- [BG-90]=860 (35/BG-160/35 -> 65/730/65 로 변경), SW=200, SC=SE=120",1,1
18110286G1200,SUBWEIGHT,"CONCRETE,5.2E-6kg/mm^3,40KG/EA","26.03.31 구매요청으로 자재번호 변경
- 1차 입고수량 : 32 EA / 2차 입고수량 : 10 EA",1,1
18110414G9100,SUBWEIGHT,"SS400,30kg","- MATERIAL : SS400, WEIGHT : 30kg/EA
- [BG-90]=825 (35/BG-160/35 -> 50/725/50 로 변경), SW=160, SC=SE=120",1,1
VC003831G9300,SUBWEIGHT,"SS400,20kg",*VC864H01L03 형상으로 60kg 제작바랍니다.,1,1
18110414G9100,SUBWEIGHT,"SS400,30kg","- MATERIAL : SS400, WEIGHT : 30kg/EA
- [BG-90]=840 (35/BG-160/35 -> 40/760/40 로 변경), SW=190, SC=SE=70",1,1
VC003831G9300,SUBWEIGHT,"SS400,20kg","*A=900, 도면 상 35->40, [A-70]=820, B=180, C=E=82 로 하여 총 60kg 공급바랍니다.",1,1
18110414G9100,SUBWEIGHT,"SS400,30kg","- MATERIAL : SS400, WEIGHT : 30kg/EA
- [BG-90]=825 (35/BG-160/35 -> 70/685/70 로 변경), SW=230, SC=SE=165",1,1
VC003831G9300,SUBWEIGHT,"SS400,20kg",VC16561H01 형상으로 제작바랍니다.,1,1
18110414G2100,SUBWEIGHT,"SS400,30kg",- 1차 입고수량 : 106 EA / 2차 입고수량 : 4 EA,1,1
18110412G0800,SUBWEIGHT,"CONCRETE,30kg","
- 1차 입고수량 : 23 EA / 2차 입고수량 : 3 EA",1,1
18110412G2100,SUBWEIGHT,"CONCRETE,30kg",- 1차 입고수량 : 53 EA / 2차 입고수량 : 12 EA,1,1
18110414G9100,SUBWEIGHT,"SS400,30kg","- MATERIAL : SS400, WEIGHT : 30kg/EA
- [BG-90]=1165 (35/BG-160/35 -> 65/1035/65 로 변경), SW=220, SC=SE=115, G=최소 비중 7 맞출 것",1,1
18110412G0800,SUBWEIGHT,"CONCRETE,30kg","
- 1차 입고수량 : 11 EA / 2차 입고수량 : 10 EA",1,1
18110414G9100,SUBWEIGHT,"SS400,30kg","- MATERIAL : SS400, WEIGHT : 30kg/EA
- [BG-90]=875 (35/BG-160/35 -> 65/745/65 로 변경), SW=210, SC=SE=125",1,1
18110414G9100,SUBWEIGHT,"SS400,30kg","- MATERIAL : SS400, WEIGHT : 30kg/EA
- [BG-90]=905 (35/BG-160/35 -> 57.5/790/57.5 로 변경), SW=170, SC=SE=100",1,1
18110412G1800,SUBWEIGHT,"CONCRETE,30kg","
- 1차 입고수량 : 41 EA / 2차 입고수량 : 8 EA",1,1
18110414G9100,SUBWEIGHT,"SS400,30kg","- MATERIAL : SS400, WEIGHT : 30kg/EA
- [BG-90]=790 (35/BG-160/35 -> 40/710/40 로 변경), SW=170, SC=SE=90",1,1
18110413G0500,SUBWEIGHT,"FC,30kg","입고지 : 충주 엘리베이터 본사 F02 (2공장)
연락처 : 최재구매니저 (010-4218-3113)
입고일 : 04월 14일~ 04월 18일
",1,1
18110359G0100,SUBWEIGHT,"CONCRETE,3.6E-6kg/mm^3,25KG/EA","WEIGHT 재고 소진.
입고 :1차 : 30 / 2차 : 5",1,1
18110414G0900,SUBWEIGHT,"SS400,30kg","
- 1차 입고수량 : 53 EA / 2차 입고수량 : 9 EA",1,1
18110412G0500,SUBWEIGHT,"CONCRETE,30kg","
- 1차 입고수량 : 25 EA / 2차 입고수량 : 7 EA",1,1
18110414G9100,SUBWEIGHT,"SS400,30kg","- MATERIAL : SS400, WEIGHT : 30kg/EA
- [BG-90]=910 (35/BG-160/35 -> 45/820/45 로 변경), SW=175, SC=SE=70",1,1
VC003831G9300,SUBWEIGHT,"SS400,20kg","삼화이엔씨 운송비용 5EA 추가 (25.08.05)

충주타워 [GN타입 설치용] 자재
입고일 : ~'25.08.05 이전
입고지 : 충주산단1로 128, 현대E/L 충주타워 1층 화물호기 앞(타워-공장 사이)
담당자 : 신중곤 010-9817-1640 (지게차 필요시, 허이남 010-2280-2485)

- 수정가공도 VC16561H04 적용 주의.",1,1
18110298G0800,SUBWEIGHT,"SS400,15kg/EA",,1,1
18110414G2100,SUBWEIGHT,"SS400,30kg","L01~L38호기 (대당 2EA)
",1,1
18110414G9100,SUBWEIGHT,"SS400,30kg","- MATERIAL : SS400, WEIGHT : 30kg/EA
- [BG-90]=840 (35/BG-160/35 -> 55/730/55 로 변경), SW=180, SC=SE=90",1,1
18110412G1800,SUBWEIGHT,"CONCRETE,30kg","
- 1차 입고수량 : 53 EA / 2차 입고수량 : 3 EA",1,1
18110414G9100,SUBWEIGHT,"SS400,30kg","- MATERIAL : SS400, WEIGHT : 30kg/EA
- [BG-90]=840 (35/BG-160/35 -> 50/740/50 로 변경), SW=170, SC=SE=120",1,1
18110414G9100,SUBWEIGHT,"SS400,30kg","- MATERIAL : SS400, WEIGHT : 30kg/EA
- [BG-90]=860 (35/BG-160/35 -> 55/750/55 로 변경), SW=200, SC=SE=120",1,1
18110414G9100,SUBWEIGHT,"SS400,30kg","- MATERIAL : SS400, WEIGHT : 30kg/EA
- [BG-90]=905 (35/BG-160/35 -> 40/825/40 로 변경), SW=140, SC=SE=70",1,1
18110414G9100,SUBWEIGHT,"SS400,30kg","- MATERIAL : SS400, WEIGHT : 30kg/EA
- [BG-90]=820 (35/BG-160/35 -> 60/700/60 로 변경), SW=170, SC=SE=95",1,1
18110414G1700,SUBWEIGHT,"SS400,30kg",- 1차 입고수량 : 97 EA / 2차 입고수량 : 3 EA,1,1
18110414G9100,SUBWEIGHT,"SS400,30kg","[BG-90]= (35/BG-160/35 -> 65/975/65 로 변경), SC=SE=115, SW=190, G= 비중 7 맞추어 진행할것
- L02 2EA, L01 3EA , L03 2장",1,1
18110412G2100,SUBWEIGHT,"CONCRETE,30kg",1,1,1
18110414G9100,SUBWEIGHT,"SS400,30kg","- MATERIAL : SS400, WEIGHT : 30kg/EA
- [BG-90]=905 (35/BG-160/35 -> 40/825/40 로 변경), SW=180, SC=SE=70",1,1
18110414G9100,SUBWEIGHT,"SS400,30kg","- MATERIAL : SS400, WEIGHT : 30kg/EA
- [BG-90]=790 (35/BG-160/35 -> 55/680/55 로 변경), SW=170, SC=SE=90",1,1
18110414G9100,SUBWEIGHT,"SS400,30kg","- MATERIAL : SS400, WEIGHT : 30kg/EA
- [BG-90]=830 (35/BG-160/35 -> 50/730/50 로 변경), SW=170, SC=SE=120
비중 7이상으로 제작할것.",1,1
18110286G0900,SUBWEIGHT,"CONCRETE,4.6E-6kg/mm^3,40KG/EA","26.03.31 구매요청으로 자재번호 변경
- 1차 입고수량 : 32 EA / 2차 입고수량 : 10 EA",1,1
18110414G9100,SUBWEIGHT,"SS400,30kg","- MATERIAL : SS400, WEIGHT : 30kg/EA
- [BG-90]=905 (35/BG-160/35 -> 55/795/55 로 변경), SW=175, SC=SE=100",1,1
18110414G2100,SUBWEIGHT,"SS400,30kg","
- 1차 입고수량 : 114 EA / 2차 입고수량 : 14 EA",1,1
18110412G0900,SUBWEIGHT,"CONCRETE,30kg","
- 1차 입고수량 : 7 EA / 2차 입고수량 : 8 EA",1,1
18110412G0800,SUBWEIGHT,"CONCRETE,30kg",2026.03.09 Plan C Weight 류 변경 건.,1,1
18110824G410A,SUBWEIGHT,"CONCRETE(3.2),30kg","- SPRAY COLOR : BLACK
- 1차 입고수량 : 32 EA / 2차 입고수량 : 12 EA",1,1
18110414G9100,SUBWEIGHT,"SS400,30kg","- MATERIAL : SS400, WEIGHT : 30kg/EA
- [BG-90]=940 (35/BG-160/35 -> 55/830/55 로 변경), SW=220, SC=SE=170",1,1
18110825G2600,SUBWEIGHT,"CONCRETE(5.2),30kg,G/S","Q213953L017157신하리 394-35   (현장 불필요)
18110825G2600     SUBWEIGHT   6EA 전용 처리

- SPRAY COLOR : BLACK",1,1
18110414G9100,SUBWEIGHT,"SS400,30kg","- MATERIAL : SS400, WEIGHT : 30kg/EA
- [BG-90]=530 (35/BG-160/35 -> 25/480/25 로 변경), SW=170, SC=SE=125",1,1
18110412G0900,SUBWEIGHT,"CONCRETE,30kg","
- 1차 입고수량 : 7 EA / 2차 입고수량 : 6 EA",1,1
18110414G9100,SUBWEIGHT,"SS400,30kg","- MATERIAL : SS400, WEIGHT : 30kg/EA
- [BG-90]=900 (35/BG-160/35 -> 40/820/40 로 변경), SW=200, SC=SE=65",1,1
18110413G0900,SUBWEIGHT,"FC,30kg","
- 1차 입고수량 : 66 EA / 2차 입고수량 : 15 EA",1,1
18110825G3000,SUBWEIGHT,"CONCRETE(5.2),30kg,G/S","- SPRAY COLOR : BLACK
- 1차 입고수량 : 37 EA / 2차 입고수량 : 1 EA

- 7EA 추가 반영.(26.09.16)",1,1
VC003831G9300,SUBWEIGHT,"SS400,20kg","- MATERIAL : SS400, WEIGHT : 20kg/EA
- A=915, 도면상 35->50, [A-70]=815, C=E=70, B=170",1,1
VC003831G9300,SUBWEIGHT,"SS400,20kg","- MATERIAL : SS400, WEIGHT : 20kg/EA
- A= (35/A-70/35 -> // 로 변경), C=E=, B=, G=",1,1
VC003831G9300,SUBWEIGHT,"SS400,20kg","*A=935, [A-70]->790, 도면 상 35->72.5, C=E=122, B=170
",1,1
18110264G0100,SUBWEIGHT (FC),"MAT`S=FC, 30kg,","*2026.01.20 BOM 변경 18110414G9100 -> 18110264G0100
- 재고 소진용",1,1
18110414G9100,SUBWEIGHT,"SS400,30kg","- MATERIAL : SS400, WEIGHT : 30kg/EA
- [BG-90]=905 (35/BG-160/35 -> 40/825/40 로 변경), SW=170, SC=SE=65",1,1
18110414G1400,SUBWEIGHT,"SS400,30kg","충주타워 저층부 MRL 설치용(2024.08.29)

-[저층부 MRL] 표기하여 입고할 것
- 입고지 : 현대엘리베이터 충주 테스트타워 입구
- 입고요청일 : '24.09.20 

-삼중티엔씨 배송비 반영(2024.09.30)
-18110414G1400 수량 : 15EA",1,1
18110825G4100,SUBWEIGHT,"CONCRETE(5.2),40kg,G/S","- SPRAY COLOR : BLACK
- 1차 입고수량 : 38 EA / 2차 입고수량 : 8 EA",1,1
18110413G0900,SUBWEIGHT,"FC,30kg","
- 1차 입고수량 : 28 EA / 2차 입고수량 : 14 EA",1,1
18110413G1000,SUBWEIGHT,"FC,30kg",,1,1
18110414G9100,SUBWEIGHT,"SS400,30kg","- MATERIAL : SS400, WEIGHT : 30kg/EA
- [BG-90]=835 (35/BG-160/35 -> 45/745/45 로 변경), SW=170, SC=SE=120",1,1
18110413G0800,SUBWEIGHT,"FC,30kg","
- 1차 입고수량 : 57 EA / 2차 입고수량 : 5 EA",1,1
18110413G0800,SUBWEIGHT,"FC,30kg","
- 1차 입고수량 : 48 EA / 2차 입고수량 : 8 EA",1,1
18110412G0800,SUBWEIGHT,"CONCRETE,30kg","
- 1차 입고수량 : 35 EA / 2차 입고수량 : 1 EA",1,1
18110414G9100,SUBWEIGHT,"SS400,30kg","- MATERIAL : SS400, WEIGHT : 30kg/EA
- [BG-90]=880 (35/BG-160/35 -> 65/750/65 로 변경), SW=165, SC=SE=115",1,1
18110824G3000,SUBWEIGHT,"CONCRETE(3.2),30kg,G/S",- SPRAY COLOR : BLACK,1,1
18110411G0600,SUBWEIGHT,"CONCRETE,30kg","SUBWEIGHT : 추가 3EA 발주 /Balance 조절 작업용 (25/11/6)
  -",1,1
VC003831G9300,SUBWEIGHT,"SS400,20kg","WEIGHT SIZE. 18110351G01, 주조 홀 적용, 개당 30kg, 71EA",1,1
18110414G9100,SUBWEIGHT,"SS400,30kg","- MATERIAL : SS400, WEIGHT : 30kg/EA
- [BG-90]=830 (35/BG-160/35 -> 52.5/725/52.5 로 변경), SW=170, SC=SE=120",1,1
18110825G3100,SUBWEIGHT,"CONCRETE(5.2),30kg,G/S","- SPRAY COLOR : BLACK
- 1차 입고수량 : 6 EA / 2차 입고수량 : 3 EA",1,1
18110412G1800,SUBWEIGHT,"CONCRETE,30kg","
- 1차 입고수량 : 38 EA / 2차 입고수량 : 9 EA",1,1
18110414G9100,SUBWEIGHT,"SS400,30kg","- MATERIAL : SS400, WEIGHT : 30kg/EA
- [BG-90]=1145 (35/BG-160/35 -> 65/1015/65 로 변경), SW=190, SC=SE=115",1,1
18110414G9100,SUBWEIGHT,"SS400,30kg","- MATERIAL : SS400, WEIGHT : 30kg/EA
- [BG-90]=725 (35/BG-160/35 -> 50/625/50 로 변경), SW=170, SC=SE=65 [40EA]",1,1
VC003831G9300,SUBWEIGHT,"SS400,20kg","*A=830, [A-70]->690, 도면 상 35->70, C=E=80, B=110
",1,1
18110414G9100,SUBWEIGHT,"SS400,30kg","- MATERIAL : SS400, WEIGHT : 30kg/EA
- [BG-90]=820 (35/BG-160/35 -> 55/710/55 로 변경), SW=170, SC=SE=95",1,1
18110414G9100,SUBWEIGHT,"SS400,30kg","- MATERIAL : SS400, WEIGHT : 30kg/EA
- [BG-90]=1110 (35/BG-160/35 -> 52.5/1005/52.5 로 변경), SW=220, SC=SE=120",1,1
18110414G9100,SUBWEIGHT,"SS400,30kg","- MATERIAL : SS400, WEIGHT : 30kg/EA
- [BG-90]=715 (35/BG-160/35 -> 45/625/45 로 변경), SW=170, SC=SE=65",1,1
18110413G0900,SUBWEIGHT,"FC,30kg",*2026.02.26 현장조치분 반영 추가반영 수량+2,1,1
18110414G9100,SUBWEIGHT,"SS400,30kg","- MATERIAL : SS400, WEIGHT : 30kg/EA
- [BG-90]=1140 (35/BG-160/35 -> 45/1050/45 로 변경), SW=200, SC=SE=95",1,1
18110414G9100,SUBWEIGHT,"SS400,30kg","- MATERIAL : SS400, WEIGHT : 30kg/EA
- [BG-90]=845 (35/BG-160/35 -> 60/725/60 로 변경), SW=175, SC=SE=125",1,1
18110851G0100,SUBWEIGHT,"FC,15kg/EA",2026.07.28 자재번호 변경 18110826G01 → 18110851G01 BY 김원희,1,1
18110414G9100,SUBWEIGHT,"SS400,30kg","- MATERIAL : SS400, WEIGHT : 30kg/EA
- [BG-90]=810 (35/BG-160/35 -> 40/730/40 로 변경), SW=130, SC=SE=100",1,1
18110414G1400,SUBWEIGHT,"SS400,30kg","- L01, L02호기 각 호기당 15EA
- 기출하된 웨이트 45T 47EA 적재.",1,1
18110414G1400,SUBWEIGHT,"SS400,30kg","
- 1차 입고수량 : 30 EA / 2차 입고수량 : 6 EA",1,1
18110824G410A,SUBWEIGHT,"CONCRETE(3.2),30kg","- SPRAY COLOR : BLACK
- 1차 입고수량 : 39 EA / 2차 입고수량 : 5 EA",1,1
VC003831G9300,SUBWEIGHT,"SS400,20kg","- MATERIAL : SS400, WEIGHT : 20kg/EA
- A=940, A-70=795 적용, C=E=120, B=170",1,1
18110412G0500,SUBWEIGHT,"CONCRETE,30kg","
- 1차 입고수량 : 20 EA / 2차 입고수량 : 8 EA",1,1
18110414G9100,SUBWEIGHT,"SS400,30kg","- MATERIAL : SS400, WEIGHT : 30kg/EA
- [BG-90]=960 (35/BG-160/35 -> 50/860/50 로 변경), SW=180, SC=SE=80",1,1
18110413G0900,SUBWEIGHT,"FC,30kg","
- 1차 입고수량 : 65 EA / 2차 입고수량 : 11 EA",1,1
18110414G9100,SUBWEIGHT,"SS400,30kg","- MATERIAL : SS400, WEIGHT : 30kg/EA
- [BG-90]=1120 (35/BG-160/35 -> 55/1010/55 로 변경), SW=190, SC=SE=115",1,1
18110414G9100,SUBWEIGHT,"SS400,30kg","- MATERIAL : SS400, WEIGHT : 30kg/EA
- [BG-90]=895 (35/BG-160/35 -> 55/785/55 로 변경), SW=170, SC=SE=100",1,1
VC003831G9300,SUBWEIGHT,"SS400,20kg","- MATERIAL : SS400, WEIGHT : 20kg/EA
- SIZE : 18110412G05 치수 적용
",1,1
18110412G2100,SUBWEIGHT,"CONCRETE,30kg","
- 1차 입고수량 : 40 EA / 2차 입고수량 : 3 EA",1,1
VC003831G9300,SUBWEIGHT,"SS400,20kg","- VC4834H92 적용하되, BG=750, L1=670, W1=220, T=19, WT=20kg 적용하여 제작할것.
",1,1
18110825G3100,SUBWEIGHT,"CONCRETE(5.2),30kg,G/S","- SPRAY COLOR : BLACK
- 1차 입고수량 : 44 EA / 2차 입고수량 : 10 EA",1,1
18110414G9100,SUBWEIGHT,"SS400,30kg","- MATERIAL : SS400, WEIGHT : 30kg/EA
- [BG-90]=875 (35/BG-160/35 -> 65/745/65 로 변경), SW=200, SC=SE=125",1,1
VC003831G9300,SUBWEIGHT,"SS400,20kg",18100145H01L05 형상대로 개당 20kg 내외로 총 40kg 공급바랍니다.,1,1
18110824G340A,SUBWEIGHT,"CONCRETE(3.2),30kg",- SPRAY COLOR : BLACK,1,1
18110414G9100,SUBWEIGHT,"SS400,30kg","- MATERIAL : SS400, WEIGHT : 30kg/EA
- [BG-90]=835 (35/BG-160/35 -> 40/755/40 로 변경), SW=170, SC=SE=125",1,1
18110414G9100,SUBWEIGHT,"SS400,30kg","- MATERIAL : SS400, WEIGHT : 30kg/EA
- [BG-90]=960 (35/BG-160/35 -> 55/850/55 로 변경), SW=250, SC=SE=115",1,1
18110266G0100,SUBWEIGHT,"FC,30kg/EA",*2025.12.19 재고소진용 자재번호 변경건 [구매요청],1,1
18110412G1400,SUBWEIGHT,"CONCRETE,30kg",수량 변경 / 26.01.26,1,1
18110412G0800,SUBWEIGHT,"CONCRETE,30kg","
- 1차 입고수량 : 32 EA / 2차 입고수량 : 1 EA",1,1
VC003831G9300,SUBWEIGHT,"SS400,20kg",18110411G12 형상으로 제작바랍니다.,1,1
18110299G0300,SUBWEIGHT,"FC,25kg/EA",WEIGHT 재고소진.,1,1
18110414G9100,SUBWEIGHT,"SS400,30kg","- MATERIAL : SS400, WEIGHT : 30kg/EA
- [BG-90]=760 (35/BG-160/35 -> 55/650/55 로 변경), SW=160, SC=SE=90",1,1
18110412G0900,SUBWEIGHT,"CONCRETE,30kg","
- 1차 입고수량 : 3 EA / 2차 입고수량 : 10 EA",1,1
18110414G9100,SUBWEIGHT,"SS400,30kg","- MATERIAL : SS400, WEIGHT : 30kg/EA
- [BG-90]=815 (35/BG-160/35 -> 40/735/40 로 변경), SW=170, SC=SE=120",1,1
VC003831G9300,SUBWEIGHT,"SS400,20kg",*제작 시 181C044H04 형상으로 제작바랍니다.,1,1
18110824G4300,SUBWEIGHT,"CONCRETE(3.2),30kg,G/S","충주타워 7-2호기 설치용 자재(고속MR원가절감)
입고희망일: 5월 7일(목) 13:30 이후, 다른 날짜 입고 시 연락주세요
입고위치: 현대엘리베이터 충주 본사, 
            F01 뒷편 태양광 지붕 아래 야적
받는사람: 이동준 매니저 (010-4237-0278)

- SPRAY COLOR : BLACK",1,1
18110414G1700,SUBWEIGHT,"SS400,30kg",- 1차 입고수량 : 106 EA / 2차 입고수량 : 14 EA,1,1
18110413G0900,SUBWEIGHT,"FC,30kg","
- 1차 입고수량 : 11 EA / 2차 입고수량 : 7 EA",1,1
VC003831G9300,SUBWEIGHT,"SS400,20kg",*제작 시 181C044H01 적용,1,1
18110413G0900,SUBWEIGHT,"FC,30kg","
- 1차 입고수량 : 62 EA / 2차 입고수량 : 15 EA",1,1
18110411G1200,SUBWEIGHT,"CONCRETE,30kg",- 1차 입고수량 : 50 EA / 2차 입고수량 : 3 EA,1,1
18110414G9100,SUBWEIGHT,"SS400,30kg","- MATERIAL : SS400, WEIGHT : 30kg/EA
- [BG-90]=810 (35/BG-160/35 -> 45/720/45 로 변경), SW=170, SC=SE=125",1,1
18110825G4100,SUBWEIGHT,"CONCRETE(5.2),40kg,G/S","- SPRAY COLOR : BLACK
- 1차 입고수량 : 61 EA / 2차 입고수량 : 9 EA",1,1
18110414G9100,SUBWEIGHT,"SS400,30kg","- MATERIAL : SS400, WEIGHT : 30kg/EA
- [BG-90]=810 (35/BG-160/35 -> 55/700/55 로 변경), SW=170, SC=SE=90",1,1
18110414G9100,SUBWEIGHT,"SS400,30kg","- MATERIAL : SS400, WEIGHT : 30kg/EA
- [BG-90]=865 (35/BG-160/35 -> 52.5/760/52.5 로 변경), SW=170, SC=SE=115",1,1
18110414G0900,SUBWEIGHT,"SS400,30kg","
- 1차 입고수량 : 51 EA / 2차 입고수량 : 9 EA",1,1
18110286G0900,SUBWEIGHT,"CONCRETE,4.6E-6kg/mm^3,40KG/EA","26.03.31 구매요청으로 인한 자재번호 및 수량 변경 (기존 18110412G2100)
- 1차 입고수량 : 38 EA / 2차 입고수량 : 7 EA",1,1
18110824G460A,SUBWEIGHT,"CONCRETE(3.2),30kg",- SPRAY COLOR : BLACK,1,1
18110414G9100,SUBWEIGHT,"SS400,30kg","- MATERIAL : SS400, WEIGHT : 30kg/EA
- [BG-90]=810 (35/BG-160/35 -> 45/720/45 로 변경), SW=170, SC=SE=120",1,1
18110414G0100,SUBWEIGHT,"SS400,30kg","충주타워#9-2호기 설치용
수량 : 80EA
BG=800, SW=125, G=45 (SS400)
납기 : ~07/08 (화), ASAP (가능한 빠르게)
납기장소 : 현대엘리베이터 본사 F01-타워 사이 캐노피 앞
*충주타워 #9-2호기 설치용 자재* 부착해서 입고할 것",1,1
18110414G9100,SUBWEIGHT,"SS400,30kg","- MATERIAL : SS400, WEIGHT : 30kg/EA
- [BG-90]=785 (35/BG-160/35 -> 40/705/40 로 변경), SW=170, SC=SE=95",1,1
18110414G9100,SUBWEIGHT,"SS400,30kg","- MATERIAL : SS400, WEIGHT : 30kg/EA
- [BG-90]=760 (35/BG-160/35 -> 55/650/55 로 변경), SW=170, SC=SE=90",1,1
18110414G9100,SUBWEIGHT,"SS400,30kg","- MATERIAL : SS400, WEIGHT : 30kg/EA
- [BG-90]=820 (35/BG-160/35 -> 50/720/50 로 변경), SW=170, SC=SE=65",1,1
18110414G9100,SUBWEIGHT,"SS400,30kg","- MATERIAL : SS400, WEIGHT : 30kg/EA
- [BG-90]=735 (35/BG-160/35 -> 25/685/25 로 변경), SW=170, SC=SE=120",1,1
18110286G1200,SUBWEIGHT,"CONCRETE,5.2E-6kg/mm^3,40KG/EA","26.01.30 구매팀 요청으로 자재번호 변경
2차 입고수량 : 9 EA",1,1
18110367G0300,SUBWEIGHT,"SS400,2 COMPEN SHEAVE,30kg","2026.02.25
충주타워 #9-1 설치용
입고날짜: 26.03.20 이전
입고장소: 현대엘리베이터 본사 F01공장 뒷편 자재적재 바리케이드 안
입고 담당자: NVH개발팀 최익성(010-5325-5208)
",1,1
VC003831G9300,SUBWEIGHT,"SS400,20kg","18110351G01 형상으로 하되 BW=220 변경(주의!). 2-D30 HOLE 가공바랍니다. 
t19 자재로 제작바랍니다.",1,1
18110414G9100,SUBWEIGHT,"SS400,30kg","- MATERIAL : SS400, WEIGHT : 30kg/EA
- [BG-90]=915 (35/BG-160/35 -> 50/815/50 로 변경), SW=175, SC=SE=70",1,1
18110414G9100,SUBWEIGHT,"SS400,30kg","- MATERIAL : SS400, WEIGHT : 30kg/EA
- [BG-90]=905 (35/BG-160/35 -> 40/825/40 로 변경), SW=120, SC=SE=70",1,1
VC003831G9300,SUBWEIGHT,"SS400,20kg","*A=1120, [A-70]=950, 도면 상 35->85, B=250, C=E=160",1,1
18110414G9100,SUBWEIGHT,"SS400,30kg","- MATERIAL : SS400, WEIGHT : 30kg/EA
- [BG-90]=725 (35/BG-160/35 -> 40/645/40 로 변경), SW=165, SC=SE=65",1,1
18110414G1700,SUBWEIGHT,"SS400,30kg","2026.08.20 - 충주 아산타워 8-4호기 교체공사 발주 건 - 최재구
- SUBWEIGHT 발주의 건
- SS400 TYPE / 개당 30kg
- [BG]=1200, [SW]=220, [SC]=180, [SE]=170, [G]=16
- Q'TY : 10 EA / 300kg
- 입고 장소 : 충주 아산타워 화물용 EL 입구 앞
- 담당자 : 최재구(010-4218-3113)",1,1
18110414G2100,SUBWEIGHT,"SS400,30kg","충주타워 7-2호기 설치자재 청구 건
입고장소: 충주 본사 아산타워 1층 화물호기 앞
입고 일자: 긴급건
수량: 150개
받는사람: 이동준 (010-4237-0278)",1,1
VC003831G9300,SUBWEIGHT,"SS400,20kg","*A=825, [A-70]->730, 도면 상 35->47.5, C=E=120, B=170
",1,1
18110413G0900,SUBWEIGHT,"FC,30kg","
- 1차 입고수량 : 73 EA / 2차 입고수량 : 5 EA",1,1
18110414G9100,SUBWEIGHT,"SS400,30kg","- MATERIAL : SS400, WEIGHT : 30kg/EA
- [BG-90]=905 (35/BG-160/35 -> 55/795/55 로 변경), SW=200, SC=SE=105",1,1
18110825G3100,SUBWEIGHT,"CONCRETE(5.2),30kg,G/S","- SPRAY COLOR : BLACK
- 1차 입고수량 : 9 EA / 2차 입고수량 : 15 EA",1,1
18110413G0500,SUBWEIGHT,"FC,30kg","
- 1차 입고수량 : 48 EA / 2차 입고수량 : 7 EA",1,1
18110346G0400,SUBWEIGHT,"SS400,30kg","- 60mm 편심 적용되므로, 제작 시 18110850G02 도면 참조하여 작업 할 것.",1,1
18110414G9100,SUBWEIGHT,"SS400,30kg","- MATERIAL : SS400, WEIGHT : 30kg/EA
- [BG-90]=930 (35/BG-160/35 -> 65/800/65 로 변경), SW=200, SC=SE=100",1,1
18110825G3100,SUBWEIGHT,"CONCRETE(5.2),30kg,G/S","- SPRAY COLOR : BLACK
- 1차 입고수량 : 19 EA / 2차 입고수량 : 13 EA",1,1
