NO,ADDR,SPEC1,CON1,SPEC2,CON2,SPEC3,CON3,SPEC4,CON4,SPEC5,CON5,SPEC6,CON6,SPEC7,CON7,SPEC8,CON8,SPEC9,CON9,SPEC10,CON10,SPEC11,CON11,SPEC12,CON12,SPEC13,CON13,SPEC14,CON14,SPEC15,CON15,SPEC16,CON16,SPEC17,CON17,SPEC18,CON18,SPEC19,CON19,SPEC20,CON20,SPEC21,CON21,SPEC22,CON22,SPEC23,CON23,SPEC24,CON24,SPEC25,CON25,SPEC26,CON26,SPEC27,CON27,SPEC28,CON28,SPEC29,CON29,SPEC30,CON30,KEY1,VAL1,KEY2,VAL2,KEY3,VAL3,KEY4,VAL4,KEY5,VAL5,KEY6,VAL6,KEY7,VAL7,KEY8,VAL8,KEY9,VAL9,KEY10,VAL10,KEY11,VAL11,KEY12,VAL12,KEY13,VAL13,KEY14,VAL14,KEY15,VAL15,KEY16,VAL16,KEY17,VAL17,KEY18,VAL18,KEY19,VAL19,KEY20,VAL20,GOTO,REMARKS
1,INIT,,,,,,,,,,,,,,,,,,,,,,,,,,,,,,,,,,,,,,,,,,,,,,,,,,,,,,,,,,,,,,,,,,,,,,,,,,,,,,,,,,,,,,,,,,,,,,,,,,,,,,
2,,,,,,,,,,,,,,,,,,,,,,,,,,,,,,,,,,,,,,,,,,,,,,,,,,,,,,,,,,,,,,OUTPUT,EL_PA101A,,,OUTPUT,TM_MODEL,OUTPUT,BRAKE_MODEL,,,,,,,,,,,,,,,,,,,,,,,,,,,,,,,,,,TM_MODEL : 부품인증 모델명(CERTI_A101A)
3,,,,,,,,,,,,,,,,,,,,,,,,,,,,,,,,,,,,,,,,,,,,,,,,,,,,,,,,,,,,,,EL_PA101A,,,,TM_MODEL,,BRAKE_MODEL,,,,,,,,,,,,,,,,,,,,,,,,,,,,,,,,,,,BRAKE_MODEL : 브레인크 모델명(CERTI_A101A)
4,,,,,,,,,,,,,,,,,,,,,,,,,,,,,,,,,,,,,,,,,,,,,,,,,,,,,,,,,,,,,,CALL,CAL_ENCODE,,,,,,,,,,,,,,,,,,,,,,,,,,,,,,,,,,,,,,,,
5,,,,,,,,,,,,,,,,,,,,,,,,,,,,,,,,,,,,,,,,,,,,,,,,,,,,,,,,,,,,,,CALL,CAL_APPLICATION_INNOVER_NEO,,,,,,,,,,,,,,,,,,,,,,,,,,,,,,,,,,,,,,,,
6,,,,,,,,,,,,,,,,,,,,,,,,,,,,,,,,,,,,,,,,,,,,,,,,,,,,,,,,,,,,,,CALL,CAL_TYPE,,,,,,,,,,,,,,,,,,,,,,,,,,,,,,,,,,,,,,,,
7,MAIN,,,,,,,,,,,,,,,,,,,,,,,,,,,,,,,,,,,,,,,,,,,,,,,,,,,,,,,,,,,,,,,,,,,,,,,,,,,,,,,,,,,,,,,,,,,,,,,,,,,,,,
8,,EL_ABRAND,LUXEN_2,EL_ASPSCD,KC01,EL_ATYP,?WBLX?,EL_ETM,GETM3.0F,EL_ACAPA,1000,EL_ASPD,<=105,EL_ERPD,8,EL_ERPW,6,EL_ERPR,2:1,,,,,,,,,,,,,,,,,,,,,,,,,,,,,,,,,,,,,,,,,,,EL_PA101A,C101P013115,,,TM_MODEL,GETM3.0F,BRAKE_MODEL,DZD1-500,,,,,,,,,,,,,,,,,,,,,,,,,,,,,,,,,STOP,C10100214G01
9,,EL_ABRAND,LUXEN_2,EL_ASPSCD,KC01,EL_ATYP,?WBLX?,EL_ETM,GETM3.0F,EL_ACAPA,1000,EL_ASPD,120,EL_ERPD,8,EL_ERPW,6,EL_ERPR,2:1,,,,,,,,,,,,,,,,,,,,,,,,,,,,,,,,,,,,,,,,,,,EL_PA101A,C101P013116,,,TM_MODEL,GETM3.0F,BRAKE_MODEL,DZD1-500,,,,,,,,,,,,,,,,,,,,,,,,,,,,,,,,,STOP,C10100214G02
10,,EL_ABRAND,LUXEN_2,EL_ASPSCD,KC01,EL_ATYP,?WBLX?,EL_ETM,GETM3.0F,EL_ACAPA,1000,EL_ASPD,120,EL_ERPD,8,EL_ERPW,5,EL_ERPR,2:1,,,,,,,,,,,,,,,,,,,,,,,,,,,,,,,,,,,,,,,,,,,EL_PA101A,C101P013166,,,TM_MODEL,GETM3.0F,BRAKE_MODEL,DZD1-500,,,,,,,,,,,,,,,,,,,,,,,,,,,,,,,,,STOP,C10100214G03
11,,EL_ABRAND,LUXEN_2,EL_ASPSCD,KC01,EL_ATYP,?WBLX?,EL_ETM,GETM3.5H,EL_ACAPA,1150,EL_ASPD,105,EL_ERPD,10,EL_ERPW,5,EL_ERPR,2:1,EL_EHTRH,">=40000,<=100000",,,,,,,,,,,,,,,,,,,,,,,,,,,,,,,,,,,,,,,,,EL_PA101A,C101P013252,,,TM_MODEL,GETM3.5H,BRAKE_MODEL,DZD1-500,,,,,,,,,,,,,,,,,,,,,,,,,,,,,,,,,STOP,C10100257G08
12,,EL_ABRAND,LUXEN_2,EL_ASPSCD,KC01,EL_ATYP,?WBLX?,EL_ETM,GETM3.5H,EL_ACAPA,1150,EL_ASPD,120,EL_ERPD,10,EL_ERPW,5,EL_ERPR,2:1,EL_EHTRH,">=40000,<=70000",,,,,,,,,,,,,,,,,,,,,,,,,,,,,,,,,,,,,,,,,EL_PA101A,C101P013253,,,TM_MODEL,GETM3.5H,BRAKE_MODEL,DZD1-500,,,,,,,,,,,,,,,,,,,,,,,,,,,,,,,,,STOP,C10100257G09
13,,EL_ABRAND,LUXEN_2,EL_ASPSCD,KC01,EL_ATYP,?WBLX?,EL_ETM,GETM3.5H,EL_ACAPA,1150,EL_ASPD,120,EL_ERPD,10,EL_ERPW,4,EL_ERPR,2:1,EL_EHTRH,">70000,<=105000",,,,,,,,,,,,,,,,,,,,,,,,,,,,,,,,,,,,,,,,,EL_PA101A,C101P013253,,,TM_MODEL,GETM3.5H,BRAKE_MODEL,DZD1-500,,,,,,,,,,,,,,,,,,,,,,,,,,,,,,,,,STOP,C10100257G09
14,,EL_ABRAND,LUXEN_2,EL_ASPSCD,KC01,EL_ATYP,?WBLX?,EL_ETM,GETM3.5H,EL_ACAPA,1150,EL_ASPD,120,EL_ERPD,10,EL_ERPW,5,EL_ERPR,2:1,EL_EHTRH,">105000,<=120000",,,,,,,,,,,,,,,,,,,,,,,,,,,,,,,,,,,,,,,,,EL_PA101A,C101P013253,,,TM_MODEL,GETM3.5H,BRAKE_MODEL,DZD1-500,,,,,,,,,,,,,,,,,,,,,,,,,,,,,,,,,STOP,C10100257G09
15,,EL_ABRAND,LUXEN_2,EL_ASPSCD,KC01,EL_ATYP,?WBLX?,EL_ETM,GETM3.5H,EL_ACAPA,1200,EL_ASPD,105,EL_ERPD,10,EL_ERPW,5,EL_ERPR,2:1,EL_EHTRH,">=40000,<=100000",,,,,,,,,,,,,,,,,,,,,,,,,,,,,,,,,,,,,,,,,EL_PA101A,C101P013254,,,TM_MODEL,GETM3.5H,BRAKE_MODEL,DZD1-500,,,,,,,,,,,,,,,,,,,,,,,,,,,,,,,,,STOP,C10100257G10
16,,EL_ABRAND,LUXEN_2,EL_ASPSCD,KC01,EL_ATYP,?WBLX?,EL_ETM,GETM3.5H,EL_ACAPA,1200,EL_ASPD,120,EL_ERPD,10,EL_ERPW,5,EL_ERPR,2:1,EL_EHTRH,">=40000,<=95000",,,,,,,,,,,,,,,,,,,,,,,,,,,,,,,,,,,,,,,,,EL_PA101A,C101P013255,,,TM_MODEL,GETM3.5H,BRAKE_MODEL,DZD1-500,,,,,,,,,,,,,,,,,,,,,,,,,,,,,,,,,STOP,C10100257G11
17,,EL_ABRAND,LUXEN_2,EL_ASPSCD,KC01,EL_ATYP,?WBLX?,EL_ETM,GETM3.5H,EL_ACAPA,1200,EL_ASPD,120,EL_ERPD,10,EL_ERPW,4,EL_ERPR,2:1,EL_EHTRH,">95000,<=105000",,,,,,,,,,,,,,,,,,,,,,,,,,,,,,,,,,,,,,,,,EL_PA101A,C101P013255,,,TM_MODEL,GETM3.5H,BRAKE_MODEL,DZD1-500,,,,,,,,,,,,,,,,,,,,,,,,,,,,,,,,,STOP,C10100257G11
18,,EL_ABRAND,LUXEN_2,EL_ASPSCD,KC01,EL_ATYP,?WBLX?,EL_ETM,GETM3.5H,EL_ACAPA,1200,EL_ASPD,120,EL_ERPD,10,EL_ERPW,5,EL_ERPR,2:1,EL_EHTRH,">105000,<=120000",,,,,,,,,,,,,,,,,,,,,,,,,,,,,,,,,,,,,,,,,EL_PA101A,C101P013255,,,TM_MODEL,GETM3.5H,BRAKE_MODEL,DZD1-500,,,,,,,,,,,,,,,,,,,,,,,,,,,,,,,,,STOP,C10100257G11
19,,EL_ABRAND,LUXEN_2,EL_ASPSCD,KC01,EL_ATYP,GTLX_R,EL_ETM,GETM3.5H,EL_ACAPA,1000,EL_ASPD,105,EL_ERPD,10,,,EL_ERPR,2:1,,,,,,,,,,,,,,,,,,,,,,,,,,,,,,,,,,,,,,,,,,,EL_PA101A,C101P013340,,,TM_MODEL,GETM3.5H,BRAKE_MODEL,DZD1-500,,,,,,,,,,,,,,,,,,,,,,,,,,,,,,,,,STOP,C10100257G12
20,,EL_ABRAND,LUXEN_2,EL_ASPSCD,KC01,EL_ATYP,GTLX_R,EL_ETM,GETM3.5H,EL_ACAPA,1000,EL_ASPD,120,EL_ERPD,10,,,EL_ERPR,2:1,,,,,,,,,,,,,,,,,,,,,,,,,,,,,,,,,,,,,,,,,,,EL_PA101A,C101P013341,,,TM_MODEL,GETM3.5H,BRAKE_MODEL,DZD1-500,,,,,,,,,,,,,,,,,,,,,,,,,,,,,,,,,STOP,C10100257G13
21,,EL_ABRAND,LUXEN_2,EL_ASPSCD,KC01,EL_ATYP,GTLX_R,EL_ETM,GETM3.5H,EL_ACAPA,1150,EL_ASPD,105,EL_ERPD,10,,,EL_ERPR,2:1,,,,,,,,,,,,,,,,,,,,,,,,,,,,,,,,,,,,,,,,,,,EL_PA101A,C101P013252,,,TM_MODEL,GETM3.5H,BRAKE_MODEL,DZD1-500,,,,,,,,,,,,,,,,,,,,,,,,,,,,,,,,,STOP,C10100257G08
22,,EL_ABRAND,LUXEN_2,EL_ASPSCD,KC01,EL_ATYP,GTLX_R,EL_ETM,GETM3.5H,EL_ACAPA,1150,EL_ASPD,120,EL_ERPD,10,,,EL_ERPR,2:1,,,,,,,,,,,,,,,,,,,,,,,,,,,,,,,,,,,,,,,,,,,EL_PA101A,C101P013253,,,TM_MODEL,GETM3.5H,BRAKE_MODEL,DZD1-500,,,,,,,,,,,,,,,,,,,,,,,,,,,,,,,,,STOP,C10100257G09
23,,EL_ABRAND,LUXEN_2,EL_ASPSCD,KC01,EL_ATYP,GTLX_R,EL_ETM,GETM3.5H,EL_ACAPA,1200,EL_ASPD,105,EL_ERPD,10,,,EL_ERPR,2:1,,,,,,,,,,,,,,,,,,,,,,,,,,,,,,,,,,,,,,,,,,,EL_PA101A,C101P013254,,,TM_MODEL,GETM3.5H,BRAKE_MODEL,DZD1-500,,,,,,,,,,,,,,,,,,,,,,,,,,,,,,,,,STOP,C10100257G10
24,,EL_ABRAND,LUXEN_2,EL_ASPSCD,KC01,EL_ATYP,GTLX_R,EL_ETM,GETM3.5H,EL_ACAPA,1200,EL_ASPD,120,EL_ERPD,10,,,EL_ERPR,2:1,,,,,,,,,,,,,,,,,,,,,,,,,,,,,,,,,,,,,,,,,,,EL_PA101A,C101P013255,,,TM_MODEL,GETM3.5H,BRAKE_MODEL,DZD1-500,,,,,,,,,,,,,,,,,,,,,,,,,,,,,,,,,STOP,C10100257G11
25,,EL_ABRAND,LUXEN_2,EL_ASPSCD,KC01,,,,,,,,,,,,,,,,,,,,,,,,,,,,,,,,,,,,,,,,,,,,,,,,,,,,,,,,,,,,,,,,,,,,,,,,,,,,,,,,,,,,,,,,,,,,,,,,,STOP,
26,,,,,,,,,,,,,,,,,,,,,,,,,,,,,,,,,,,,,,,,,,,,,,,,,,,,,,,,,,,,,,,,,,,,,,,,,,,,,,,,,,,,,,,,,,,,,,,,,,,,,,,
27,,EL_ATYP,WBSS_US,EL_ACD2,?ASME?,EL_ETM,GY35AU,EL_ACAPA,<=1134,EL_ASPD,<=60,EL_ERPD,6,EL_ERPW,<=12,EL_ERPR,2:1,EL_ECWTP,",F/L,R/L",EL_ASEZO,N,,,,,,,,,,,,,,,,,,,,,,,,,,,,,,,,,,,,,,,,,EL_PA101A,10110766G010A,,,TM_MODEL,,BRAKE_MODEL,RSR-600K,,,,,,,,,,,,,,,,,,,,,,,,,,,,,,,,,STOP,
28,,EL_ATYP,WBSS_US,EL_ACD2,?ASME?,EL_ETM,GY35BU,EL_ACAPA,<=1134,EL_ASPD,",90,105",EL_ERPD,6,EL_ERPW,<=12,EL_ERPR,2:1,EL_ECWTP,",F/L,R/L",EL_ASEZO,N,,,,,,,,,,,,,,,,,,,,,,,,,,,,,,,,,,,,,,,,,EL_PA101A,10110766G020A,,,TM_MODEL,,BRAKE_MODEL,RSR-600K,,,,,,,,,,,,,,,,,,,,,,,,,,,,,,,,,STOP,
29,,EL_ATYP,WBSS_US,EL_ACD2,?ASME?,EL_ETM,GU35A,EL_ACAPA,<=1588,EL_ASPD,<=60,EL_ERPD,6,EL_ERPW,<=12,EL_ERPR,2:1,EL_ECWTP,",F/L,R/L",EL_ASEZO,N,,,,,,,,,,,,,,,,,,,,,,,,,,,,,,,,,,,,,,,,,EL_PA101A,10110766G030A,,,TM_MODEL,,BRAKE_MODEL,RSR-600L,,,,,,,,,,,,,,,,,,,,,,,,,,,,,,,,,STOP,
30,,EL_ATYP,WBSS_US,EL_ACD2,?ASME?,EL_ETM,GU35B,EL_ACAPA,<=1588,EL_ASPD,",90,105",EL_ERPD,6,EL_ERPW,<=12,EL_ERPR,2:1,EL_ECWTP,",F/L,R/L",EL_ASEZO,N,,,,,,,,,,,,,,,,,,,,,,,,,,,,,,,,,,,,,,,,,EL_PA101A,10110766G040A,,,TM_MODEL,,BRAKE_MODEL,RSR-600L,,,,,,,,,,,,,,,,,,,,,,,,,,,,,,,,,STOP,
31,,EL_ATYP,WBSS_US,EL_ACD2,?ASME?,EL_ETM,GY35AU,EL_ACAPA,<=1134,EL_ASPD,<=60,EL_ERPD,6,EL_ERPW,<=12,EL_ERPR,2:1,EL_ECWTP,",F/R,R/R",EL_ASEZO,N,,,,,,,,,,,,,,,,,,,,,,,,,,,,,,,,,,,,,,,,,EL_PA101A,10110766G050A,,,TM_MODEL,,BRAKE_MODEL,RSR-600K,,,,,,,,,,,,,,,,,,,,,,,,,,,,,,,,,STOP,
32,,EL_ATYP,WBSS_US,EL_ACD2,?ASME?,EL_ETM,GY35BU,EL_ACAPA,<=1134,EL_ASPD,",90,105",EL_ERPD,6,EL_ERPW,<=12,EL_ERPR,2:1,EL_ECWTP,",F/R,R/R",EL_ASEZO,N,,,,,,,,,,,,,,,,,,,,,,,,,,,,,,,,,,,,,,,,,EL_PA101A,10110766G060A,,,TM_MODEL,,BRAKE_MODEL,RSR-600K,,,,,,,,,,,,,,,,,,,,,,,,,,,,,,,,,STOP,
33,,EL_ATYP,WBSS_US,EL_ACD2,?ASME?,EL_ETM,GU35A,EL_ACAPA,<=1588,EL_ASPD,<=60,EL_ERPD,6,EL_ERPW,<=12,EL_ERPR,2:1,EL_ECWTP,",F/R,R/R",EL_ASEZO,N,,,,,,,,,,,,,,,,,,,,,,,,,,,,,,,,,,,,,,,,,EL_PA101A,10110766G070A,,,TM_MODEL,,BRAKE_MODEL,RSR-600L,,,,,,,,,,,,,,,,,,,,,,,,,,,,,,,,,STOP,
34,,EL_ATYP,WBSS_US,EL_ACD2,?ASME?,EL_ETM,GU35B,EL_ACAPA,<=1588,EL_ASPD,",90,105",EL_ERPD,6,EL_ERPW,<=12,EL_ERPR,2:1,EL_ECWTP,",F/R,R/R",EL_ASEZO,N,,,,,,,,,,,,,,,,,,,,,,,,,,,,,,,,,,,,,,,,,EL_PA101A,10110766G080A,,,TM_MODEL,,BRAKE_MODEL,RSR-600L,,,,,,,,,,,,,,,,,,,,,,,,,,,,,,,,,STOP,
35,,EL_ATYP,WBSS_US,EL_ACD2,?ASME?,EL_ETM,GY35AU,EL_ACAPA,<=1134,EL_ASPD,<=60,EL_ERPD,6,EL_ERPW,<=12,EL_ERPR,2:1,EL_ECWTP,",F/L,R/L",EL_ASEZO,>=1,,,,,,,,,,,,,,,,,,,,,,,,,,,,,,,,,,,,,,,,,EL_PA101A,10110766G090A,,,TM_MODEL,,BRAKE_MODEL,RSR-600K,,,,,,,,,,,,,,,,,,,,,,,,,,,,,,,,,STOP,
36,,EL_ATYP,WBSS_US,EL_ACD2,?ASME?,EL_ETM,GY35BU,EL_ACAPA,<=1134,EL_ASPD,",90,105",EL_ERPD,6,EL_ERPW,<=12,EL_ERPR,2:1,EL_ECWTP,",F/L,R/L",EL_ASEZO,>=1,,,,,,,,,,,,,,,,,,,,,,,,,,,,,,,,,,,,,,,,,EL_PA101A,10110766G100A,,,TM_MODEL,,BRAKE_MODEL,RSR-600K,,,,,,,,,,,,,,,,,,,,,,,,,,,,,,,,,STOP,
37,,EL_ATYP,WBSS_US,EL_ACD2,?ASME?,EL_ETM,GU35A,EL_ACAPA,<=1588,EL_ASPD,<=60,EL_ERPD,6,EL_ERPW,<=12,EL_ERPR,2:1,EL_ECWTP,",F/L,R/L",EL_ASEZO,>=1,,,,,,,,,,,,,,,,,,,,,,,,,,,,,,,,,,,,,,,,,EL_PA101A,10110766G110A,,,TM_MODEL,,BRAKE_MODEL,RSR-600L,,,,,,,,,,,,,,,,,,,,,,,,,,,,,,,,,STOP,
38,,EL_ATYP,WBSS_US,EL_ACD2,?ASME?,EL_ETM,GU35B,EL_ACAPA,<=1588,EL_ASPD,",90,105",EL_ERPD,6,EL_ERPW,<=12,EL_ERPR,2:1,EL_ECWTP,",F/L,R/L",EL_ASEZO,>=1,,,,,,,,,,,,,,,,,,,,,,,,,,,,,,,,,,,,,,,,,EL_PA101A,10110766G120A,,,TM_MODEL,,BRAKE_MODEL,RSR-600L,,,,,,,,,,,,,,,,,,,,,,,,,,,,,,,,,STOP,
39,,EL_ATYP,WBSS_US,EL_ACD2,?ASME?,EL_ETM,GY35AU,EL_ACAPA,<=1134,EL_ASPD,<=60,EL_ERPD,6,EL_ERPW,<=12,EL_ERPR,2:1,EL_ECWTP,",F/R,R/R",EL_ASEZO,>=1,,,,,,,,,,,,,,,,,,,,,,,,,,,,,,,,,,,,,,,,,EL_PA101A,10110766G130A,,,TM_MODEL,,BRAKE_MODEL,RSR-600K,,,,,,,,,,,,,,,,,,,,,,,,,,,,,,,,,STOP,
40,,EL_ATYP,WBSS_US,EL_ACD2,?ASME?,EL_ETM,GY35BU,EL_ACAPA,<=1134,EL_ASPD,",90,105",EL_ERPD,6,EL_ERPW,<=12,EL_ERPR,2:1,EL_ECWTP,",F/R,R/R",EL_ASEZO,>=1,,,,,,,,,,,,,,,,,,,,,,,,,,,,,,,,,,,,,,,,,EL_PA101A,10110766G140A,,,TM_MODEL,,BRAKE_MODEL,RSR-600K,,,,,,,,,,,,,,,,,,,,,,,,,,,,,,,,,STOP,
41,,EL_ATYP,WBSS_US,EL_ACD2,?ASME?,EL_ETM,GU35A,EL_ACAPA,<=1588,EL_ASPD,<=60,EL_ERPD,6,EL_ERPW,<=12,EL_ERPR,2:1,EL_ECWTP,",F/R,R/R",EL_ASEZO,>=1,,,,,,,,,,,,,,,,,,,,,,,,,,,,,,,,,,,,,,,,,EL_PA101A,10110766G150A,,,TM_MODEL,,BRAKE_MODEL,RSR-600L,,,,,,,,,,,,,,,,,,,,,,,,,,,,,,,,,STOP,
42,,EL_ATYP,WBSS_US,EL_ACD2,?ASME?,EL_ETM,GU35B,EL_ACAPA,<=1588,EL_ASPD,",90,105",EL_ERPD,6,EL_ERPW,<=12,EL_ERPR,2:1,EL_ECWTP,",F/R,R/R",EL_ASEZO,>=1,,,,,,,,,,,,,,,,,,,,,,,,,,,,,,,,,,,,,,,,,EL_PA101A,10110766G160A,,,TM_MODEL,,BRAKE_MODEL,RSR-600L,,,,,,,,,,,,,,,,,,,,,,,,,,,,,,,,,STOP,
43,,EL_ATYP,WBSS_US,EL_ACD2,?ASME?,EL_ETM,GU55A,EL_ACAPA,<=2268,EL_ASPD,">=45,<=60",EL_ERPD,8,EL_ERPW,<=12,EL_ERPR,2:1,EL_ECWTP,",F/L,R/L",EL_ASEZO,N,,,,,,,,,,,,,,,,,,,,,,,,,,,,,,,,,,,,,,,,,EL_PA101A,10110891G010A,,,TM_MODEL,,BRAKE_MODEL,RSR150,,,,,,,,,,,,,,,,,,,,,,,,,,,,,,,,,STOP,
44,,EL_ATYP,WBSS_US,EL_ACD2,?ASME?,EL_ETM,GU55B,EL_ACAPA,<=2268,EL_ASPD,",90,105",EL_ERPD,8,EL_ERPW,<=12,EL_ERPR,2:1,EL_ECWTP,",F/L,R/L",EL_ASEZO,N,,,,,,,,,,,,,,,,,,,,,,,,,,,,,,,,,,,,,,,,,EL_PA101A,10110891G020A,,,TM_MODEL,,BRAKE_MODEL,RSR150,,,,,,,,,,,,,,,,,,,,,,,,,,,,,,,,,STOP,
45,,EL_ATYP,WBSS_US,EL_ACD2,?ASME?,EL_ETM,GU55A,EL_ACAPA,<=2268,EL_ASPD,">=45,<=60",EL_ERPD,8,EL_ERPW,<=12,EL_ERPR,2:1,EL_ECWTP,",F/R,R/R",EL_ASEZO,N,,,,,,,,,,,,,,,,,,,,,,,,,,,,,,,,,,,,,,,,,EL_PA101A,10110891G030A,,,TM_MODEL,,BRAKE_MODEL,RSR150,,,,,,,,,,,,,,,,,,,,,,,,,,,,,,,,,STOP,
46,,EL_ATYP,WBSS_US,EL_ACD2,?ASME?,EL_ETM,GU55B,EL_ACAPA,<=2268,EL_ASPD,",90,105",EL_ERPD,8,EL_ERPW,<=12,EL_ERPR,2:1,EL_ECWTP,",F/R,R/R",EL_ASEZO,N,,,,,,,,,,,,,,,,,,,,,,,,,,,,,,,,,,,,,,,,,EL_PA101A,10110891G040A,,,TM_MODEL,,BRAKE_MODEL,RSR150,,,,,,,,,,,,,,,,,,,,,,,,,,,,,,,,,STOP,
47,,EL_ATYP,WBSS_US,EL_ACD2,?ASME?,EL_ETM,GU55A,EL_ACAPA,<=2268,EL_ASPD,">=45,<=60",EL_ERPD,8,EL_ERPW,<=12,EL_ERPR,2:1,EL_ECWTP,",F/L,R/L",EL_ASEZO,>=1,,,,,,,,,,,,,,,,,,,,,,,,,,,,,,,,,,,,,,,,,EL_PA101A,10110891G050A,,,TM_MODEL,,BRAKE_MODEL,RSR150,,,,,,,,,,,,,,,,,,,,,,,,,,,,,,,,,STOP,
48,,EL_ATYP,WBSS_US,EL_ACD2,?ASME?,EL_ETM,GU55B,EL_ACAPA,<=2268,EL_ASPD,",90,105",EL_ERPD,8,EL_ERPW,<=12,EL_ERPR,2:1,EL_ECWTP,",F/L,R/L",EL_ASEZO,>=1,,,,,,,,,,,,,,,,,,,,,,,,,,,,,,,,,,,,,,,,,EL_PA101A,10110891G060A,,,TM_MODEL,,BRAKE_MODEL,RSR150,,,,,,,,,,,,,,,,,,,,,,,,,,,,,,,,,STOP,
49,,EL_ATYP,WBSS_US,EL_ACD2,?ASME?,EL_ETM,GU55A,EL_ACAPA,<=2268,EL_ASPD,">=45,<=60",EL_ERPD,8,EL_ERPW,<=12,EL_ERPR,2:1,EL_ECWTP,",F/R,R/R",EL_ASEZO,>=1,,,,,,,,,,,,,,,,,,,,,,,,,,,,,,,,,,,,,,,,,EL_PA101A,10110891G070A,,,TM_MODEL,,BRAKE_MODEL,RSR150,,,,,,,,,,,,,,,,,,,,,,,,,,,,,,,,,STOP,
50,,EL_ATYP,WBSS_US,EL_ACD2,?ASME?,EL_ETM,GU55B,EL_ACAPA,<=2268,EL_ASPD,",90,105",EL_ERPD,8,EL_ERPW,<=12,EL_ERPR,2:1,EL_ECWTP,",F/R,R/R",EL_ASEZO,>=1,,,,,,,,,,,,,,,,,,,,,,,,,,,,,,,,,,,,,,,,,EL_PA101A,10110891G080A,,,TM_MODEL,,BRAKE_MODEL,RSR150,,,,,,,,,,,,,,,,,,,,,,,,,,,,,,,,,STOP,
51,,EL_ATYP,WBSS_US,EL_ACD2,?ASME?,EL_ETM,GU55C,EL_ACAPA,<=1588,EL_ASPD,",120,150",EL_ERPD,8,EL_ERPW,<=12,EL_ERPR,2:1,EL_ECWTP,",F/L,R/L",EL_ASEZO,N,,,,,,,,,,,,,,,,,,,,,,,,,,,,,,,,,,,,,,,,,EL_PA101A,10110891G090A,,,TM_MODEL,,BRAKE_MODEL,RSR150,,,,,,,,,,,,,,,,,,,,,,,,,,,,,,,,,STOP,
52,,EL_ATYP,WBSS_US,EL_ACD2,?ASME?,EL_ETM,GU55C,EL_ACAPA,<=1588,EL_ASPD,",120,150",EL_ERPD,8,EL_ERPW,<=12,EL_ERPR,2:1,EL_ECWTP,",F/R,R/R",EL_ASEZO,N,,,,,,,,,,,,,,,,,,,,,,,,,,,,,,,,,,,,,,,,,EL_PA101A,10110891G100A,,,TM_MODEL,,BRAKE_MODEL,RSR150,,,,,,,,,,,,,,,,,,,,,,,,,,,,,,,,,STOP,
53,,EL_ATYP,WBSS_US,EL_ACD2,?ASME?,EL_ETM,GU55C,EL_ACAPA,<=1588,EL_ASPD,",120,150",EL_ERPD,8,EL_ERPW,<=12,EL_ERPR,2:1,EL_ECWTP,",F/L,R/L",EL_ASEZO,>=1,,,,,,,,,,,,,,,,,,,,,,,,,,,,,,,,,,,,,,,,,EL_PA101A,10110891G110A,,,TM_MODEL,,BRAKE_MODEL,RSR150,,,,,,,,,,,,,,,,,,,,,,,,,,,,,,,,,STOP,
54,,EL_ATYP,WBSS_US,EL_ACD2,?ASME?,EL_ETM,GU55C,EL_ACAPA,<=1588,EL_ASPD,",120,150",EL_ERPD,8,EL_ERPW,<=12,EL_ERPR,2:1,EL_ECWTP,",F/R,R/R",EL_ASEZO,>=1,,,,,,,,,,,,,,,,,,,,,,,,,,,,,,,,,,,,,,,,,EL_PA101A,10110891G120A,,,TM_MODEL,,BRAKE_MODEL,RSR150,,,,,,,,,,,,,,,,,,,,,,,,,,,,,,,,,STOP,
55,,,,,,,,,,,,,,,,,,,,,,,,,,,,,,,,,,,,,,,,,,,,,,,,,,,,,,,,,,,,,,,,,,,,,,,,,,,,,,,,,,,,,,,,,,,,,,,,,,,,,,,
56,,EL_ATYP,WBLX_US,EL_ACD2,?ASME?,EL_ETM,GU70A,EL_ACAPA,<=1588,EL_ASPD,",45,60",EL_ERPD,12,EL_ERPW,<=8,EL_ERPR,1:1,,,,,,,,,,,,,,,,,,,,,,,,,,,,,,,,,,,,,,,,,,,,,EL_PA101A,10111186G0100,,,TM_MODEL,,BRAKE_MODEL,RSD9,,,,,,,,,,,,,,,,,,,,,,,,,,,,,,,,,STOP,
57,,EL_ATYP,WBLX_US,EL_ACD2,?ASME?,EL_ETM,GU70B,EL_ACAPA,<=1588,EL_ASPD,",90,105,120,150",EL_ERPD,12,EL_ERPW,<=8,EL_ERPR,1:1,,,,,,,,,,,,,,,,,,,,,,,,,,,,,,,,,,,,,,,,,,,,,EL_PA101A,10111186G0200,,,TM_MODEL,,BRAKE_MODEL,RSD9,,,,,,,,,,,,,,,,,,,,,,,,,,,,,,,,,STOP,
58,,EL_ATYP,WBLX_US,EL_ACD2,?ASME?,EL_ETM,GU70B,EL_ACAPA,<=2268,EL_ASPD,",45,60",EL_ERPD,12,EL_ERPW,<=8,EL_ERPR,2:1,,,,,,,,,,,,,,,,,,,,,,,,,,,,,,,,,,,,,,,,,,,,,EL_PA101A,10111186G0200,,,TM_MODEL,,BRAKE_MODEL,RSD9,,,,,,,,,,,,,,,,,,,,,,,,,,,,,,,,,STOP,
59,,EL_ATYP,WBLX_US,EL_ACD2,?ASME?,EL_ETM,GU70C,EL_ACAPA,<=2268,EL_ASPD,",90,105,120",EL_ERPD,12,EL_ERPW,<=8,EL_ERPR,2:1,,,,,,,,,,,,,,,,,,,,,,,,,,,,,,,,,,,,,,,,,,,,,EL_PA101A,10111186G0300,,,TM_MODEL,,BRAKE_MODEL,RSD9,,,,,,,,,,,,,,,,,,,,,,,,,,,,,,,,,STOP,
60,,EL_ATYP,WBLX_US,EL_ACD2,?ASME?,EL_ETM,GU70D,EL_ACAPA,1814,EL_ASPD,150,EL_ERPD,12,EL_ERPW,<=8,EL_ERPR,2:1,,,,,,,,,,,,,,,,,,,,,,,,,,,,,,,,,,,,,,,,,,,,,EL_PA101A,10111186G0400,,,TM_MODEL,,BRAKE_MODEL,RSD9,,,,,,,,,,,,,,,,,,,,,,,,,,,,,,,,,STOP,
61,STOP_LOGIC,EL_ATYP,?US?,EL_ACD2,?ASME?,,,,,,,,,,,,,,,,,,,,,,,,,,,,,,,,,,,,,,,,,,,,,,,,,,,,,,,,,,,,,,,,,,,,,,,,,,,,,,,,,,,,,,,,,,,,,,,,,STOP,
62,,,,,,,,,,,,,,,,,,,,,,,,,,,,,,,,,,,,,,,,,,,,,,,,,,,,,,,,,,,,,,,,,,,,,,,,,,,,,,,,,,,,,,,,,,,,,,,,,,,,,,,
63,OT_Gen2,EL_ATYP,",GTSS_E,GTSS",EL_DSETUP,OT_GEN2,EL_ETM,?GH15SA?,EL_ACAPA,<=630,EL_ASPD,<=60,EL_ERPW,<=3,,,,,,,,,,,,,,,,,,,,,,,,,,,,,,,,,,,,,,,,,,,,,,,,,EL_PA101A,10111158G0100,,,TM_MODEL,GH15S,BRAKE_MODEL,PZ300A,,,,,,,,,,,,,,,,,,,,,,,,,,,,,,,,,STOP,
64,,EL_ATYP,",GTSS_E,GTSS",EL_DSETUP,OT_GEN2,EL_ETM,?GH15SB?,EL_ACAPA,<=630,EL_ASPD,">60,<=105",EL_ERPW,<=3,,,,,,,,,,,,,,,,,,,,,,,,,,,,,,,,,,,,,,,,,,,,,,,,,EL_PA101A,10111158G0200,,,TM_MODEL,GH15S,BRAKE_MODEL,PZ300A,,,,,,,,,,,,,,,,,,,,,,,,,,,,,,,,,STOP,
65,,EL_ATYP,",GTSS_E,GTSS",EL_DSETUP,OT_GEN2,EL_ETM,?GH25SC?,EL_ACAPA,<=1000,EL_ASPD,<=60,EL_ERPW,<=5,,,,,,,,,,,,,,,,,,,,,,,,,,,,,,,,,,,,,,,,,,,,,,,,,EL_PA101A,10111158G0500,,,TM_MODEL,GH25S,BRAKE_MODEL,PZ300B,,,,,,,,,,,,,,,,,,,,,,,,,,,,,,,,,STOP,
66,,EL_ATYP,",GTSS_E,GTSS",EL_DSETUP,OT_GEN2,EL_ETM,?GH25SD?,EL_ACAPA,<=1000,EL_ASPD,">60,<=105",EL_ERPW,<=5,,,,,,,,,,,,,,,,,,,,,,,,,,,,,,,,,,,,,,,,,,,,,,,,,EL_PA101A,10111158G0600,,,TM_MODEL,GH25S,BRAKE_MODEL,PZ300B,,,,,,,,,,,,,,,,,,,,,,,,,,,,,,,,,STOP,
67,,EL_ATYP,",GTSS_E,GTSS",EL_DSETUP,OT_GEN2,EL_ETM,?GH25SA?,EL_ACAPA,<=1200,EL_ASPD,<=60,EL_ERPW,<=5,,,,,,,,,,,,,,,,,,,,,,,,,,,,,,,,,,,,,,,,,,,,,,,,,EL_PA101A,10111158G0300,,,TM_MODEL,GH25S,BRAKE_MODEL,PZ300B,,,,,,,,,,,,,,,,,,,,,,,,,,,,,,,,,STOP,
68,,EL_ATYP,",GTSS_E,GTSS",EL_DSETUP,OT_GEN2,EL_ETM,?GH25SB?,EL_ACAPA,<=1200,EL_ASPD,">60,<=105",EL_ERPW,<=5,,,,,,,,,,,,,,,,,,,,,,,,,,,,,,,,,,,,,,,,,,,,,,,,,EL_PA101A,10111158G0400,,,TM_MODEL,GH25S,BRAKE_MODEL,PZ300B,,,,,,,,,,,,,,,,,,,,,,,,,,,,,,,,,STOP,
69,,EL_ATYP,",GTSS_E,GTSS",EL_DSETUP,OT_GEN2,,,,,,,,,,,,,,,,,,,,,,,,,,,,,,,,,,,,,,,,,,,,,,,,,,,,,,,,,,,,,,,,,,,,,,,,,,,,,,,,,,,,,,,,,,,,,,,,,STOP,
70,,,,,,,,,,,,,,,,,,,,,,,,,,,,,,,,,,,,,,,,,,,,,,,,,,,,,,,,,,,,,,,,,,,,,,,,,,,,,,,,,,,,,,,,,,,,,,,,,,,,,,,
71,HD_G,EL_ATYP,GTSS_R,EL_DSETUP,?HD_G?,EL_ETM,GETM3.5BA1,EL_ACAPA,<=1150,EL_ASPD,<=60,EL_ERPW,4,EL_ERPD,10,,,,,,,,,,,,,,,,,,,,,,,,,,,,,,,,,,,,,,,,,,,,,,,EL_PA101A,10111229G0100,,,TM_MODEL,GETM3.5BA1,BRAKE_MODEL,DZD2,,,,,,,,,,,,,,,,,,,,,,,,,,,,,,,,,STOP,
72,,EL_ATYP,GTSS_R,EL_DSETUP,?HD_G?,EL_ETM,GETM3.5BA1,EL_ACAPA,<=1150,EL_ASPD,<=60,EL_ERPW,5,EL_ERPD,10,,,,,,,,,,,,,,,,,,,,,,,,,,,,,,,,,,,,,,,,,,,,,,,EL_PA101A,10111229G0200,,,TM_MODEL,GETM3.5BA1,BRAKE_MODEL,DZD2,,,,,,,,,,,,,,,,,,,,,,,,,,,,,,,,,STOP,
73,,EL_ATYP,GTSS_R,EL_DSETUP,?HD_G?,EL_ETM,GETM3.5BB1,EL_ACAPA,<=1150,EL_ASPD,<=105,EL_ERPW,4,EL_ERPD,10,,,,,,,,,,,,,,,,,,,,,,,,,,,,,,,,,,,,,,,,,,,,,,,EL_PA101A,10111229G0300,,,TM_MODEL,GETM3.5BB1,BRAKE_MODEL,DZD2,,,,,,,,,,,,,,,,,,,,,,,,,,,,,,,,,STOP,
74,,EL_ATYP,GTSS_R,EL_DSETUP,?HD_G?,EL_ETM,GETM3.5BB1,EL_ACAPA,<=1150,EL_ASPD,<=105,EL_ERPW,5,EL_ERPD,10,,,,,,,,,,,,,,,,,,,,,,,,,,,,,,,,,,,,,,,,,,,,,,,EL_PA101A,10111229G0400,,,TM_MODEL,GETM3.5BB1,BRAKE_MODEL,DZD2,,,,,,,,,,,,,,,,,,,,,,,,,,,,,,,,,STOP,
75,,EL_ATYP,GTSS_R,EL_DSETUP,?HD_G?,EL_ETM,GETM3.5BC1,EL_ACAPA,<=1150,EL_ASPD,<=120,EL_ERPW,4,EL_ERPD,10,,,,,,,,,,,,,,,,,,,,,,,,,,,,,,,,,,,,,,,,,,,,,,,EL_PA101A,10111229G0500,,,TM_MODEL,GETM3.5BC1,BRAKE_MODEL,DZD2,,,,,,,,,,,,,,,,,,,,,,,,,,,,,,,,,STOP,
76,,EL_ATYP,GTSS_R,EL_DSETUP,?HD_G?,EL_ETM,GETM3.5BC1,EL_ACAPA,<=1150,EL_ASPD,<=120,EL_ERPW,5,EL_ERPD,10,,,,,,,,,,,,,,,,,,,,,,,,,,,,,,,,,,,,,,,,,,,,,,,EL_PA101A,10111229G0600,,,TM_MODEL,GETM3.5BC1,BRAKE_MODEL,DZD2,,,,,,,,,,,,,,,,,,,,,,,,,,,,,,,,,STOP,
77,,EL_ATYP,GTSS_R,EL_DSETUP,?HD_G?,EL_ETM,GETM3.5BA1,EL_ACAPA,<=1150,EL_ASPD,<=60,EL_ERPW,5,EL_ERPD,8,,,,,,,,,,,,,,,,,,,,,,,,,,,,,,,,,,,,,,,,,,,,,,,EL_PA101A,10111229G0700,,,TM_MODEL,GETM3.5BA1,BRAKE_MODEL,DZD2,,,,,,,,,,,,,,,,,,,,,,,,,,,,,,,,,STOP,
78,,EL_ATYP,GTSS_R,EL_DSETUP,?HD_G?,EL_ETM,GETM3.5BA1,EL_ACAPA,<=1150,EL_ASPD,<=60,EL_ERPW,",4,6",EL_ERPD,8,,,,,,,,,,,,,,,,,,,,,,,,,,,,,,,,,,,,,,,,,,,,,,,EL_PA101A,10111229G0800,,,TM_MODEL,GETM3.5BA1,BRAKE_MODEL,DZD2,,,,,,,,,,,,,,,,,,,,,,,,,,,,,,,,,STOP,
79,,EL_ATYP,GTSS_R,EL_DSETUP,?HD_G?,EL_ETM,GETM3.5BB1,EL_ACAPA,<=1150,EL_ASPD,<=105,EL_ERPW,5,EL_ERPD,8,,,,,,,,,,,,,,,,,,,,,,,,,,,,,,,,,,,,,,,,,,,,,,,EL_PA101A,10111229G0900,,,TM_MODEL,GETM3.5BB1,BRAKE_MODEL,DZD2,,,,,,,,,,,,,,,,,,,,,,,,,,,,,,,,,STOP,
80,,EL_ATYP,GTSS_R,EL_DSETUP,?HD_G?,EL_ETM,GETM3.5BB1,EL_ACAPA,<=1150,EL_ASPD,<=105,EL_ERPW,",4,6",EL_ERPD,8,,,,,,,,,,,,,,,,,,,,,,,,,,,,,,,,,,,,,,,,,,,,,,,EL_PA101A,10111229G1000,,,TM_MODEL,GETM3.5BB1,BRAKE_MODEL,DZD2,,,,,,,,,,,,,,,,,,,,,,,,,,,,,,,,,STOP,
81,,EL_ATYP,GTSS_R,EL_DSETUP,?HD_G?,EL_ETM,GETM3.5BC1,EL_ACAPA,<=1150,EL_ASPD,<=120,EL_ERPW,5,EL_ERPD,8,,,,,,,,,,,,,,,,,,,,,,,,,,,,,,,,,,,,,,,,,,,,,,,EL_PA101A,10111229G1100,,,TM_MODEL,GETM3.5BC1,BRAKE_MODEL,DZD2,,,,,,,,,,,,,,,,,,,,,,,,,,,,,,,,,STOP,
82,,EL_ATYP,GTSS_R,EL_DSETUP,?HD_G?,EL_ETM,GETM3.5BC1,EL_ACAPA,<=1150,EL_ASPD,<=120,EL_ERPW,",4,6",EL_ERPD,8,,,,,,,,,,,,,,,,,,,,,,,,,,,,,,,,,,,,,,,,,,,,,,,EL_PA101A,10111229G1200,,,TM_MODEL,GETM3.5BC1,BRAKE_MODEL,DZD2,,,,,,,,,,,,,,,,,,,,,,,,,,,,,,,,,STOP,
83,,EL_ATYP,GTSS_R,EL_DSETUP,?HD_G?,,,,,,,,,,,,,,,,,,,,,,,,,,,,,,,,,,,,,,,,,,,,,,,,,,,,,,,,,,,,,,,,,,,,,,,,,,,,,,,,,,,,,,,,,,,,,,,,,STOP,
84,,,,,,,,,,,,,,,,,,,,,,,,,,,,,,,,,,,,,,,,,,,,,,,,,,,,,,,,,,,,,,,,,,,,,,,,,,,,,,,,,,,,,,,,,,,,,,,,,,,,,,,
85,HOME EL,EL_ATYP,GTSS_E,EL_ETM,GH13A,EL_ACAPA,<=600,EL_ASPD,<=60,EL_ERPW,2,EL_AUSE,PI,,,,,,,,,,,,,,,,,,,,,,,,,,,,,,,,,,,,,,,,,,,,,,,,,EL_PA101A,10110659G0200,,,TM_MODEL,GH13,BRAKE_MODEL,DSZ-80MTX,,,,,,,,,,,,,,,,,,,,,,,,,,,,,,,,,STOP,HOME ELEVATOR 전산화
86,,EL_ATYP,GTSS_E,EL_ETM,GH15SA,EL_ACAPA,<=630,EL_ASPD,<=60,EL_ERPW,2,EL_AUSE,PI,,,,,,,,,,,,,,,,,,,,,,,,,,,,,,,,,,,,,,,,,,,,,,,,,EL_PA101A,10111010G0900,,,TM_MODEL,GH15S,BRAKE_MODEL,PZ300A,,,,,,,,,,,,,,,,,,,,,,,,,,,,,,,,,STOP,
87,,,,,,,,,,,,,,,,,,,,,,,,,,,,,,,,,,,,,,,,,,,,,,,,,,,,,,,,,,,,,,,,,,,,,,,,,,,,,,,,,,,,,,,,,,,,,,,,,,,,,,,
88,,EL_ATYP,GTLX_E,EL_ETM,GH15SA,EL_ACAPA,<=630,EL_ASPD,<=60,EL_ERPW,2,,,,,,,,,,,,,,,,,,,,,,,,,,,,,,,,,,,,,,,,,,,,,,,,,,,EL_PA101A,10111010G010B,,,TM_MODEL,GH15S,BRAKE_MODEL,PZ300A,,,,,,,,,,,,,,,,,,,,,,,,,,,,,,,,,STOP,
89,,EL_ATYP,GTLX_E,EL_ETM,GH15SA,EL_ACAPA,<=630,EL_ASPD,<=60,EL_ERPW,3,,,,,,,,,,,,,,,,,,,,,,,,,,,,,,,,,,,,,,,,,,,,,,,,,,,EL_PA101A,10111010G020B,,,TM_MODEL,GH15S,BRAKE_MODEL,PZ300A,,,,,,,,,,,,,,,,,,,,,,,,,,,,,,,,,STOP,
90,,EL_ATYP,GTLX_E,EL_ETM,GH25SC,EL_ACAPA,<=1000,EL_ASPD,<=60,EL_ERPW,3,,,,,,,,,,,,,,,,,,,,,,,,,,,,,,,,,,,,,,,,,,,,,,,,,,,EL_PA101A,10111010G070B,,,TM_MODEL,GH25S,BRAKE_MODEL,PZ300B,,,,,,,,,,,,,,,,,,,,,,,,,,,,,,,,,STOP,
91,,EL_ATYP,GTSS_E,EL_ETM,GH15SA,EL_ACAPA,<=630,EL_ASPD,<=60,EL_ERPW,2,,,,,,,,,,,,,,,,,,,,,,,,,,,,,,,,,,,,,,,,,,,,,,,,,,,EL_PA101A,10111010G0900,,,TM_MODEL,GH15S,BRAKE_MODEL,PZ300A,,,,,,,,,,,,,,,,,,,,,,,,,,,,,,,,,STOP,
92,,EL_ATYP,GTSS_E,EL_ETM,GH15SA,EL_ACAPA,<=630,EL_ASPD,<=60,EL_ERPW,3,,,,,,,,,,,,,,,,,,,,,,,,,,,,,,,,,,,,,,,,,,,,,,,,,,,EL_PA101A,10111010G1000,,,TM_MODEL,GH15S,BRAKE_MODEL,PZ300A,,,,,,,,,,,,,,,,,,,,,,,,,,,,,,,,,STOP,
93,,EL_ATYP,GTSS_E,EL_ETM,GH25SC,EL_ACAPA,<=1000,EL_ASPD,<=60,EL_ERPW,3,,,,,,,,,,,,,,,,,,,,,,,,,,,,,,,,,,,,,,,,,,,,,,,,,,,EL_PA101A,10111010G1500,,,TM_MODEL,GH25S,BRAKE_MODEL,PZ300B,,,,,,,,,,,,,,,,,,,,,,,,,,,,,,,,,STOP,
94,,EL_ATYP,GTLX,EL_ETM,GH15SA,EL_ACAPA,<=630,EL_ASPD,<=60,EL_ERPW,2,,,,,,,,,,,,,,,,,,,,,,,,,,,,,,,,,,,,,,,,,,,,,,,,,,,EL_PA101A,10111010G010B,,,TM_MODEL,GH15S,BRAKE_MODEL,PZ300A,,,,,,,,,,,,,,,,,,,,,,,,,,,,,,,,,STOP,
95,,EL_ATYP,GTLX,EL_ETM,GH15SA,EL_ACAPA,<=630,EL_ASPD,<=60,EL_ERPW,3,,,,,,,,,,,,,,,,,,,,,,,,,,,,,,,,,,,,,,,,,,,,,,,,,,,EL_PA101A,10111010G020B,,,TM_MODEL,GH15S,BRAKE_MODEL,PZ300A,,,,,,,,,,,,,,,,,,,,,,,,,,,,,,,,,STOP,
96,,EL_ATYP,GTLX,EL_ETM,GH15SB,EL_ACAPA,<=630,EL_ASPD,",90,105",EL_ERPW,2,,,,,,,,,,,,,,,,,,,,,,,,,,,,,,,,,,,,,,,,,,,,,,,,,,,EL_PA101A,10111010G030B,,,TM_MODEL,GH15S,BRAKE_MODEL,PZ300A,,,,,,,,,,,,,,,,,,,,,,,,,,,,,,,,,STOP,
97,,EL_ATYP,GTLX,EL_ETM,GH15SB,EL_ACAPA,<=630,EL_ASPD,",90,105",EL_ERPW,3,,,,,,,,,,,,,,,,,,,,,,,,,,,,,,,,,,,,,,,,,,,,,,,,,,,EL_PA101A,10111010G040B,,,TM_MODEL,GH15S,BRAKE_MODEL,PZ300A,,,,,,,,,,,,,,,,,,,,,,,,,,,,,,,,,STOP,
98,,EL_ATYP,GTLX,EL_ETM,GH25SC,EL_ACAPA,<=1000,EL_ASPD,<=60,EL_ERPW,",3,4",,,,,,,,,,,,,,,,,,,,,,,,,,,,,,,,,,,,,,,,,,,,,,,,,,,EL_PA101A,10111010G070B,,,TM_MODEL,GH25S,BRAKE_MODEL,PZ300B,,,,,,,,,,,,,,,,,,,,,,,,,,,,,,,,,STOP,
99,,EL_ATYP,GTLX,EL_ETM,GH25SD,EL_ACAPA,<=1000,EL_ASPD,",90,105",EL_ERPW,",3,4",,,,,,,,,,,,,,,,,,,,,,,,,,,,,,,,,,,,,,,,,,,,,,,,,,,EL_PA101A,10111010G080B,,,TM_MODEL,GH25S,BRAKE_MODEL,PZ300B,,,,,,,,,,,,,,,,,,,,,,,,,,,,,,,,,STOP,
100,,EL_ATYP,GTLX,EL_ETM,GH25SA,EL_ACAPA,<=1200,EL_ASPD,<=60,EL_ERPW,",3,4",,,,,,,,,,,,,,,,,,,,,,,,,,,,,,,,,,,,,,,,,,,,,,,,,,,EL_PA101A,10111010G050B,,,TM_MODEL,GH25S,BRAKE_MODEL,PZ300B,,,,,,,,,,,,,,,,,,,,,,,,,,,,,,,,,STOP,
101,,EL_ATYP,GTLX,EL_ETM,GH25SB,EL_ACAPA,<=1200,EL_ASPD,",90,105",EL_ERPW,",3,4",,,,,,,,,,,,,,,,,,,,,,,,,,,,,,,,,,,,,,,,,,,,,,,,,,,EL_PA101A,10111010G060B,,,TM_MODEL,GH25S,BRAKE_MODEL,PZ300B,,,,,,,,,,,,,,,,,,,,,,,,,,,,,,,,,STOP,
102,,EL_ATYP,GTSS,EL_ETM,GH15SA,EL_ACAPA,<=630,EL_ASPD,<=60,EL_ERPW,2,,,,,,,,,,,,,,,,,,,,,,,,,,,,,,,,,,,,,,,,,,,,,,,,,,,EL_PA101A,10111010G0900,,,TM_MODEL,GH15S,BRAKE_MODEL,PZ300A,,,,,,,,,,,,,,,,,,,,,,,,,,,,,,,,,STOP,
103,,EL_ATYP,GTSS,EL_ETM,GH15SA,EL_ACAPA,<=630,EL_ASPD,<=60,EL_ERPW,3,,,,,,,,,,,,,,,,,,,,,,,,,,,,,,,,,,,,,,,,,,,,,,,,,,,EL_PA101A,10111010G1000,,,TM_MODEL,GH15S,BRAKE_MODEL,PZ300A,,,,,,,,,,,,,,,,,,,,,,,,,,,,,,,,,STOP,
104,,EL_ATYP,GTSS,EL_ETM,GH15SB,EL_ACAPA,<=630,EL_ASPD,",90,105",EL_ERPW,2,,,,,,,,,,,,,,,,,,,,,,,,,,,,,,,,,,,,,,,,,,,,,,,,,,,EL_PA101A,10111010G1100,,,TM_MODEL,GH15S,BRAKE_MODEL,PZ300A,,,,,,,,,,,,,,,,,,,,,,,,,,,,,,,,,STOP,
105,,EL_ATYP,GTSS,EL_ETM,GH15SB,EL_ACAPA,<=630,EL_ASPD,",90,105",EL_ERPW,3,,,,,,,,,,,,,,,,,,,,,,,,,,,,,,,,,,,,,,,,,,,,,,,,,,,EL_PA101A,10111010G1200,,,TM_MODEL,GH15S,BRAKE_MODEL,PZ300A,,,,,,,,,,,,,,,,,,,,,,,,,,,,,,,,,STOP,
106,,EL_ATYP,GTSS,EL_ETM,GH25SC,EL_ACAPA,<=1000,EL_ASPD,<=60,EL_ERPW,",3,4",,,,,,,,,,,,,,,,,,,,,,,,,,,,,,,,,,,,,,,,,,,,,,,,,,,EL_PA101A,10111010G1500,,,TM_MODEL,GH25S,BRAKE_MODEL,PZ300B,,,,,,,,,,,,,,,,,,,,,,,,,,,,,,,,,STOP,
107,,EL_ATYP,GTSS,EL_ETM,GH25SD,EL_ACAPA,<=1000,EL_ASPD,",90,105",EL_ERPW,",3,4",,,,,,,,,,,,,,,,,,,,,,,,,,,,,,,,,,,,,,,,,,,,,,,,,,,EL_PA101A,10111010G1600,,,TM_MODEL,GH25S,BRAKE_MODEL,PZ300B,,,,,,,,,,,,,,,,,,,,,,,,,,,,,,,,,STOP,
108,,EL_ATYP,GTSS,EL_ETM,GH25SA,EL_ACAPA,<=1200,EL_ASPD,<=60,EL_ERPW,",3,4",,,,,,,,,,,,,,,,,,,,,,,,,,,,,,,,,,,,,,,,,,,,,,,,,,,EL_PA101A,10111010G1300,,,TM_MODEL,GH25S,BRAKE_MODEL,PZ300B,,,,,,,,,,,,,,,,,,,,,,,,,,,,,,,,,STOP,
109,,EL_ATYP,GTSS,EL_ETM,GH25SB,EL_ACAPA,<=1200,EL_ASPD,",90,105",EL_ERPW,",3,4",,,,,,,,,,,,,,,,,,,,,,,,,,,,,,,,,,,,,,,,,,,,,,,,,,,EL_PA101A,10111010G1400,,,TM_MODEL,GH25S,BRAKE_MODEL,PZ300B,,,,,,,,,,,,,,,,,,,,,,,,,,,,,,,,,STOP,
110,,,,,,,,,,,,,,,,,,,,,,,,,,,,,,,,,,,,,,,,,,,,,,,,,,,,,,,,,,,,,,,,,,,,,,,,,,,,,,,,,,,,,,,,,,,,,,,,,,,,,,,
111,,EL_ETM,GH13A,EL_ACAPA,<=600,EL_ASPD,<=60,EL_ERPD,,EL_ERPW,2,,,,,,,,,,,,,,,,,,,,,,,,,,,,,,,,,,,,,,,,,,,,,,,,,,,EL_PA101A,10110659G0200,,,TM_MODEL,GH13,BRAKE_MODEL,DSZ-80MTX,,,,,,,,,,,,,,,,,,,,,,,,,,,,,,,,,STOP,
112,,EL_ETM,GH13A,EL_ACAPA,<=600,EL_ASPD,<=60,EL_ERPD,,EL_ERPW,3,,,,,,,,,,,,,,,,,,,,,,,,,,,,,,,,,,,,,,,,,,,,,,,,,,,EL_PA101A,10110659G0100,,,TM_MODEL,GH13,BRAKE_MODEL,DSZ-80MTX,,,,,,,,,,,,,,,,,,,,,,,,,,,,,,,,,STOP,
113,,EL_ETM,GH18A,EL_ACAPA,<=1000,EL_ASPD,<=60,EL_ERPD,,EL_ERPW,3,,,,,,,,,,,,,,,,,,,,,,,,,,,,,,,,,,,,,,,,,,,,,,,,,,,EL_PA101A,10110660G0100,,,TM_MODEL,GH18,BRAKE_MODEL,BKF464-18R,,,,,,,,,,,,,,,,,,,,,,,,,,,,,,,,,STOP,
114,,EL_ETM,GH15A,EL_ACAPA,<=630,EL_ASPD,<=60,EL_ERPD,,EL_ERPW,2,,,,,,,,,,,,,,,,,,,,,,,,,,,,,,,,,,,,,,,,,,,,,,,,,,,EL_PA101A,10101570G010A,,,TM_MODEL,GH15,BRAKE_MODEL,BFK464-18R,,,,,,,,,,,,,,,,,,,,,,,,,,,,,,,,,STOP,중국산 CORE 적용(00→0A)
115,,EL_ETM,GH15A,EL_ACAPA,<=630,EL_ASPD,<=60,EL_ERPD,,EL_ERPW,3,,,,,,,,,,,,,,,,,,,,,,,,,,,,,,,,,,,,,,,,,,,,,,,,,,,EL_PA101A,10101570G020A,,,TM_MODEL,GH15,BRAKE_MODEL,BFK464-18R,,,,,,,,,,,,,,,,,,,,,,,,,,,,,,,,,STOP,중국산 CORE 적용(00→0A)
116,,EL_ETM,GH15B,EL_ACAPA,<=630,EL_ASPD,",90,105",EL_ERPD,,EL_ERPW,2,,,,,,,,,,,,,,,,,,,,,,,,,,,,,,,,,,,,,,,,,,,,,,,,,,,EL_PA101A,10101571G010A,,,TM_MODEL,GH15,BRAKE_MODEL,BFK464-18R,,,,,,,,,,,,,,,,,,,,,,,,,,,,,,,,,STOP,중국산 CORE 적용(00→0A)
117,,EL_ETM,GH15B,EL_ACAPA,<=630,EL_ASPD,",90,105",EL_ERPD,,EL_ERPW,3,,,,,,,,,,,,,,,,,,,,,,,,,,,,,,,,,,,,,,,,,,,,,,,,,,,EL_PA101A,10101571G020A,,,TM_MODEL,GH15,BRAKE_MODEL,BFK464-18R,,,,,,,,,,,,,,,,,,,,,,,,,,,,,,,,,STOP,중국산 CORE 적용(00→0A)
118,,EL_ETM,GH25C,EL_ACAPA,<=1000,EL_ASPD,<=60,EL_ERPD,,EL_ERPW,",3,4",,,,,,,,,,,,,,,,,,,,,,,,,,,,,,,,,,,,,,,,,,,,,,,,,,,EL_PA101A,10101488G030A,,,TM_MODEL,GH25,BRAKE_MODEL,BFK464-19R,,,,,,,,,,,,,,,,,,,,,,,,,,,,,,,,,STOP,중국산 CORE 적용(00→0A)
119,,EL_ETM,GH25D,EL_ACAPA,<=1000,EL_ASPD,",90,105",EL_ERPD,,EL_ERPW,",3,4",,,,,,,,,,,,,,,,,,,,,,,,,,,,,,,,,,,,,,,,,,,,,,,,,,,EL_PA101A,10101488G090A,,,TM_MODEL,GH25,BRAKE_MODEL,BFK464-19R,,,,,,,,,,,,,,,,,,,,,,,,,,,,,,,,,STOP,"G04->G09 (GH25Dr1, 작업요청 126). 중국산 CORE 적용(00→0A)"
120,,EL_ETM,GH25E,EL_ACAPA,<=1200,EL_ASPD,<=120,EL_ERPD,,EL_ERPW,",3,4",,,,,,,,,,,,,,,,,,,,,,,,,,,,,,,,,,,,,,,,,,,,,,,,,,,EL_PA101A,10101488G100A,,,TM_MODEL,GH25,BRAKE_MODEL,BFK464-19R,,,,,,,,,,,,,,,,,,,,,,,,,,,,,,,,,STOP,중국산 CORE 적용(00→0A)
121,,EL_ETM,GH25A,EL_ACAPA,<=1200,EL_ASPD,<=60,EL_ERPD,,EL_ERPW,",3,4",,,,,,,,,,,,,,,,,,,,,,,,,,,,,,,,,,,,,,,,,,,,,,,,,,,EL_PA101A,10101488G010A,,,TM_MODEL,GH25,BRAKE_MODEL,BFK464-19R,,,,,,,,,,,,,,,,,,,,,,,,,,,,,,,,,STOP,중국산 CORE 적용(00→0A)
122,,EL_ETM,GH25B,EL_ACAPA,<=1200,EL_ASPD,",90,105",EL_ERPD,,EL_ERPW,",3,4",,,,,,,,,,,,,,,,,,,,,,,,,,,,,,,,,,,,,,,,,,,,,,,,,,,EL_PA101A,10101488G020A,,,TM_MODEL,GH25,BRAKE_MODEL,BFK464-19R,,,,,,,,,,,,,,,,,,,,,,,,,,,,,,,,,STOP,중국산 CORE 적용(00→0A)
123,,EL_ETM,GH31A,EL_ACAPA,<=1600,EL_ASPD,<=60,EL_ERPD,,EL_ERPW,4,,,,,,,,,,,,,,,,,,,,,,,,,,,,,,,,,,,,,,,,,,,,,,,,,,,EL_PA101A,10110354G0100,,,TM_MODEL,GH31,BRAKE_MODEL,BFK464-20R.2,,,,,,,,,,,,,,,,,,,,,,,,,,,,,,,,,STOP,
124,,EL_ETM,GH35B,EL_ACAPA,<=1600,EL_ASPD,<=105,EL_ERPD,,EL_ERPW,4,,,,,,,,,,,,,,,,,,,,,,,,,,,,,,,,,,,,,,,,,,,,,,,,,,,EL_PA101A,10110772G0300,,,TM_MODEL,GH35B,BRAKE_MODEL,BFK464-20R.2,,,,,,,,,,,,,,,,,,,,,,,,,,,,,,,,,STOP,
125,,EL_ETM,GH35B,EL_ACAPA,<=1600,EL_ASPD,<=105,EL_ERPD,,EL_ERPW,5,,,,,,,,,,,,,,,,,,,,,,,,,,,,,,,,,,,,,,,,,,,,,,,,,,,EL_PA101A,10110772G0100,,,TM_MODEL,GH35B,BRAKE_MODEL,BFK464-20R.2,,,,,,,,,,,,,,,,,,,,,,,,,,,,,,,,,STOP,
126,,EL_ETM,GH35C,EL_ACAPA,<=1200,EL_ASPD,<=120,EL_ERPD,,EL_ERPW,4,,,,,,,,,,,,,,,,,,,,,,,,,,,,,,,,,,,,,,,,,,,,,,,,,,,EL_PA101A,10110772G0400,,,TM_MODEL,GH35C,BRAKE_MODEL,BFK464-20R.2,,,,,,,,,,,,,,,,,,,,,,,,,,,,,,,,,STOP,
127,,EL_ETM,GH35C,EL_ACAPA,<=1200,EL_ASPD,<=120,EL_ERPD,,EL_ERPW,5,,,,,,,,,,,,,,,,,,,,,,,,,,,,,,,,,,,,,,,,,,,,,,,,,,,EL_PA101A,10110772G0200,,,TM_MODEL,GH35C,BRAKE_MODEL,BFK464-20R.2,,,,,,,,,,,,,,,,,,,,,,,,,,,,,,,,,STOP,
128,,,,,,,,,,,,,,,,,,,,,,,,,,,,,,,,,,,,,,,,,,,,,,,,,,,,,,,,,,,,,,,,,,,,,,,,,,,,,,,,,,,,,,,,,,,,,,,,,,,,,,,
129,,EL_ETM,GA55A,EL_ACAPA,<=600,EL_ASPD,<=60,EL_ERPD,8,EL_ERPW,<=5,EL_ERPR,1:1,TYPE,WBVF,,,,,,,,,,,,,,,,,,,,,,,,,,,,,,,,,,,,,,,,,,,,,,,EL_PA101A,101104051,PDMPART,101104051,TM_MODEL,,BRAKE_MODEL,,,,,,,,,,,,,,,,,,,,,,,,,,,,,,,,,,,
130,,EL_ETM,GA55B,EL_ACAPA,<=600,EL_ASPD,">60,<=105",EL_ERPD,8,EL_ERPW,<=5,EL_ERPR,1:1,TYPE,WBVF,,,,,,,,,,,,,,,,,,,,,,,,,,,,,,,,,,,,,,,,,,,,,,,EL_PA101A,101104052,PDMPART,101104052,TM_MODEL,,BRAKE_MODEL,,,,,,,,,,,,,,,,,,,,,,,,,,,,,,,,,,,
131,,,,,,,,,,,,,,,,,,,,,,,,,,,,,,,,,,,,,,,,,,,,,,,,,,,,,,,,,,,,,,,,,,,,,,,,,,,,,,,,,,,,,,,,,,,,,,,,,,,,,,,
132,,EL_ETM,GA65A,EL_ACAPA,<=750,EL_ASPD,<=60,EL_ERPD,8,EL_ERPW,<=6,EL_ERPR,1:1,TYPE,WBVF,,,,,,,,,,,,,,,,,,,,,,,,,,,,,,,,,,,,,,,,,,,,,,,EL_PA101A,101104053,PDMPART,101104053,TM_MODEL,,BRAKE_MODEL,,,,,,,,,,,,,,,,,,,,,,,,,,,,,,,,,,,
133,,EL_ETM,GA65B,EL_ACAPA,<=750,EL_ASPD,">60,<=105",EL_ERPD,8,EL_ERPW,<=6,EL_ERPR,1:1,TYPE,WBVF,,,,,,,,,,,,,,,,,,,,,,,,,,,,,,,,,,,,,,,,,,,,,,,EL_PA101A,101104054,PDMPART,101104054,TM_MODEL,,BRAKE_MODEL,,,,,,,,,,,,,,,,,,,,,,,,,,,,,,,,,,,
134,,,,,,,,,,,,,,,,,,,,,,,,,,,,,,,,,,,,,,,,,,,,,,,,,,,,,,,,,,,,,,,,,,,,,,,,,,,,,,,,,,,,,,,,,,,,,,,,,,,,,,,
135,,EL_ETM,GA75A,EL_ACAPA,<=750,EL_ASPD,<=60,EL_ERPD,8,EL_ERPW,<=7,EL_ERPR,1:1,TYPE,WBVF,,,,,,,,,,,,,,,,,,,,,,,,,,,,,,,,,,,,,,,,,,,,,,,EL_PA101A,10100889G010B,PDMPART,101104055,TM_MODEL,GA75,BRAKE_MODEL,NED600,,,,,,,,,,,,,,,,,,,,,,,,,,,,,,,,,,
136,,EL_ETM,GA75B,EL_ACAPA,<=750,EL_ASPD,">60,<=105",EL_ERPD,8,EL_ERPW,<=7,EL_ERPR,1:1,TYPE,WBVF,,,,,,,,,,,,,,,,,,,,,,,,,,,,,,,,,,,,,,,,,,,,,,,EL_PA101A,10100889G020B,PDMPART,101104056,TM_MODEL,GA75,BRAKE_MODEL,NED600,,,,,,,,,,,,,,,,,,,,,,,,,,,,,,,,,,
137,,,,,,,,,,,,,,,,,,,,,,,,,,,,,,,,,,,,,,,,,,,,,,,,,,,,,,,,,,,,,,,,,,,,,,,,,,,,,,,,,,,,,,,,,,,,,,,,,,,,,,,
138,,EL_ETM,GA100A,EL_ACAPA,<=1600,EL_ASPD,<=150,EL_ERPD,10,EL_ERPW,<=7,EL_ERPR,2:1,TYPE,WBVF,,,,,,,,,,,,,,,,,,,,,,,,,,,,,,,,,,,,,,,,,,,,,,,EL_PA101A,101104060,PDMPART,101104060,TM_MODEL,,BRAKE_MODEL,,,,,,,,,,,,,,,,,,,,,,,,,,,,,,,,,,,
139,,EL_ETM,GA100A,EL_ACAPA,<=1600,EL_ASPD,<=150,EL_ERPD,10,EL_ERPW,<=7,EL_ERPR,2:1,TYPE,!WBVF,,,,,,,,,,,,,,,,,,,,,,,,,,,,,,,,,,,,,,,,,,,,,,,EL_PA101A,101103815,PDMPART,101103815,TM_MODEL,,BRAKE_MODEL,,,,,,,,,,,,,,,,,,,,,,,,,,,,,,,,,,,
140,,EL_ETM,GA100B,EL_ACAPA,<=1150,EL_ASPD,<=180,EL_ERPD,10,EL_ERPW,<=7,EL_ERPR,2:1,TYPE,WBVF,,,,,,,,,,,,,,,,,,,,,,,,,,,,,,,,,,,,,,,,,,,,,,,EL_PA101A,101104061,PDMPART,101104061,TM_MODEL,,BRAKE_MODEL,,,,,,,,,,,,,,,,,,,,,,,,,,,,,,,,,,,
141,,EL_ETM,GA100B,EL_ACAPA,<=1150,EL_ASPD,<=180,EL_ERPD,10,EL_ERPW,<=7,EL_ERPR,2:1,TYPE,!WBVF,,,,,,,,,,,,,,,,,,,,,,,,,,,,,,,,,,,,,,,,,,,,,,,EL_PA101A,101103818,PDMPART,101103818,TM_MODEL,,BRAKE_MODEL,,,,,,,,,,,,,,,,,,,,,,,,,,,,,,,,,,,
142,,EL_ETM,GA100C,EL_ACAPA,<=1150,EL_ASPD,<=60,EL_ERPD,8,EL_ERPW,<=9,EL_ERPR,1:1,TYPE,WBVF,,,,,,,,,,,,,,,,,,,,,,,,,,,,,,,,,,,,,,,,,,,,,,,EL_PA101A,101104062,PDMPART,101104062,TM_MODEL,,BRAKE_MODEL,,,,,,,,,,,,,,,,,,,,,,,,,,,,,,,,,,,
143,,EL_ETM,GA100D,EL_ACAPA,<=1150,EL_ASPD,">60,<=105",EL_ERPD,8,EL_ERPW,<=9,EL_ERPR,1:1,TYPE,WBVF,,,,,,,,,,,,,,,,,,,,,,,,,,,,,,,,,,,,,,,,,,,,,,,EL_PA101A,101104063,PDMPART,101104063,TM_MODEL,,BRAKE_MODEL,,,,,,,,,,,,,,,,,,,,,,,,,,,,,,,,,,,
144,,EL_ETM,GA100E,EL_ACAPA,<=1150,EL_ASPD,<=120,EL_ERPD,8,EL_ERPW,<=9,EL_ERPR,1:1,TYPE,WBVF,,,,,,,,,,,,,,,,,,,,,,,,,,,,,,,,,,,,,,,,,,,,,,,EL_PA101A,101104064,PDMPART,101104064,TM_MODEL,,BRAKE_MODEL,,,,,,,,,,,,,,,,,,,,,,,,,,,,,,,,,,,
145,,,,,,,,,,,,,,,,,,,,,,,,,,,,,,,,,,,,,,,,,,,,,,,,,,,,,,,,,,,,,,,,,,,,,,,,,,,,,,,,,,,,,,,,,,,,,,,,,,,,,,,
146,,EL_ETM,GA160A,EL_ACAPA,<=1600,EL_ASPD,<=180,EL_ERPD,12,EL_ERPW,<=7,EL_ERPR,2:1,TYPE,WBVF,,,,,,,,,,,,,,,,,,,,,,,,,,,,,,,,,,,,,,,,,,,,,,,EL_PA101A,101104065,PDMPART,101104065,TM_MODEL,,BRAKE_MODEL,,,,,,,,,,,,,,,,,,,,,,,,,,,,,,,,,,,
147,,EL_ETM,GA160A,EL_ACAPA,<=1600,EL_ASPD,<=180,EL_ERPD,10,EL_ERPW,<=7,EL_ERPR,2:1,TYPE,WBVF,,,,,,,,,,,,,,,,,,,,,,,,,,,,,,,,,,,,,,,,,,,,,,,EL_PA101A,101104067,PDMPART,101104067,TM_MODEL,,BRAKE_MODEL,,,,,,,,,,,,,,,,,,,,,,,,,,,,,,,,,,,
148,,EL_ETM,GA160B,EL_ACAPA,<=1600,EL_ASPD,<=240,EL_ERPD,12,EL_ERPW,<=7,EL_ERPR,2:1,TYPE,WBVF,,,,,,,,,,,,,,,,,,,,,,,,,,,,,,,,,,,,,,,,,,,,,,,EL_PA101A,101104066,PDMPART,101104066,TM_MODEL,,BRAKE_MODEL,,,,,,,,,,,,,,,,,,,,,,,,,,,,,,,,,,,
149,,EL_ETM,GA160B,EL_ACAPA,<=1600,EL_ASPD,<=240,EL_ERPD,10,EL_ERPW,<=7,EL_ERPR,2:1,TYPE,WBVF,,,,,,,,,,,,,,,,,,,,,,,,,,,,,,,,,,,,,,,,,,,,,,,EL_PA101A,101104068,PDMPART,101104068,TM_MODEL,,BRAKE_MODEL,,,,,,,,,,,,,,,,,,,,,,,,,,,,,,,,,,,
150,,,,,,,,,,,,,,,,,,,,,,,,,,,,,,,,,,,,,,,,,,,,,,,,,,,,,,,,,,,,,,,,,,,,,,,,,,,,,,,,,,,,,,,,,,,,,,,,,,,,,,,
151,,EL_ETM,GETM3.5HA,EL_ACAPA,">=750,<=1200",EL_ASPD,<=60,EL_ERPD,10,EL_ERPW,",4,6",EL_ERPR,2:1,TYPE,WBVF,,,,,,,,,,,,,,,,,,,,,,,,,,,,,,,,,,,,,,,,,,,,,,,EL_PA101A,10111087G0100,PDMPART,,TM_MODEL,GETM3.5HA,BRAKE_MODEL,DZD1-500,,,,,,,,,,,,,,,,,,,,,,,,,,,,,,,,,,
152,,EL_ETM,GETM3.5HA,EL_ACAPA,">=750,<=1200",EL_ASPD,<=60,EL_ERPD,10,EL_ERPW,",5,7",EL_ERPR,2:1,TYPE,WBVF,,,,,,,,,,,,,,,,,,,,,,,,,,,,,,,,,,,,,,,,,,,,,,,EL_PA101A,10111087G0200,PDMPART,,TM_MODEL,GETM3.5HA,BRAKE_MODEL,DZD1-500,,,,,,,,,,,,,,,,,,,,,,,,,,,,,,,,,,
153,,EL_ETM,GETM3.5HB,EL_ACAPA,">=750,<=1200",EL_ASPD,">60,<=120",EL_ERPD,10,EL_ERPW,",4,6",EL_ERPR,2:1,TYPE,WBVF,,,,,,,,,,,,,,,,,,,,,,,,,,,,,,,,,,,,,,,,,,,,,,,EL_PA101A,10111087G0300,PDMPART,,TM_MODEL,GETM3.5HB,BRAKE_MODEL,DZD1-500,,,,,,,,,,,,,,,,,,,,,,,,,,,,,,,,,,
154,,EL_ETM,GETM3.5HB,EL_ACAPA,">=750,<=1200",EL_ASPD,">60,<=120",EL_ERPD,10,EL_ERPW,",5,7",EL_ERPR,2:1,TYPE,WBVF,,,,,,,,,,,,,,,,,,,,,,,,,,,,,,,,,,,,,,,,,,,,,,,EL_PA101A,10111087G0400,PDMPART,,TM_MODEL,GETM3.5HB,BRAKE_MODEL,DZD1-500,,,,,,,,,,,,,,,,,,,,,,,,,,,,,,,,,,
155,,EL_ETM,GETM3.5HC,EL_ACAPA,">=750,<=1200",EL_ASPD,150,EL_ERPD,10,EL_ERPW,",4,6",EL_ERPR,2:1,TYPE,WBVF,,,,,,,,,,,,,,,,,,,,,,,,,,,,,,,,,,,,,,,,,,,,,,,EL_PA101A,10111087G0500,PDMPART,,TM_MODEL,GETM3.5HC,BRAKE_MODEL,DZD1-500,,,,,,,,,,,,,,,,,,,,,,,,,,,,,,,,,,
156,,EL_ETM,GETM3.5HC,EL_ACAPA,">=750,<=1200",EL_ASPD,150,EL_ERPD,10,EL_ERPW,",5,7",EL_ERPR,2:1,TYPE,WBVF,,,,,,,,,,,,,,,,,,,,,,,,,,,,,,,,,,,,,,,,,,,,,,,EL_PA101A,10111087G0600,PDMPART,,TM_MODEL,GETM3.5HC,BRAKE_MODEL,DZD1-500,,,,,,,,,,,,,,,,,,,,,,,,,,,,,,,,,,
157,,,,,,,,,,,,,,,,,,,,,,,,,,,,,,,,,,,,,,,,,,,,,,,,,,,,,,,,,,,,,,,,,,,,,,,,,,,,,,,,,,,,,,,,,,,,,,,,,,,,,,,
158,,EL_ETM,GETM6.0HA,EL_ACAPA,">=1000,<=1600",EL_ASPD,<=60,EL_ERPD,10,EL_ERPW,",5,7",EL_ERPR,2:1,TYPE,WBVF,,,,,,,,,,,,,,,,,,,,,,,,,,,,,,,,,,,,,,,,,,,,,,,EL_PA101A,10111088G010A,PDMPART,,TM_MODEL,GETM6.0HA,BRAKE_MODEL,DZD1-653,,,,,,,,,,,,,,,,,,,,,,,,,,,,,,,,,,
159,,EL_ETM,GETM6.0HA,EL_ACAPA,">=1000,<=1600",EL_ASPD,<=60,EL_ERPD,10,EL_ERPW,",6,8",EL_ERPR,2:1,TYPE,WBVF,,,,,,,,,,,,,,,,,,,,,,,,,,,,,,,,,,,,,,,,,,,,,,,EL_PA101A,10111088G020A,PDMPART,,TM_MODEL,GETM6.0HA,BRAKE_MODEL,DZD1-653,,,,,,,,,,,,,,,,,,,,,,,,,,,,,,,,,,
160,,EL_ETM,GETM6.0HB,EL_ACAPA,">=1000,<=1600",EL_ASPD,">60,<=105",EL_ERPD,10,EL_ERPW,",5,7",EL_ERPR,2:1,TYPE,WBVF,,,,,,,,,,,,,,,,,,,,,,,,,,,,,,,,,,,,,,,,,,,,,,,EL_PA101A,10111088G030A,PDMPART,,TM_MODEL,GETM6.0HB,BRAKE_MODEL,DZD1-653,,,,,,,,,,,,,,,,,,,,,,,,,,,,,,,,,,
161,,EL_ETM,GETM6.0HB,EL_ACAPA,">=1000,<=1600",EL_ASPD,">60,<=105",EL_ERPD,10,EL_ERPW,",6,8",EL_ERPR,2:1,TYPE,WBVF,,,,,,,,,,,,,,,,,,,,,,,,,,,,,,,,,,,,,,,,,,,,,,,EL_PA101A,10111088G040A,PDMPART,,TM_MODEL,GETM6.0HB,BRAKE_MODEL,DZD1-653,,,,,,,,,,,,,,,,,,,,,,,,,,,,,,,,,,
162,,EL_ETM,GETM6.0HC,EL_ACAPA,">=1000,<=1600",EL_ASPD,">105,<=150",EL_ERPD,10,EL_ERPW,",5,7",EL_ERPR,2:1,TYPE,WBVF,,,,,,,,,,,,,,,,,,,,,,,,,,,,,,,,,,,,,,,,,,,,,,,EL_PA101A,10111088G050A,PDMPART,,TM_MODEL,GETM6.0HC,BRAKE_MODEL,DZD1-653,,,,,,,,,,,,,,,,,,,,,,,,,,,,,,,,,,
163,,EL_ETM,GETM6.0HC,EL_ACAPA,">=1000,<=1600",EL_ASPD,">105,<=150",EL_ERPD,10,EL_ERPW,",6,8",EL_ERPR,2:1,TYPE,WBVF,,,,,,,,,,,,,,,,,,,,,,,,,,,,,,,,,,,,,,,,,,,,,,,EL_PA101A,10111088G060A,PDMPART,,TM_MODEL,GETM6.0HC,BRAKE_MODEL,DZD1-653,,,,,,,,,,,,,,,,,,,,,,,,,,,,,,,,,,
164,,,,,,,,,,,,,,,,,,,,,,,,,,,,,,,,,,,,,,,,,,,,,,,,,,,,,,,,,,,,,,,,,,,,,,,,,,,,,,,,,,,,,,,,,,,,,,,,,,,,,,,
165,,EL_ETM,GN17A,EL_ACAPA,,EL_ASPD,<=60,EL_ERPD,10,EL_ERPW,3,EL_ERPR,2:1,TYPE,!WBVF,,,,,,,,,,,,,,,,,,,,,,,,,,,,,,,,,,,,,,,,,,,,,,,EL_PA101A,101103859,PDMPART,101103859,TM_MODEL,,BRAKE_MODEL,,,,,,,,,,,,,,,,,,,,,,,,,,,,,,,,,,,
166,,EL_ETM,GN17A,EL_ACAPA,,EL_ASPD,<=60,EL_ERPD,10,EL_ERPW,3,EL_ERPR,2:1,TYPE,WBVF,,,,,,,,,,,,,,,,,,,,,,,,,,,,,,,,,,,,,,,,,,,,,,,EL_PA101A,101104069,PDMPART,101104069,TM_MODEL,,BRAKE_MODEL,,,,,,,,,,,,,,,,,,,,,,,,,,,,,,,,,,,
167,,EL_ETM,GN17A,EL_ACAPA,,EL_ASPD,<=60,EL_ERPD,10,EL_ERPW,4,EL_ERPR,2:1,TYPE,!WBVF,,,,,,,,,,,,,,,,,,,,,,,,,,,,,,,,,,,,,,,,,,,,,,,EL_PA101A,101103860,PDMPART,101103860,TM_MODEL,,BRAKE_MODEL,,,,,,,,,,,,,,,,,,,,,,,,,,,,,,,,,,,
168,,EL_ETM,GN17A,EL_ACAPA,,EL_ASPD,<=60,EL_ERPD,10,EL_ERPW,4,EL_ERPR,2:1,TYPE,WBVF,,,,,,,,,,,,,,,,,,,,,,,,,,,,,,,,,,,,,,,,,,,,,,,EL_PA101A,101104070,PDMPART,101104070,TM_MODEL,,BRAKE_MODEL,,,,,,,,,,,,,,,,,,,,,,,,,,,,,,,,,,,
169,,EL_ETM,GN17B,EL_ACAPA,,EL_ASPD,">60,<=105",EL_ERPD,10,EL_ERPW,3,EL_ERPR,2:1,TYPE,!WBVF,,,,,,,,,,,,,,,,,,,,,,,,,,,,,,,,,,,,,,,,,,,,,,,EL_PA101A,101103861,PDMPART,101103861,TM_MODEL,,BRAKE_MODEL,,,,,,,,,,,,,,,,,,,,,,,,,,,,,,,,,,,
170,,EL_ETM,GN17B,EL_ACAPA,,EL_ASPD,">60,<=105",EL_ERPD,10,EL_ERPW,3,EL_ERPR,2:1,TYPE,WBVF,,,,,,,,,,,,,,,,,,,,,,,,,,,,,,,,,,,,,,,,,,,,,,,EL_PA101A,101104071,PDMPART,101104071,TM_MODEL,,BRAKE_MODEL,,,,,,,,,,,,,,,,,,,,,,,,,,,,,,,,,,,
171,,EL_ETM,GN17B,EL_ACAPA,,EL_ASPD,">60,<=105",EL_ERPD,10,EL_ERPW,4,EL_ERPR,2:1,TYPE,!WBVF,,,,,,,,,,,,,,,,,,,,,,,,,,,,,,,,,,,,,,,,,,,,,,,EL_PA101A,101103862,PDMPART,101103862,TM_MODEL,,BRAKE_MODEL,,,,,,,,,,,,,,,,,,,,,,,,,,,,,,,,,,,
172,,EL_ETM,GN17B,EL_ACAPA,,EL_ASPD,">60,<=105",EL_ERPD,10,EL_ERPW,4,EL_ERPR,2:1,TYPE,WBVF,,,,,,,,,,,,,,,,,,,,,,,,,,,,,,,,,,,,,,,,,,,,,,,EL_PA101A,101104072,PDMPART,101104072,TM_MODEL,,BRAKE_MODEL,,,,,,,,,,,,,,,,,,,,,,,,,,,,,,,,,,,
173,,,,,,,,,,,,,,,,,,,,,,,,,,,,,,,,,,,,,,,,,,,,,,,,,,,,,,,,,,,,,,,,,,,,,,,,,,,,,,,,,,,,,,,,,,,,,,,,,,,,,,,
174,,EL_ETM,GN25A,EL_ACAPA,,EL_ASPD,<=60,EL_ERPD,10,EL_ERPW,4,EL_ERPR,2:1,TYPE,WBVF,,,,,,,,,,,,,,,,,,,,,,,,,,,,,,,,,,,,,,,,,,,,,,,EL_PA101A,10110734G010A,PDMPART,101104073,TM_MODEL,GN25,BRAKE_MODEL,NED600,,,,,,,,,,,,,,,,,,,,,,,,,,,,,,,,,,
175,,EL_ETM,GN25A,EL_ACAPA,,EL_ASPD,<=60,EL_ERPD,10,EL_ERPW,4,EL_ERPR,2:1,TYPE,!WBVF,,,,,,,,,,,,,,,,,,,,,,,,,,,,,,,,,,,,,,,,,,,,,,,EL_PA101A,101103867,PDMPART,101103867,TM_MODEL,GN25,BRAKE_MODEL,NED600,,,,,,,,,,,,,,,,,,,,,,,,,,,,,,,,,,
176,,EL_ETM,GN25A,EL_ACAPA,,EL_ASPD,<=60,EL_ERPD,10,EL_ERPW,5,EL_ERPR,2:1,TYPE,WBVF,,,,,,,,,,,,,,,,,,,,,,,,,,,,,,,,,,,,,,,,,,,,,,,EL_PA101A,10110734G050A,PDMPART,101104074,TM_MODEL,GN25,BRAKE_MODEL,NED600,,,,,,,,,,,,,,,,,,,,,,,,,,,,,,,,,,
177,,EL_ETM,GN25A,EL_ACAPA,,EL_ASPD,<=60,EL_ERPD,10,EL_ERPW,5,EL_ERPR,2:1,TYPE,!WBVF,,,,,,,,,,,,,,,,,,,,,,,,,,,,,,,,,,,,,,,,,,,,,,,EL_PA101A,101103868,PDMPART,101103868,TM_MODEL,GN25,BRAKE_MODEL,NED600,,,,,,,,,,,,,,,,,,,,,,,,,,,,,,,,,,
178,,EL_ETM,GN25B,EL_ACAPA,,EL_ASPD,">60,<=105",EL_ERPD,10,EL_ERPW,4,EL_ERPR,2:1,TYPE,WBVF,,,,,,,,,,,,,,,,,,,,,,,,,,,,,,,,,,,,,,,,,,,,,,,EL_PA101A,10110734G020A,PDMPART,101104075,TM_MODEL,GN25,BRAKE_MODEL,NED600,,,,,,,,,,,,,,,,,,,,,,,,,,,,,,,,,,
179,,EL_ETM,GN25B,EL_ACAPA,,EL_ASPD,">60,<=105",EL_ERPD,10,EL_ERPW,4,EL_ERPR,2:1,TYPE,!WBVF,,,,,,,,,,,,,,,,,,,,,,,,,,,,,,,,,,,,,,,,,,,,,,,EL_PA101A,101103869,PDMPART,101103869,TM_MODEL,GN25,BRAKE_MODEL,NED600,,,,,,,,,,,,,,,,,,,,,,,,,,,,,,,,,,
180,,EL_ETM,GN25B,EL_ACAPA,,EL_ASPD,">60,<=105",EL_ERPD,10,EL_ERPW,5,EL_ERPR,2:1,TYPE,WBVF,,,,,,,,,,,,,,,,,,,,,,,,,,,,,,,,,,,,,,,,,,,,,,,EL_PA101A,10110734G060A,PDMPART,101104076,TM_MODEL,GN25,BRAKE_MODEL,NED600,,,,,,,,,,,,,,,,,,,,,,,,,,,,,,,,,,
181,,EL_ETM,GN25B,EL_ACAPA,,EL_ASPD,">60,<=105",EL_ERPD,10,EL_ERPW,5,EL_ERPR,2:1,TYPE,!WBVF,,,,,,,,,,,,,,,,,,,,,,,,,,,,,,,,,,,,,,,,,,,,,,,EL_PA101A,101103870,PDMPART,101103870,TM_MODEL,GN25,BRAKE_MODEL,NED600,,,,,,,,,,,,,,,,,,,,,,,,,,,,,,,,,,
182,,,,,,,,,,,,,,,,,,,,,,,,,,,,,,,,,,,,,,,,,,,,,,,,,,,,,,,,,,,,,,,,,,,,,,,,,,,,,,,,,,,,,,,,,,,,,,,,,,,,,,,
183,,EL_ETM,GN35A,EL_ACAPA,,EL_ASPD,<=60,EL_ERPD,10,EL_ERPW,5,EL_ERPR,2:1,TYPE,WBVF,,,,,,,,,,,,,,,,,,,,,,,,,,,,,,,,,,,,,,,,,,,,,,,EL_PA101A,10110734G030A,PDMPART,101104077,TM_MODEL,GN35,BRAKE_MODEL,NED600,,,,,,,,,,,,,,,,,,,,,,,,,,,,,,,,,,
184,,EL_ETM,GN35A,EL_ACAPA,,EL_ASPD,<=60,EL_ERPD,10,EL_ERPW,5,EL_ERPR,2:1,TYPE,!WBVF,,,,,,,,,,,,,,,,,,,,,,,,,,,,,,,,,,,,,,,,,,,,,,,EL_PA101A,101103871,PDMPART,101103871,TM_MODEL,GN35,BRAKE_MODEL,NED600,,,,,,,,,,,,,,,,,,,,,,,,,,,,,,,,,,
185,,EL_ETM,GN35A,EL_ACAPA,,EL_ASPD,<=60,EL_ERPD,10,EL_ERPW,6,EL_ERPR,2:1,TYPE,WBVF,,,,,,,,,,,,,,,,,,,,,,,,,,,,,,,,,,,,,,,,,,,,,,,EL_PA101A,10110734G070A,PDMPART,101104078,TM_MODEL,GN35,BRAKE_MODEL,NED600,,,,,,,,,,,,,,,,,,,,,,,,,,,,,,,,,,
186,,EL_ETM,GN35A,EL_ACAPA,,EL_ASPD,<=60,EL_ERPD,10,EL_ERPW,6,EL_ERPR,2:1,TYPE,!WBVF,,,,,,,,,,,,,,,,,,,,,,,,,,,,,,,,,,,,,,,,,,,,,,,EL_PA101A,101103872,PDMPART,101103872,TM_MODEL,GN35,BRAKE_MODEL,NED600,,,,,,,,,,,,,,,,,,,,,,,,,,,,,,,,,,
187,,EL_ETM,GN35B,EL_ACAPA,,EL_ASPD,">60,<=105",EL_ERPD,10,EL_ERPW,5,EL_ERPR,2:1,TYPE,WBVF,,,,,,,,,,,,,,,,,,,,,,,,,,,,,,,,,,,,,,,,,,,,,,,EL_PA101A,10110734G040A,PDMPART,101104079,TM_MODEL,GN35,BRAKE_MODEL,NED600,,,,,,,,,,,,,,,,,,,,,,,,,,,,,,,,,,
188,,EL_ETM,GN35B,EL_ACAPA,,EL_ASPD,">60,<=105",EL_ERPD,10,EL_ERPW,5,EL_ERPR,2:1,TYPE,!WBVF,,,,,,,,,,,,,,,,,,,,,,,,,,,,,,,,,,,,,,,,,,,,,,,EL_PA101A,101103873,PDMPART,101103873,TM_MODEL,GN35,BRAKE_MODEL,NED600,,,,,,,,,,,,,,,,,,,,,,,,,,,,,,,,,,
189,,EL_ETM,GN35B,EL_ACAPA,,EL_ASPD,">60,<=105",EL_ERPD,10,EL_ERPW,6,EL_ERPR,2:1,TYPE,WBVF,,,,,,,,,,,,,,,,,,,,,,,,,,,,,,,,,,,,,,,,,,,,,,,EL_PA101A,10110734G080A,PDMPART,101104080,TM_MODEL,GN35,BRAKE_MODEL,NED600,,,,,,,,,,,,,,,,,,,,,,,,,,,,,,,,,,
190,,EL_ETM,GN35B,EL_ACAPA,,EL_ASPD,">60,<=105",EL_ERPD,10,EL_ERPW,6,EL_ERPR,2:1,TYPE,!WBVF,,,,,,,,,,,,,,,,,,,,,,,,,,,,,,,,,,,,,,,,,,,,,,,EL_PA101A,101103874,PDMPART,101103874,TM_MODEL,GN35,BRAKE_MODEL,NED600,,,,,,,,,,,,,,,,,,,,,,,,,,,,,,,,,,
191,,,,,,,,,,,,,,,,,,,,,,,,,,,,,,,,,,,,,,,,,,,,,,,,,,,,,,,,,,,,,,,,,,,,,,,,,,,,,,,,,,,,,,,,,,,,,,,,,,,,,,,
192,,EL_ETM,GN50A,EL_ACAPA,<=2000,EL_ASPD,<=60,EL_ERPD,12,EL_ERPW,5,EL_ERPR,2:1,TYPE,WBVF,EL_ATYP,?SSVF?,,,,,,,,,,,,,,,,,,,,,,,,,,,,,,,,,,,,,,,,,,,,,EL_PA101A,101104083,PDMPART,101104083,TM_MODEL,GN50,BRAKE_MODEL,EC-5415SM,,,,,,,,,,,,,,,,,,,,,,,,,,,,,,,,,,
193,,EL_ETM,GN50A,EL_ACAPA,<=2000,EL_ASPD,<=60,EL_ERPD,12,EL_ERPW,5,EL_ERPR,2:1,TYPE,!WBVF,EL_ATYP,?SSVF?,,,,,,,,,,,,,,,,,,,,,,,,,,,,,,,,,,,,,,,,,,,,,EL_PA101A,101103839,PDMPART,101103839,TM_MODEL,GN50,BRAKE_MODEL,EC-5415SM,,,,,,,,,,,,,,,,,,,,,,,,,,,,,,,,,,
194,,EL_ETM,GN50A,EL_ACAPA,<=2000,EL_ASPD,<=60,EL_ERPD,12,EL_ERPW,6,EL_ERPR,2:1,TYPE,WBVF,EL_ATYP,?SSVF?,,,,,,,,,,,,,,,,,,,,,,,,,,,,,,,,,,,,,,,,,,,,,EL_PA101A,10110431G010A,PDMPART,101104081,TM_MODEL,GN50,BRAKE_MODEL,EC-5415SM,,,,,,,,,,,,,,,,,,,,,,,,,,,,,,,,,,
195,,EL_ETM,GN50A,EL_ACAPA,<=2000,EL_ASPD,<=60,EL_ERPD,12,EL_ERPW,6,EL_ERPR,2:1,TYPE,!WBVF,EL_ATYP,?SSVF?,,,,,,,,,,,,,,,,,,,,,,,,,,,,,,,,,,,,,,,,,,,,,EL_PA101A,101103837,PDMPART,101103837,TM_MODEL,GN50,BRAKE_MODEL,EC-5415SM,,,,,,,,,,,,,,,,,,,,,,,,,,,,,,,,,,
196,,EL_ETM,GN50A,EL_ACAPA,<=2000,EL_ASPD,<=60,EL_ERPD,10,EL_ERPW,6,EL_ERPR,2:1,TYPE,WBVF,EL_ATYP,?SSVF?,,,,,,,,,,,,,,,,,,,,,,,,,,,,,,,,,,,,,,,,,,,,,EL_PA101A,10110431G020A,PDMPART,101104082,TM_MODEL,GN50,BRAKE_MODEL,EC-5415SM,,,,,,,,,,,,,,,,,,,,,,,,,,,,,,,,,,
197,,EL_ETM,GN50A,EL_ACAPA,<=2000,EL_ASPD,<=60,EL_ERPD,10,EL_ERPW,6,EL_ERPR,2:1,TYPE,!WBVF,EL_ATYP,?SSVF?,,,,,,,,,,,,,,,,,,,,,,,,,,,,,,,,,,,,,,,,,,,,,EL_PA101A,101103838,PDMPART,101103838,TM_MODEL,GN50,BRAKE_MODEL,EC-5415SM,,,,,,,,,,,,,,,,,,,,,,,,,,,,,,,,,,
198,,EL_ETM,GN50B,EL_ACAPA,<=2000,EL_ASPD,">60,<=105",EL_ERPD,12,EL_ERPW,5,EL_ERPR,2:1,TYPE,WBVF,EL_ATYP,?SSVF?,,,,,,,,,,,,,,,,,,,,,,,,,,,,,,,,,,,,,,,,,,,,,EL_PA101A,101104086,PDMPART,101104086,TM_MODEL,GN50,BRAKE_MODEL,EC-5415SM,,,,,,,,,,,,,,,,,,,,,,,,,,,,,,,,,,
199,,EL_ETM,GN50B,EL_ACAPA,<=2000,EL_ASPD,">60,<=105",EL_ERPD,12,EL_ERPW,5,EL_ERPR,2:1,TYPE,!WBVF,EL_ATYP,?SSVF?,,,,,,,,,,,,,,,,,,,,,,,,,,,,,,,,,,,,,,,,,,,,,EL_PA101A,101103842,PDMPART,101103842,TM_MODEL,GN50,BRAKE_MODEL,EC-5415SM,,,,,,,,,,,,,,,,,,,,,,,,,,,,,,,,,,
200,,EL_ETM,GN50B,EL_ACAPA,<=2000,EL_ASPD,">60,<=105",EL_ERPD,12,EL_ERPW,6,EL_ERPR,2:1,TYPE,WBVF,EL_ATYP,?SSVF?,,,,,,,,,,,,,,,,,,,,,,,,,,,,,,,,,,,,,,,,,,,,,EL_PA101A,10110431G030A,PDMPART,101104084,TM_MODEL,GN50,BRAKE_MODEL,EC-5415SM,,,,,,,,,,,,,,,,,,,,,,,,,,,,,,,,,,
201,,EL_ETM,GN50B,EL_ACAPA,<=2000,EL_ASPD,">60,<=105",EL_ERPD,12,EL_ERPW,6,EL_ERPR,2:1,TYPE,!WBVF,EL_ATYP,?SSVF?,,,,,,,,,,,,,,,,,,,,,,,,,,,,,,,,,,,,,,,,,,,,,EL_PA101A,101103840,PDMPART,101103840,TM_MODEL,GN50,BRAKE_MODEL,EC-5415SM,,,,,,,,,,,,,,,,,,,,,,,,,,,,,,,,,,
202,,EL_ETM,GN50B,EL_ACAPA,<=2000,EL_ASPD,">60,<=105",EL_ERPD,10,EL_ERPW,6,EL_ERPR,2:1,TYPE,WBVF,EL_ATYP,?SSVF?,,,,,,,,,,,,,,,,,,,,,,,,,,,,,,,,,,,,,,,,,,,,,EL_PA101A,10110431G040A,PDMPART,101104085,TM_MODEL,GN50,BRAKE_MODEL,EC-5415SM,,,,,,,,,,,,,,,,,,,,,,,,,,,,,,,,,,
203,,EL_ETM,GN50B,EL_ACAPA,<=2000,EL_ASPD,">60,<=105",EL_ERPD,10,EL_ERPW,6,EL_ERPR,2:1,TYPE,!WBVF,EL_ATYP,?SSVF?,,,,,,,,,,,,,,,,,,,,,,,,,,,,,,,,,,,,,,,,,,,,,EL_PA101A,101103841,PDMPART,101103841,TM_MODEL,GN50,BRAKE_MODEL,EC-5415SM,,,,,,,,,,,,,,,,,,,,,,,,,,,,,,,,,,
204,,EL_ETM,GN50C,EL_ACAPA,<=1600,EL_ASPD,">105,<=150",EL_ERPD,12,EL_ERPW,5,EL_ERPR,2:1,TYPE,WBVF,EL_ATYP,?SSVF?,,,,,,,,,,,,,,,,,,,,,,,,,,,,,,,,,,,,,,,,,,,,,EL_PA101A,101104089,PDMPART,101104089,TM_MODEL,GN50,BRAKE_MODEL,EC-5415SM,,,,,,,,,,,,,,,,,,,,,,,,,,,,,,,,,,
205,,EL_ETM,GN50C,EL_ACAPA,<=1600,EL_ASPD,">105,<=150",EL_ERPD,12,EL_ERPW,5,EL_ERPR,2:1,TYPE,!WBVF,EL_ATYP,?SSVF?,,,,,,,,,,,,,,,,,,,,,,,,,,,,,,,,,,,,,,,,,,,,,EL_PA101A,101103845,PDMPART,101103845,TM_MODEL,GN50,BRAKE_MODEL,EC-5415SM,,,,,,,,,,,,,,,,,,,,,,,,,,,,,,,,,,
206,,EL_ETM,GN50C,EL_ACAPA,<=1600,EL_ASPD,">105,<=150",EL_ERPD,12,EL_ERPW,6,EL_ERPR,2:1,TYPE,WBVF,EL_ATYP,?SSVF?,,,,,,,,,,,,,,,,,,,,,,,,,,,,,,,,,,,,,,,,,,,,,EL_PA101A,101104087,PDMPART,101104087,TM_MODEL,GN50,BRAKE_MODEL,EC-5415SM,,,,,,,,,,,,,,,,,,,,,,,,,,,,,,,,,,
207,,EL_ETM,GN50C,EL_ACAPA,<=1600,EL_ASPD,">105,<=150",EL_ERPD,12,EL_ERPW,6,EL_ERPR,2:1,TYPE,!WBVF,EL_ATYP,?SSVF?,,,,,,,,,,,,,,,,,,,,,,,,,,,,,,,,,,,,,,,,,,,,,EL_PA101A,101103843,PDMPART,101103843,TM_MODEL,GN50,BRAKE_MODEL,EC-5415SM,,,,,,,,,,,,,,,,,,,,,,,,,,,,,,,,,,
208,,EL_ETM,GN50C,EL_ACAPA,<=1600,EL_ASPD,">105,<=150",EL_ERPD,10,EL_ERPW,6,EL_ERPR,2:1,TYPE,WBVF,EL_ATYP,?SSVF?,,,,,,,,,,,,,,,,,,,,,,,,,,,,,,,,,,,,,,,,,,,,,EL_PA101A,101104088,PDMPART,101104088,TM_MODEL,GN50,BRAKE_MODEL,EC-5415SM,,,,,,,,,,,,,,,,,,,,,,,,,,,,,,,,,,
209,,EL_ETM,GN50C,EL_ACAPA,<=1600,EL_ASPD,">105,<=150",EL_ERPD,10,EL_ERPW,6,EL_ERPR,2:1,TYPE,!WBVF,EL_ATYP,?SSVF?,,,,,,,,,,,,,,,,,,,,,,,,,,,,,,,,,,,,,,,,,,,,,EL_PA101A,101103844,PDMPART,101103844,TM_MODEL,GN50,BRAKE_MODEL,EC-5415SM,,,,,,,,,,,,,,,,,,,,,,,,,,,,,,,,,,
210,,,,,,,,,,,,,,,,,,,,,,,,,,,,,,,,,,,,,,,,,,,,,,,,,,,,,,,,,,,,,,,,,,,,,,,,,,,,,,,,,,,,,,,,,,,,,,,,,,,,,,,
211,,EL_ETM,GN60A,EL_ACAPA,<=2500,EL_ASPD,<=60,EL_ERPD,12,EL_ERPW,6,EL_ERPR,2:1,TYPE,WBVF,EL_ATYP,?SSVF?,,,,,,,,,,,,,,,,,,,,,,,,,,,,,,,,,,,,,,,,,,,,,EL_PA101A,101104090,PDMPART,101104090,TM_MODEL,GN60,BRAKE_MODEL,EC-5415SM,,,,,,,,,,,,,,,,,,,,,,,,,,,,,,,,,,
212,,EL_ETM,GN60B,EL_ACAPA,<=2500,EL_ASPD,">60,<=105",EL_ERPD,12,EL_ERPW,6,EL_ERPR,2:1,TYPE,WBVF,EL_ATYP,?SSVF?,,,,,,,,,,,,,,,,,,,,,,,,,,,,,,,,,,,,,,,,,,,,,EL_PA101A,101104091,PDMPART,101104091,TM_MODEL,GN60,BRAKE_MODEL,EC-5415SM,,,,,,,,,,,,,,,,,,,,,,,,,,,,,,,,,,
213,,EL_ETM,GN60D,EL_ACAPA,<=1600,EL_ASPD,">120,<=210",EL_ERPD,12,EL_ERPW,6,EL_ERPR,2:1,TYPE,WBVF,EL_ATYP,?SSVF?,,,,,,,,,,,,,,,,,,,,,,,,,,,,,,,,,,,,,,,,,,,,,EL_PA101A,101104093,PDMPART,101104093,TM_MODEL,GN60,BRAKE_MODEL,EC-5415SM,,,,,,,,,,,,,,,,,,,,,,,,,,,,,,,,,,
214,,,,,,,,,,,,,,,,,,,,,,,,,,,,,,,,,,,,,,,,,,,,,,,,,,,,,,,,,,,,,,,,,,,,,,,,,,,,,,,,,,,,,,,,,,,,,,,,,,,,,,,
215,,EL_ETM,GT100A,EL_ACAPA,,EL_ASPD,<=60,EL_ERPD,10,EL_ERPW,6,EL_ERPR,2:1,TYPE,WBVF,EL_ATYP,",?LXVF?,?FI4GL?",,,,,,,,,,,,,,,,,,,,,,,,,,,,,,,,,,,,,,,,,,,,,EL_PA101A,10110301G010A,PDMPART,101104122,TM_MODEL,GT100,BRAKE_MODEL,DB2818,,,,,,,,,,,,,,,,,,,,,,,,,,,,,,,,,,
216,,EL_ETM,GT100A,EL_ACAPA,,EL_ASPD,<=60,EL_ERPD,10,EL_ERPW,6,EL_ERPR,2:1,TYPE,!WBVF,EL_ATYP,",?LXVF?,?FI4GL?",,,,,,,,,,,,,,,,,,,,,,,,,,,,,,,,,,,,,,,,,,,,,EL_PA101A,101103635,PDMPART,101103635,TM_MODEL,GT100,BRAKE_MODEL,DB2818,,,,,,,,,,,,,,,,,,,,,,,,,,,,,,,,,,
217,,EL_ETM,GT100A,EL_ACAPA,,EL_ASPD,<=60,EL_ERPD,10,EL_ERPW,6,EL_ERPR,2:1,TYPE,!WBVF,EL_ATYP,"!(?LXVF?,?FI4GL?)",,,,,,,,,,,,,,,,,,,,,,,,,,,,,,,,,,,,,,,,,,,,,EL_PA101A,101103636,PDMPART,101103636,TM_MODEL,GT100,BRAKE_MODEL,DB2818,,,,,,,,,,,,,,,,,,,,,,,,,,,,,,,,,,
218,,EL_ETM,GT100A,EL_ACAPA,,EL_ASPD,<=60,EL_ERPD,10,EL_ERPW,7,EL_ERPR,2:1,TYPE,WBVF,EL_ATYP,",?LXVF?,?FI4GL?",,,,,,,,,,,,,,,,,,,,,,,,,,,,,,,,,,,,,,,,,,,,,EL_PA101A,10110301G020A,PDMPART,101104123,TM_MODEL,GT100,BRAKE_MODEL,DB2818,,,,,,,,,,,,,,,,,,,,,,,,,,,,,,,,,,
219,,EL_ETM,GT100A,EL_ACAPA,,EL_ASPD,<=60,EL_ERPD,10,EL_ERPW,7,EL_ERPR,2:1,TYPE,!WBVF,EL_ATYP,",?LXVF?,?FI4GL?",,,,,,,,,,,,,,,,,,,,,,,,,,,,,,,,,,,,,,,,,,,,,EL_PA101A,101103637,PDMPART,101103637,TM_MODEL,GT100,BRAKE_MODEL,DB2818,,,,,,,,,,,,,,,,,,,,,,,,,,,,,,,,,,
220,,EL_ETM,GT100A,EL_ACAPA,,EL_ASPD,<=60,EL_ERPD,10,EL_ERPW,7,EL_ERPR,2:1,TYPE,!WBVF,EL_ATYP,"!(?LXVF?,?FI4GL?)",,,,,,,,,,,,,,,,,,,,,,,,,,,,,,,,,,,,,,,,,,,,,EL_PA101A,101103638,PDMPART,101103638,TM_MODEL,GT100,BRAKE_MODEL,DB2818,,,,,,,,,,,,,,,,,,,,,,,,,,,,,,,,,,
221,,EL_ETM,GT100A,EL_ACAPA,,EL_ASPD,<=60,EL_ERPD,10,EL_ERPW,8,EL_ERPR,2:1,TYPE,WBVF,EL_ATYP,",?LXVF?,?FI4GL?",,,,,,,,,,,,,,,,,,,,,,,,,,,,,,,,,,,,,,,,,,,,,EL_PA101A,10110301G030A,PDMPART,101104124,TM_MODEL,GT100,BRAKE_MODEL,DB2818,,,,,,,,,,,,,,,,,,,,,,,,,,,,,,,,,,
222,,EL_ETM,GT100A,EL_ACAPA,,EL_ASPD,<=60,EL_ERPD,10,EL_ERPW,8,EL_ERPR,2:1,TYPE,!WBVF,EL_ATYP,",?LXVF?,?FI4GL?",,,,,,,,,,,,,,,,,,,,,,,,,,,,,,,,,,,,,,,,,,,,,EL_PA101A,101103639,PDMPART,101103639,TM_MODEL,GT100,BRAKE_MODEL,DB2818,,,,,,,,,,,,,,,,,,,,,,,,,,,,,,,,,,
223,,EL_ETM,GT100A,EL_ACAPA,,EL_ASPD,<=60,EL_ERPD,10,EL_ERPW,8,EL_ERPR,2:1,TYPE,!WBVF,EL_ATYP,"!(?LXVF?,?FI4GL?)",,,,,,,,,,,,,,,,,,,,,,,,,,,,,,,,,,,,,,,,,,,,,EL_PA101A,101103640,PDMPART,101103640,TM_MODEL,GT100,BRAKE_MODEL,DB2818,,,,,,,,,,,,,,,,,,,,,,,,,,,,,,,,,,
224,,EL_ETM,GT100B,EL_ACAPA,,EL_ASPD,">60,<=120",EL_ERPD,10,EL_ERPW,6,EL_ERPR,2:1,TYPE,WBVF,EL_ATYP,",?LXVF?,?FI4GL?",,,,,,,,,,,,,,,,,,,,,,,,,,,,,,,,,,,,,,,,,,,,,EL_PA101A,10110301G040A,PDMPART,101104125,TM_MODEL,GT100,BRAKE_MODEL,DB2818,,,,,,,,,,,,,,,,,,,,,,,,,,,,,,,,,,
225,,EL_ETM,GT100B,EL_ACAPA,,EL_ASPD,">60,<=120",EL_ERPD,10,EL_ERPW,6,EL_ERPR,2:1,TYPE,!WBVF,EL_ATYP,",?LXVF?,?FI4GL?",,,,,,,,,,,,,,,,,,,,,,,,,,,,,,,,,,,,,,,,,,,,,EL_PA101A,101103644,PDMPART,101103644,TM_MODEL,GT100,BRAKE_MODEL,DB2818,,,,,,,,,,,,,,,,,,,,,,,,,,,,,,,,,,
226,,EL_ETM,GT100B,EL_ACAPA,,EL_ASPD,">60,<=120",EL_ERPD,10,EL_ERPW,6,EL_ERPR,2:1,TYPE,!WBVF,EL_ATYP,"!(?LXVF?,?FI4GL?)",,,,,,,,,,,,,,,,,,,,,,,,,,,,,,,,,,,,,,,,,,,,,EL_PA101A,101103645,PDMPART,101103645,TM_MODEL,GT100,BRAKE_MODEL,DB2818,,,,,,,,,,,,,,,,,,,,,,,,,,,,,,,,,,
227,,EL_ETM,GT100B,EL_ACAPA,,EL_ASPD,">60,<=120",EL_ERPD,10,EL_ERPW,7,EL_ERPR,2:1,TYPE,WBVF,EL_ATYP,",?LXVF?,?FI4GL?",,,,,,,,,,,,,,,,,,,,,,,,,,,,,,,,,,,,,,,,,,,,,EL_PA101A,10110301G050A,PDMPART,101104126,TM_MODEL,GT100,BRAKE_MODEL,DB2818,,,,,,,,,,,,,,,,,,,,,,,,,,,,,,,,,,
228,,EL_ETM,GT100B,EL_ACAPA,,EL_ASPD,">60,<=120",EL_ERPD,10,EL_ERPW,7,EL_ERPR,2:1,TYPE,!WBVF,EL_ATYP,",?LXVF?,?FI4GL?",,,,,,,,,,,,,,,,,,,,,,,,,,,,,,,,,,,,,,,,,,,,,EL_PA101A,101103646,PDMPART,101103646,TM_MODEL,GT100,BRAKE_MODEL,DB2818,,,,,,,,,,,,,,,,,,,,,,,,,,,,,,,,,,
229,,EL_ETM,GT100B,EL_ACAPA,,EL_ASPD,">60,<=120",EL_ERPD,10,EL_ERPW,7,EL_ERPR,2:1,TYPE,!WBVF,EL_ATYP,"!(?LXVF?,?FI4GL?)",,,,,,,,,,,,,,,,,,,,,,,,,,,,,,,,,,,,,,,,,,,,,EL_PA101A,101103647,PDMPART,101103647,TM_MODEL,GT100,BRAKE_MODEL,DB2818,,,,,,,,,,,,,,,,,,,,,,,,,,,,,,,,,,
230,,EL_ETM,GT100B,EL_ACAPA,,EL_ASPD,">60,<=120",EL_ERPD,10,EL_ERPW,8,EL_ERPR,2:1,TYPE,WBVF,EL_ATYP,",?LXVF?,?FI4GL?",,,,,,,,,,,,,,,,,,,,,,,,,,,,,,,,,,,,,,,,,,,,,EL_PA101A,10110301G060A,PDMPART,101104127,TM_MODEL,GT100,BRAKE_MODEL,DB2818,,,,,,,,,,,,,,,,,,,,,,,,,,,,,,,,,,
231,,EL_ETM,GT100B,EL_ACAPA,,EL_ASPD,">60,<=120",EL_ERPD,10,EL_ERPW,8,EL_ERPR,2:1,TYPE,!WBVF,EL_ATYP,",?LXVF?,?FI4GL?",,,,,,,,,,,,,,,,,,,,,,,,,,,,,,,,,,,,,,,,,,,,,EL_PA101A,101103648,PDMPART,101103648,TM_MODEL,GT100,BRAKE_MODEL,DB2818,,,,,,,,,,,,,,,,,,,,,,,,,,,,,,,,,,
232,,EL_ETM,GT100B,EL_ACAPA,,EL_ASPD,">60,<=120",EL_ERPD,10,EL_ERPW,8,EL_ERPR,2:1,TYPE,!WBVF,EL_ATYP,"!(?LXVF?,?FI4GL?)",,,,,,,,,,,,,,,,,,,,,,,,,,,,,,,,,,,,,,,,,,,,,EL_PA101A,101103649,PDMPART,101103649,TM_MODEL,GT100,BRAKE_MODEL,DB2818,,,,,,,,,,,,,,,,,,,,,,,,,,,,,,,,,,
233,,EL_ETM,GT100C,EL_ACAPA,,EL_ASPD,180,EL_ERPD,10,EL_ERPW,6,EL_ERPR,2:1,TYPE,WBVF,EL_ATYP,",?LXVF?,?FI4GL?",,,,,,,,,,,,,,,,,,,,,,,,,,,,,,,,,,,,,,,,,,,,,EL_PA101A,101104128,PDMPART,101104128,TM_MODEL,GT100,BRAKE_MODEL,DB2818,,,,,,,,,,,,,,,,,,,,,,,,,,,,,,,,,,
234,,EL_ETM,GT100C,EL_ACAPA,,EL_ASPD,180,EL_ERPD,10,EL_ERPW,6,EL_ERPR,2:1,TYPE,!WBVF,EL_ATYP,",?LXVF?,?FI4GL?",,,,,,,,,,,,,,,,,,,,,,,,,,,,,,,,,,,,,,,,,,,,,EL_PA101A,101103653,PDMPART,101103653,TM_MODEL,GT100,BRAKE_MODEL,DB2818,,,,,,,,,,,,,,,,,,,,,,,,,,,,,,,,,,
235,,EL_ETM,GT100C,EL_ACAPA,,EL_ASPD,180,EL_ERPD,10,EL_ERPW,6,EL_ERPR,2:1,TYPE,!WBVF,EL_ATYP,"!(?LXVF?,?FI4GL?)",,,,,,,,,,,,,,,,,,,,,,,,,,,,,,,,,,,,,,,,,,,,,EL_PA101A,101103654,PDMPART,101103654,TM_MODEL,GT100,BRAKE_MODEL,DB2818,,,,,,,,,,,,,,,,,,,,,,,,,,,,,,,,,,
236,,EL_ETM,GT100C,EL_ACAPA,,EL_ASPD,180,EL_ERPD,10,EL_ERPW,7,EL_ERPR,2:1,TYPE,WBVF,EL_ATYP,",?LXVF?,?FI4GL?",,,,,,,,,,,,,,,,,,,,,,,,,,,,,,,,,,,,,,,,,,,,,EL_PA101A,101104129,PDMPART,101104129,TM_MODEL,GT100,BRAKE_MODEL,DB2818,,,,,,,,,,,,,,,,,,,,,,,,,,,,,,,,,,
237,,EL_ETM,GT100C,EL_ACAPA,,EL_ASPD,180,EL_ERPD,10,EL_ERPW,7,EL_ERPR,2:1,TYPE,!WBVF,EL_ATYP,",?LXVF?,?FI4GL?",,,,,,,,,,,,,,,,,,,,,,,,,,,,,,,,,,,,,,,,,,,,,EL_PA101A,101103655,PDMPART,101103655,TM_MODEL,GT100,BRAKE_MODEL,DB2818,,,,,,,,,,,,,,,,,,,,,,,,,,,,,,,,,,
238,,EL_ETM,GT100C,EL_ACAPA,,EL_ASPD,180,EL_ERPD,10,EL_ERPW,7,EL_ERPR,2:1,TYPE,!WBVF,EL_ATYP,"!(?LXVF?,?FI4GL?)",,,,,,,,,,,,,,,,,,,,,,,,,,,,,,,,,,,,,,,,,,,,,EL_PA101A,101103656,PDMPART,101103656,TM_MODEL,GT100,BRAKE_MODEL,DB2818,,,,,,,,,,,,,,,,,,,,,,,,,,,,,,,,,,
239,,EL_ETM,GT100C,EL_ACAPA,,EL_ASPD,180,EL_ERPD,10,EL_ERPW,8,EL_ERPR,2:1,TYPE,WBVF,EL_ATYP,",?LXVF?,?FI4GL?",,,,,,,,,,,,,,,,,,,,,,,,,,,,,,,,,,,,,,,,,,,,,EL_PA101A,101104130,PDMPART,101104130,TM_MODEL,GT100,BRAKE_MODEL,DB2818,,,,,,,,,,,,,,,,,,,,,,,,,,,,,,,,,,
240,,EL_ETM,GT100C,EL_ACAPA,,EL_ASPD,180,EL_ERPD,10,EL_ERPW,8,EL_ERPR,2:1,TYPE,!WBVF,EL_ATYP,",?LXVF?,?FI4GL?",,,,,,,,,,,,,,,,,,,,,,,,,,,,,,,,,,,,,,,,,,,,,EL_PA101A,101103657,PDMPART,101103657,TM_MODEL,GT100,BRAKE_MODEL,DB2818,,,,,,,,,,,,,,,,,,,,,,,,,,,,,,,,,,
241,,EL_ETM,GT100C,EL_ACAPA,,EL_ASPD,180,EL_ERPD,10,EL_ERPW,8,EL_ERPR,2:1,TYPE,!WBVF,EL_ATYP,"!(?LXVF?,?FI4GL?)",,,,,,,,,,,,,,,,,,,,,,,,,,,,,,,,,,,,,,,,,,,,,EL_PA101A,101103658,PDMPART,101103658,TM_MODEL,GT100,BRAKE_MODEL,DB2818,,,,,,,,,,,,,,,,,,,,,,,,,,,,,,,,,,
242,,EL_ETM,GT100D,EL_ACAPA,,EL_ASPD,150,EL_ERPD,10,EL_ERPW,6,EL_ERPR,2:1,TYPE,WBVF,EL_ATYP,",?LXVF?,?FI4GL?",,,,,,,,,,,,,,,,,,,,,,,,,,,,,,,,,,,,,,,,,,,,,EL_PA101A,101104131,PDMPART,101104131,TM_MODEL,GT100,BRAKE_MODEL,DB2818,,,,,,,,,,,,,,,,,,,,,,,,,,,,,,,,,,
243,,EL_ETM,GT100D,EL_ACAPA,,EL_ASPD,150,EL_ERPD,10,EL_ERPW,6,EL_ERPR,2:1,TYPE,!WBVF,EL_ATYP,",?LXVF?,?FI4GL?",,,,,,,,,,,,,,,,,,,,,,,,,,,,,,,,,,,,,,,,,,,,,EL_PA101A,101103662,PDMPART,101103662,TM_MODEL,GT100,BRAKE_MODEL,DB2818,,,,,,,,,,,,,,,,,,,,,,,,,,,,,,,,,,
244,,EL_ETM,GT100D,EL_ACAPA,,EL_ASPD,150,EL_ERPD,10,EL_ERPW,6,EL_ERPR,2:1,TYPE,!WBVF,EL_ATYP,"!(?LXVF?,?FI4GL?)",,,,,,,,,,,,,,,,,,,,,,,,,,,,,,,,,,,,,,,,,,,,,EL_PA101A,101103663,PDMPART,101103663,TM_MODEL,GT100,BRAKE_MODEL,DB2818,,,,,,,,,,,,,,,,,,,,,,,,,,,,,,,,,,
245,,EL_ETM,GT100D,EL_ACAPA,,EL_ASPD,150,EL_ERPD,10,EL_ERPW,7,EL_ERPR,2:1,TYPE,WBVF,EL_ATYP,",?LXVF?,?FI4GL?",,,,,,,,,,,,,,,,,,,,,,,,,,,,,,,,,,,,,,,,,,,,,EL_PA101A,101104132,PDMPART,101104132,TM_MODEL,GT100,BRAKE_MODEL,DB2818,,,,,,,,,,,,,,,,,,,,,,,,,,,,,,,,,,
246,,EL_ETM,GT100D,EL_ACAPA,,EL_ASPD,150,EL_ERPD,10,EL_ERPW,7,EL_ERPR,2:1,TYPE,!WBVF,EL_ATYP,",?LXVF?,?FI4GL?",,,,,,,,,,,,,,,,,,,,,,,,,,,,,,,,,,,,,,,,,,,,,EL_PA101A,101103664,PDMPART,101103664,TM_MODEL,GT100,BRAKE_MODEL,DB2818,,,,,,,,,,,,,,,,,,,,,,,,,,,,,,,,,,
247,,EL_ETM,GT100D,EL_ACAPA,,EL_ASPD,150,EL_ERPD,10,EL_ERPW,7,EL_ERPR,2:1,TYPE,!WBVF,EL_ATYP,"!(?LXVF?,?FI4GL?)",,,,,,,,,,,,,,,,,,,,,,,,,,,,,,,,,,,,,,,,,,,,,EL_PA101A,101103665,PDMPART,101103665,TM_MODEL,GT100,BRAKE_MODEL,DB2818,,,,,,,,,,,,,,,,,,,,,,,,,,,,,,,,,,
248,,EL_ETM,GT100D,EL_ACAPA,,EL_ASPD,150,EL_ERPD,10,EL_ERPW,8,EL_ERPR,2:1,TYPE,WBVF,EL_ATYP,",?LXVF?,?FI4GL?",,,,,,,,,,,,,,,,,,,,,,,,,,,,,,,,,,,,,,,,,,,,,EL_PA101A,101104133,PDMPART,101104133,TM_MODEL,GT100,BRAKE_MODEL,DB2818,,,,,,,,,,,,,,,,,,,,,,,,,,,,,,,,,,
249,,EL_ETM,GT100D,EL_ACAPA,,EL_ASPD,150,EL_ERPD,10,EL_ERPW,8,EL_ERPR,2:1,TYPE,!WBVF,EL_ATYP,",?LXVF?,?FI4GL?",,,,,,,,,,,,,,,,,,,,,,,,,,,,,,,,,,,,,,,,,,,,,EL_PA101A,101103666,PDMPART,101103666,TM_MODEL,GT100,BRAKE_MODEL,DB2818,,,,,,,,,,,,,,,,,,,,,,,,,,,,,,,,,,
250,,EL_ETM,GT100D,EL_ACAPA,,EL_ASPD,150,EL_ERPD,10,EL_ERPW,8,EL_ERPR,2:1,TYPE,!WBVF,EL_ATYP,"!(?LXVF?,?FI4GL?)",,,,,,,,,,,,,,,,,,,,,,,,,,,,,,,,,,,,,,,,,,,,,EL_PA101A,101103667,PDMPART,101103667,TM_MODEL,GT100,BRAKE_MODEL,DB2818,,,,,,,,,,,,,,,,,,,,,,,,,,,,,,,,,,
251,,,,,,,,,,,,,,,,,,,,,,,,,,,,,,,,,,,,,,,,,,,,,,,,,,,,,,,,,,,,,,,,,,,,,,,,,,,,,,,,,,,,,,,,,,,,,,,,,,,,,,,
252,,EL_ETM,GT101A,EL_ACAPA,<=1600,EL_ASPD,<=150,EL_ERPD,10,EL_ERPW,<=7,EL_ERPR,2:1,TYPE,WBVF,EL_ATYP,?LX?,,,,,,,,,,,,,,,,,,,,,,,,,,,,,,,,,,,,,,,,,,,,,EL_PA101A,10110299G110A,PDMPART,10110299G1100,TM_MODEL,GT101,BRAKE_MODEL,DB2818,,,,,,,,,,,,,,,,,,,,,,,,,,,,,,,,,,
253,,EL_ETM,GT101A,EL_ACAPA,<=1600,EL_ASPD,<=150,EL_ERPD,10,EL_ERPW,<=7,EL_ERPR,2:1,TYPE,WBVF,EL_ATYP,?HS?,,,,,,,,,,,,,,,,,,,,,,,,,,,,,,,,,,,,,,,,,,,,,EL_PA101A,10110299G120A,PDMPART,101104523,TM_MODEL,GT101,BRAKE_MODEL,DB2818,,,,,,,,,,,,,,,,,,,,,,,,,,,,,,,,,,
254,,EL_ETM,GT101B,EL_ACAPA,<=1150,EL_ASPD,">150,<=180",EL_ERPD,10,EL_ERPW,<=7,EL_ERPR,2:1,TYPE,WBVF,EL_ATYP,?LX?,,,,,,,,,,,,,,,,,,,,,,,,,,,,,,,,,,,,,,,,,,,,,EL_PA101A,10110299G130A,PDMPART,101104524,TM_MODEL,GT101,BRAKE_MODEL,DB2818,,,,,,,,,,,,,,,,,,,,,,,,,,,,,,,,,,
255,,EL_ETM,GT101B,EL_ACAPA,<=1150,EL_ASPD,">150,<=180",EL_ERPD,10,EL_ERPW,<=7,EL_ERPR,2:1,TYPE,WBVF,EL_ATYP,?HS?,,,,,,,,,,,,,,,,,,,,,,,,,,,,,,,,,,,,,,,,,,,,,EL_PA101A,10110299G140A,PDMPART,101104525,TM_MODEL,GT101,BRAKE_MODEL,DB2818,,,,,,,,,,,,,,,,,,,,,,,,,,,,,,,,,,
256,,EL_ETM,GT101C,EL_ACAPA,<=1150,EL_ASPD,<=60,EL_ERPD,8,EL_ERPW,<=9,EL_ERPR,1:1,TYPE,WBVF,EL_ATYP,?LX?,,,,,,,,,,,,,,,,,,,,,,,,,,,,,,,,,,,,,,,,,,,,,EL_PA101A,10110299G150A,PDMPART,101104526,TM_MODEL,GT101,BRAKE_MODEL,DB2818,,,,,,,,,,,,,,,,,,,,,,,,,,,,,,,,,,
257,,EL_ETM,GT101C,EL_ACAPA,<=1150,EL_ASPD,<=60,EL_ERPD,8,EL_ERPW,<=9,EL_ERPR,1:1,TYPE,WBVF,EL_ATYP,?HS?,,,,,,,,,,,,,,,,,,,,,,,,,,,,,,,,,,,,,,,,,,,,,EL_PA101A,10110299G160A,PDMPART,101104527,TM_MODEL,GT101,BRAKE_MODEL,DB2818,,,,,,,,,,,,,,,,,,,,,,,,,,,,,,,,,,
258,,EL_ETM,GT101D,EL_ACAPA,<=1150,EL_ASPD,">60,<=105",EL_ERPD,8,EL_ERPW,<=9,EL_ERPR,1:1,TYPE,WBVF,EL_ATYP,?LX?,,,,,,,,,,,,,,,,,,,,,,,,,,,,,,,,,,,,,,,,,,,,,EL_PA101A,10110299G170A,PDMPART,10110299G1700,TM_MODEL,GT101,BRAKE_MODEL,DB2818,,,,,,,,,,,,,,,,,,,,,,,,,,,,,,,,,,
259,,EL_ETM,GT101D,EL_ACAPA,<=1150,EL_ASPD,">60,<=105",EL_ERPD,8,EL_ERPW,<=9,EL_ERPR,1:1,TYPE,WBVF,EL_ATYP,?HS?,,,,,,,,,,,,,,,,,,,,,,,,,,,,,,,,,,,,,,,,,,,,,EL_PA101A,10110299G180A,PDMPART,101104529,TM_MODEL,GT101,BRAKE_MODEL,DB2818,,,,,,,,,,,,,,,,,,,,,,,,,,,,,,,,,,
260,,EL_ETM,GT101E,EL_ACAPA,<=1150,EL_ASPD,120,EL_ERPD,8,EL_ERPW,<=9,EL_ERPR,1:1,TYPE,WBVF,EL_ATYP,?LX?,,,,,,,,,,,,,,,,,,,,,,,,,,,,,,,,,,,,,,,,,,,,,EL_PA101A,10110299G190A,PDMPART,101104530,TM_MODEL,GT101,BRAKE_MODEL,DB2818,,,,,,,,,,,,,,,,,,,,,,,,,,,,,,,,,,
261,,EL_ETM,GT101E,EL_ACAPA,<=1150,EL_ASPD,120,EL_ERPD,8,EL_ERPW,<=9,EL_ERPR,1:1,TYPE,WBVF,EL_ATYP,?HS?,,,,,,,,,,,,,,,,,,,,,,,,,,,,,,,,,,,,,,,,,,,,,EL_PA101A,10110299G200A,PDMPART,101104531,TM_MODEL,GT101,BRAKE_MODEL,DB2818,,,,,,,,,,,,,,,,,,,,,,,,,,,,,,,,,,
262,,,,,,,,,,,,,,,,,,,,,,,,,,,,,,,,,,,,,,,,,,,,,,,,,,,,,,,,,,,,,,,,,,,,,,,,,,,,,,,,,,,,,,,,,,,,,,,,,,,,,,,
263,,EL_ETM,GT160S,EL_ACAPA,,EL_ASPD,<=105,EL_ERPD,12,EL_ERPW,<=8,EL_ERPR,2:1,TYPE,WBVF,,,,,,,,,,,,,,,,,,,,,,,,,,,,,,,,,,,,,,,,,,,,,,,EL_PA101A,10110566G010A,PDMPART,101104197,TM_MODEL,GT160S,BRAKE_MODEL,EC-4032EF,,,,,,,,,,,,,,,,,,,,,,,,,,,,,,,,,,
264,,EL_ETM,GT160S1,EL_ACAPA,,EL_ASPD,<=150,EL_ERPD,12,EL_ERPW,<=8,EL_ERPR,2:1,TYPE,WBVF,,,,,,,,,,,,,,,,,,,,,,,,,,,,,,,,,,,,,,,,,,,,,,,EL_PA101A,10110566G020A,PDMPART,10100928G0200,TM_MODEL,GT160S,BRAKE_MODEL,EC-4032EF,,,,,,,,,,,,,,,,,,,,,,,,,,,,,,,,,,
265,,EL_ETM,GT160S2,EL_ACAPA,,EL_ASPD,180,EL_ERPD,12,EL_ERPW,,EL_ERPR,2:1,TYPE,WBVF,,,,,,,,,,,,,,,,,,,,,,,,,,,,,,,,,,,,,,,,,,,,,,,EL_PA101A,10110566G030A,PDMPART,101104199,TM_MODEL,GT160S,BRAKE_MODEL,EC-4032EF,,,,,,,,,,,,,,,,,,,,,,,,,,,,,,,,,,
266,,EL_ETM,GT160S2,EL_ACAPA,,EL_ASPD,">=210,<=240",EL_ERPD,12,EL_ERPW,,EL_ERPR,2:1,TYPE,WBVF,,,,,,,,,,,,,,,,,,,,,,,,,,,,,,,,,,,,,,,,,,,,,,,EL_PA101A,10110566G040A,PDMPART,101104200,TM_MODEL,GT160S,BRAKE_MODEL,EC-4032EF,,,,,,,,,,,,,,,,,,,,,,,,,,,,,,,,,,
267,,,,,,,,,,,,,,,,,,,,,,,,,,,,,,,,,,,,,,,,,,,,,,,,,,,,,,,,,,,,,,,,,,,,,,,,,,,,,,,,,,,,,,,,,,,,,,,,,,,,,,,
268,,EL_ETM,GT17A,EL_ACAPA,,EL_ASPD,<=60,EL_ERPD,10,EL_ERPW,3,EL_ERPR,2:1,TYPE,WBVF,,,,,,,,,,,,,,,,,,,,,,,,,,,,,,,,,,,,,,,,,,,,,,,EL_PA101A,101103607,PDMPART,101103607,TM_MODEL,GT17,BRAKE_MODEL,DB250,,,,,,,,,,,,,,,,,,,,,,,,,,,,,,,,,,
269,,EL_ETM,GT17A,EL_ACAPA,,EL_ASPD,<=60,EL_ERPD,10,EL_ERPW,3,EL_ERPR,2:1,TYPE,!WBVF,,,,,,,,,,,,,,,,,,,,,,,,,,,,,,,,,,,,,,,,,,,,,,,EL_PA101A,101103603,PDMPART,101103603,TM_MODEL,GT17,BRAKE_MODEL,DB250,,,,,,,,,,,,,,,,,,,,,,,,,,,,,,,,,,
270,,EL_ETM,GT17A,EL_ACAPA,,EL_ASPD,<=60,EL_ERPD,10,EL_ERPW,4,EL_ERPR,2:1,TYPE,!WBVF,,,,,,,,,,,,,,,,,,,,,,,,,,,,,,,,,,,,,,,,,,,,,,,EL_PA101A,101103604,PDMPART,101103604,TM_MODEL,GT17,BRAKE_MODEL,DB250,,,,,,,,,,,,,,,,,,,,,,,,,,,,,,,,,,
271,,EL_ETM,GT17A,EL_ACAPA,,EL_ASPD,<=60,EL_ERPD,10,EL_ERPW,4,EL_ERPR,2:1,TYPE,WBVF,,,,,,,,,,,,,,,,,,,,,,,,,,,,,,,,,,,,,,,,,,,,,,,EL_PA101A,101103608,PDMPART,101103608,TM_MODEL,GT17,BRAKE_MODEL,DB250,,,,,,,,,,,,,,,,,,,,,,,,,,,,,,,,,,
272,,EL_ETM,GT17A,EL_ACAPA,,EL_ASPD,<=60,EL_ERPD,8,EL_ERPW,4,EL_ERPR,2:1,TYPE,WBVF,,,,,,,,,,,,,,,,,,,,,,,,,,,,,,,,,,,,,,,,,,,,,,,EL_PA101A,10110296G050A,PDMPART,101103619,TM_MODEL,GT17,BRAKE_MODEL,DB250,,,,,,,,,,,,,,,,,,,,,,,,,,,,,,,,,,
273,,EL_ETM,GT17A,EL_ACAPA,,EL_ASPD,<=60,EL_ERPD,8,EL_ERPW,4,EL_ERPR,2:1,TYPE,!WBVF,,,,,,,,,,,,,,,,,,,,,,,,,,,,,,,,,,,,,,,,,,,,,,,EL_PA101A,10110296G010A,PDMPART,101103615,TM_MODEL,GT17,BRAKE_MODEL,DB250,,,,,,,,,,,,,,,,,,,,,,,,,,,,,,,,,,
274,,EL_ETM,GT17A,EL_ACAPA,,EL_ASPD,<=60,EL_ERPD,8,EL_ERPW,5,EL_ERPR,2:1,TYPE,!WBVF,,,,,,,,,,,,,,,,,,,,,,,,,,,,,,,,,,,,,,,,,,,,,,,EL_PA101A,10110296G020A,PDMPART,101103616,TM_MODEL,GT17,BRAKE_MODEL,DB250,,,,,,,,,,,,,,,,,,,,,,,,,,,,,,,,,,
275,,EL_ETM,GT17A,EL_ACAPA,,EL_ASPD,<=60,EL_ERPD,8,EL_ERPW,5,EL_ERPR,2:1,TYPE,WBVF,,,,,,,,,,,,,,,,,,,,,,,,,,,,,,,,,,,,,,,,,,,,,,,EL_PA101A,10110296G060A,PDMPART,101103620,TM_MODEL,GT17,BRAKE_MODEL,DB250,,,,,,,,,,,,,,,,,,,,,,,,,,,,,,,,,,
276,,EL_ETM,GT17B,EL_ACAPA,,EL_ASPD,">60,<=105",EL_ERPD,10,EL_ERPW,3,EL_ERPR,2:1,TYPE,WBVF,,,,,,,,,,,,,,,,,,,,,,,,,,,,,,,,,,,,,,,,,,,,,,,EL_PA101A,101103609,PDMPART,101103609,TM_MODEL,GT17,BRAKE_MODEL,DB250,,,,,,,,,,,,,,,,,,,,,,,,,,,,,,,,,,
277,,EL_ETM,GT17B,EL_ACAPA,,EL_ASPD,">60,<=105",EL_ERPD,10,EL_ERPW,3,EL_ERPR,2:1,TYPE,!WBVF,,,,,,,,,,,,,,,,,,,,,,,,,,,,,,,,,,,,,,,,,,,,,,,EL_PA101A,101103605,PDMPART,101103605,TM_MODEL,GT17,BRAKE_MODEL,DB250,,,,,,,,,,,,,,,,,,,,,,,,,,,,,,,,,,
278,,EL_ETM,GT17B,EL_ACAPA,,EL_ASPD,">60,<=105",EL_ERPD,10,EL_ERPW,4,EL_ERPR,2:1,TYPE,WBVF,,,,,,,,,,,,,,,,,,,,,,,,,,,,,,,,,,,,,,,,,,,,,,,EL_PA101A,101103610,PDMPART,101103610,TM_MODEL,GT17,BRAKE_MODEL,DB250,,,,,,,,,,,,,,,,,,,,,,,,,,,,,,,,,,
279,,EL_ETM,GT17B,EL_ACAPA,,EL_ASPD,">60,<=105",EL_ERPD,10,EL_ERPW,4,EL_ERPR,2:1,TYPE,!WBVF,,,,,,,,,,,,,,,,,,,,,,,,,,,,,,,,,,,,,,,,,,,,,,,EL_PA101A,101103606,PDMPART,101103606,TM_MODEL,GT17,BRAKE_MODEL,DB250,,,,,,,,,,,,,,,,,,,,,,,,,,,,,,,,,,
280,,EL_ETM,GT17B,EL_ACAPA,,EL_ASPD,">60,<=105",EL_ERPD,8,EL_ERPW,4,EL_ERPR,2:1,TYPE,WBVF,,,,,,,,,,,,,,,,,,,,,,,,,,,,,,,,,,,,,,,,,,,,,,,EL_PA101A,10110296G070A,PDMPART,101103621,TM_MODEL,GT17,BRAKE_MODEL,DB250,,,,,,,,,,,,,,,,,,,,,,,,,,,,,,,,,,
281,,EL_ETM,GT17B,EL_ACAPA,,EL_ASPD,">60,<=105",EL_ERPD,8,EL_ERPW,4,EL_ERPR,2:1,TYPE,!WBVF,,,,,,,,,,,,,,,,,,,,,,,,,,,,,,,,,,,,,,,,,,,,,,,EL_PA101A,10110296G030A,PDMPART,101103617,TM_MODEL,GT17,BRAKE_MODEL,DB250,,,,,,,,,,,,,,,,,,,,,,,,,,,,,,,,,,
282,,EL_ETM,GT17B,EL_ACAPA,,EL_ASPD,">60,<=105",EL_ERPD,8,EL_ERPW,5,EL_ERPR,2:1,TYPE,WBVF,,,,,,,,,,,,,,,,,,,,,,,,,,,,,,,,,,,,,,,,,,,,,,,EL_PA101A,10110296G080A,PDMPART,101103622,TM_MODEL,GT17,BRAKE_MODEL,DB250,,,,,,,,,,,,,,,,,,,,,,,,,,,,,,,,,,
283,,EL_ETM,GT17B,EL_ACAPA,,EL_ASPD,">60,<=105",EL_ERPD,8,EL_ERPW,5,EL_ERPR,2:1,TYPE,!WBVF,,,,,,,,,,,,,,,,,,,,,,,,,,,,,,,,,,,,,,,,,,,,,,,EL_PA101A,10110296G040A,PDMPART,101103618,TM_MODEL,GT17,BRAKE_MODEL,DB250,,,,,,,,,,,,,,,,,,,,,,,,,,,,,,,,,,
284,,,,,,,,,,,,,,,,,,,,,,,,,,,,,,,,,,,,,,,,,,,,,,,,,,,,,,,,,,,,,,,,,,,,,,,,,,,,,,,,,,,,,,,,,,,,,,,,,,,,,,,
285,,EL_ETM,GT25A,EL_ACAPA,,EL_ASPD,<=60,EL_ERPD,10,EL_ERPW,3,EL_ERPR,2:1,TYPE,WBVF,,,,,,,,,,,,,,,,,,,,,,,,,,,,,,,,,,,,,,,,,,,,,,,EL_PA101A,101103795,PDMPART,101103795,TM_MODEL,GT25,BRAKE_MODEL,DB250,,,,,,,,,,,,,,,,,,,,,,,,,,,,,,,,,,
286,,EL_ETM,GT25A,EL_ACAPA,,EL_ASPD,<=60,EL_ERPD,10,EL_ERPW,3,EL_ERPR,2:1,TYPE,!WBVF,,,,,,,,,,,,,,,,,,,,,,,,,,,,,,,,,,,,,,,,,,,,,,,EL_PA101A,101103787,PDMPART,101103787,TM_MODEL,GT25,BRAKE_MODEL,DB250,,,,,,,,,,,,,,,,,,,,,,,,,,,,,,,,,,
287,,EL_ETM,GT25A,EL_ACAPA,,EL_ASPD,<=60,EL_ERPD,10,EL_ERPW,4,EL_ERPR,2:1,TYPE,WBVF,,,,,,,,,,,,,,,,,,,,,,,,,,,,,,,,,,,,,,,,,,,,,,,EL_PA101A,101103796,PDMPART,101103796,TM_MODEL,GT25,BRAKE_MODEL,DB250,,,,,,,,,,,,,,,,,,,,,,,,,,,,,,,,,,
288,,EL_ETM,GT25A,EL_ACAPA,,EL_ASPD,<=60,EL_ERPD,10,EL_ERPW,4,EL_ERPR,2:1,TYPE,!WBVF,,,,,,,,,,,,,,,,,,,,,,,,,,,,,,,,,,,,,,,,,,,,,,,EL_PA101A,101103788,PDMPART,101103788,TM_MODEL,GT25,BRAKE_MODEL,DB250,,,,,,,,,,,,,,,,,,,,,,,,,,,,,,,,,,
289,,EL_ETM,GT25A,EL_ACAPA,,EL_ASPD,<=60,EL_ERPD,10,EL_ERPW,5,EL_ERPR,2:1,TYPE,WBVF,,,,,,,,,,,,,,,,,,,,,,,,,,,,,,,,,,,,,,,,,,,,,,,EL_PA101A,101103797,PDMPART,101103797,TM_MODEL,GT25,BRAKE_MODEL,DB250,,,,,,,,,,,,,,,,,,,,,,,,,,,,,,,,,,
290,,EL_ETM,GT25A,EL_ACAPA,,EL_ASPD,<=60,EL_ERPD,10,EL_ERPW,5,EL_ERPR,2:1,TYPE,!WBVF,,,,,,,,,,,,,,,,,,,,,,,,,,,,,,,,,,,,,,,,,,,,,,,EL_PA101A,101103789,PDMPART,101103789,TM_MODEL,GT25,BRAKE_MODEL,DB250,,,,,,,,,,,,,,,,,,,,,,,,,,,,,,,,,,
291,,EL_ETM,GT25A,EL_ACAPA,,EL_ASPD,<=60,EL_ERPD,10,EL_ERPW,6,EL_ERPR,2:1,TYPE,WBVF,,,,,,,,,,,,,,,,,,,,,,,,,,,,,,,,,,,,,,,,,,,,,,,EL_PA101A,101103798,PDMPART,101103798,TM_MODEL,GT25,BRAKE_MODEL,DB250,,,,,,,,,,,,,,,,,,,,,,,,,,,,,,,,,,
292,,EL_ETM,GT25A,EL_ACAPA,,EL_ASPD,<=60,EL_ERPD,10,EL_ERPW,6,EL_ERPR,2:1,TYPE,!WBVF,,,,,,,,,,,,,,,,,,,,,,,,,,,,,,,,,,,,,,,,,,,,,,,EL_PA101A,101103790,PDMPART,101103790,TM_MODEL,GT25,BRAKE_MODEL,DB250,,,,,,,,,,,,,,,,,,,,,,,,,,,,,,,,,,
293,,EL_ETM,GT25A,EL_ACAPA,,EL_ASPD,<=60,EL_ERPD,8,EL_ERPW,5,EL_ERPR,2:1,TYPE,WBVF,,,,,,,,,,,,,,,,,,,,,,,,,,,,,,,,,,,,,,,,,,,,,,,EL_PA101A,10110361G010A,PDMPART,101103775,TM_MODEL,GT25,BRAKE_MODEL,DB250,,,,,,,,,,,,,,,,,,,,,,,,,,,,,,,,,,
294,,EL_ETM,GT25A,EL_ACAPA,,EL_ASPD,<=60,EL_ERPD,8,EL_ERPW,5,EL_ERPR,2:1,TYPE,!WBVF,,,,,,,,,,,,,,,,,,,,,,,,,,,,,,,,,,,,,,,,,,,,,,,EL_PA101A,101103769,PDMPART,101103769,TM_MODEL,GT25,BRAKE_MODEL,DB250,,,,,,,,,,,,,,,,,,,,,,,,,,,,,,,,,,
295,,EL_ETM,GT25A,EL_ACAPA,,EL_ASPD,<=60,EL_ERPD,8,EL_ERPW,6,EL_ERPR,2:1,TYPE,WBVF,,,,,,,,,,,,,,,,,,,,,,,,,,,,,,,,,,,,,,,,,,,,,,,EL_PA101A,10110361G020A,PDMPART,101103776,TM_MODEL,GT25,BRAKE_MODEL,DB250,,,,,,,,,,,,,,,,,,,,,,,,,,,,,,,,,,
296,,EL_ETM,GT25A,EL_ACAPA,,EL_ASPD,<=60,EL_ERPD,8,EL_ERPW,6,EL_ERPR,2:1,TYPE,!WBVF,,,,,,,,,,,,,,,,,,,,,,,,,,,,,,,,,,,,,,,,,,,,,,,EL_PA101A,101103770,PDMPART,101103770,TM_MODEL,GT25,BRAKE_MODEL,DB250,,,,,,,,,,,,,,,,,,,,,,,,,,,,,,,,,,
297,,EL_ETM,GT25A,EL_ACAPA,,EL_ASPD,<=60,EL_ERPD,8,EL_ERPW,7,EL_ERPR,2:1,TYPE,WBVF,,,,,,,,,,,,,,,,,,,,,,,,,,,,,,,,,,,,,,,,,,,,,,,EL_PA101A,10110361G030A,PDMPART,101103777,TM_MODEL,GT25,BRAKE_MODEL,DB250,,,,,,,,,,,,,,,,,,,,,,,,,,,,,,,,,,
298,,EL_ETM,GT25A,EL_ACAPA,,EL_ASPD,<=60,EL_ERPD,8,EL_ERPW,7,EL_ERPR,2:1,TYPE,!WBVF,,,,,,,,,,,,,,,,,,,,,,,,,,,,,,,,,,,,,,,,,,,,,,,EL_PA101A,101103771,PDMPART,101103771,TM_MODEL,GT25,BRAKE_MODEL,DB250,,,,,,,,,,,,,,,,,,,,,,,,,,,,,,,,,,
299,,EL_ETM,GT25B,EL_ACAPA,,EL_ASPD,">60,<=105",EL_ERPD,10,EL_ERPW,3,EL_ERPR,2:1,TYPE,WBVF,,,,,,,,,,,,,,,,,,,,,,,,,,,,,,,,,,,,,,,,,,,,,,,EL_PA101A,101103799,PDMPART,101103799,TM_MODEL,GT25,BRAKE_MODEL,DB250,,,,,,,,,,,,,,,,,,,,,,,,,,,,,,,,,,
300,,EL_ETM,GT25B,EL_ACAPA,,EL_ASPD,">60,<=105",EL_ERPD,10,EL_ERPW,3,EL_ERPR,2:1,TYPE,!WBVF,,,,,,,,,,,,,,,,,,,,,,,,,,,,,,,,,,,,,,,,,,,,,,,EL_PA101A,101103791,PDMPART,101103791,TM_MODEL,GT25,BRAKE_MODEL,DB250,,,,,,,,,,,,,,,,,,,,,,,,,,,,,,,,,,
301,,EL_ETM,GT25B,EL_ACAPA,,EL_ASPD,">60,<=105",EL_ERPD,10,EL_ERPW,4,EL_ERPR,2:1,TYPE,WBVF,,,,,,,,,,,,,,,,,,,,,,,,,,,,,,,,,,,,,,,,,,,,,,,EL_PA101A,101103800,PDMPART,101103800,TM_MODEL,GT25,BRAKE_MODEL,DB250,,,,,,,,,,,,,,,,,,,,,,,,,,,,,,,,,,
302,,EL_ETM,GT25B,EL_ACAPA,,EL_ASPD,">60,<=105",EL_ERPD,10,EL_ERPW,4,EL_ERPR,2:1,TYPE,!WBVF,,,,,,,,,,,,,,,,,,,,,,,,,,,,,,,,,,,,,,,,,,,,,,,EL_PA101A,101103792,PDMPART,101103792,TM_MODEL,GT25,BRAKE_MODEL,DB250,,,,,,,,,,,,,,,,,,,,,,,,,,,,,,,,,,
303,,EL_ETM,GT25B,EL_ACAPA,,EL_ASPD,">60,<=105",EL_ERPD,10,EL_ERPW,5,EL_ERPR,2:1,TYPE,WBVF,,,,,,,,,,,,,,,,,,,,,,,,,,,,,,,,,,,,,,,,,,,,,,,EL_PA101A,101103801,PDMPART,101103801,TM_MODEL,GT25,BRAKE_MODEL,DB250,,,,,,,,,,,,,,,,,,,,,,,,,,,,,,,,,,
304,,EL_ETM,GT25B,EL_ACAPA,,EL_ASPD,">60,<=105",EL_ERPD,10,EL_ERPW,5,EL_ERPR,2:1,TYPE,!WBVF,,,,,,,,,,,,,,,,,,,,,,,,,,,,,,,,,,,,,,,,,,,,,,,EL_PA101A,101103793,PDMPART,101103793,TM_MODEL,GT25,BRAKE_MODEL,DB250,,,,,,,,,,,,,,,,,,,,,,,,,,,,,,,,,,
305,,EL_ETM,GT25B,EL_ACAPA,,EL_ASPD,">60,<=105",EL_ERPD,10,EL_ERPW,6,EL_ERPR,2:1,TYPE,WBVF,,,,,,,,,,,,,,,,,,,,,,,,,,,,,,,,,,,,,,,,,,,,,,,EL_PA101A,101103802,PDMPART,101103802,TM_MODEL,GT25,BRAKE_MODEL,DB250,,,,,,,,,,,,,,,,,,,,,,,,,,,,,,,,,,
306,,EL_ETM,GT25B,EL_ACAPA,,EL_ASPD,">60,<=105",EL_ERPD,10,EL_ERPW,6,EL_ERPR,2:1,TYPE,!WBVF,,,,,,,,,,,,,,,,,,,,,,,,,,,,,,,,,,,,,,,,,,,,,,,EL_PA101A,101103794,PDMPART,101103794,TM_MODEL,GT25,BRAKE_MODEL,DB250,,,,,,,,,,,,,,,,,,,,,,,,,,,,,,,,,,
307,,EL_ETM,GT25B,EL_ACAPA,,EL_ASPD,">60,<=105",EL_ERPD,8,EL_ERPW,5,EL_ERPR,2:1,TYPE,WBVF,,,,,,,,,,,,,,,,,,,,,,,,,,,,,,,,,,,,,,,,,,,,,,,EL_PA101A,101103778,PDMPART,101103778,TM_MODEL,GT25,BRAKE_MODEL,DB250,,,,,,,,,,,,,,,,,,,,,,,,,,,,,,,,,,
308,,EL_ETM,GT25B,EL_ACAPA,,EL_ASPD,">60,<=105",EL_ERPD,8,EL_ERPW,5,EL_ERPR,2:1,TYPE,!WBVF,,,,,,,,,,,,,,,,,,,,,,,,,,,,,,,,,,,,,,,,,,,,,,,EL_PA101A,101103772,PDMPART,101103772,TM_MODEL,GT25,BRAKE_MODEL,DB250,,,,,,,,,,,,,,,,,,,,,,,,,,,,,,,,,,
309,,EL_ETM,GT25B,EL_ACAPA,,EL_ASPD,">60,<=105",EL_ERPD,8,EL_ERPW,6,EL_ERPR,2:1,TYPE,WBVF,,,,,,,,,,,,,,,,,,,,,,,,,,,,,,,,,,,,,,,,,,,,,,,EL_PA101A,10110361G040A,PDMPART,101103779,TM_MODEL,GT25,BRAKE_MODEL,DB250,,,,,,,,,,,,,,,,,,,,,,,,,,,,,,,,,,
310,,EL_ETM,GT25B,EL_ACAPA,,EL_ASPD,">60,<=105",EL_ERPD,8,EL_ERPW,6,EL_ERPR,2:1,TYPE,!WBVF,,,,,,,,,,,,,,,,,,,,,,,,,,,,,,,,,,,,,,,,,,,,,,,EL_PA101A,101103773,PDMPART,101103773,TM_MODEL,GT25,BRAKE_MODEL,DB250,,,,,,,,,,,,,,,,,,,,,,,,,,,,,,,,,,
311,,EL_ETM,GT25B,EL_ACAPA,,EL_ASPD,">60,<=105",EL_ERPD,8,EL_ERPW,7,EL_ERPR,2:1,TYPE,WBVF,,,,,,,,,,,,,,,,,,,,,,,,,,,,,,,,,,,,,,,,,,,,,,,EL_PA101A,10110361G050A,PDMPART,10110361G0500,TM_MODEL,GT25,BRAKE_MODEL,DB250,,,,,,,,,,,,,,,,,,,,,,,,,,,,,,,,,,
312,,EL_ETM,GT25B,EL_ACAPA,,EL_ASPD,">60,<=105",EL_ERPD,8,EL_ERPW,7,EL_ERPR,2:1,TYPE,!WBVF,,,,,,,,,,,,,,,,,,,,,,,,,,,,,,,,,,,,,,,,,,,,,,,EL_PA101A,101103774,PDMPART,101103774,TM_MODEL,GT25,BRAKE_MODEL,DB250,,,,,,,,,,,,,,,,,,,,,,,,,,,,,,,,,,
313,,,,,,,,,,,,,,,,,,,,,,,,,,,,,,,,,,,,,,,,,,,,,,,,,,,,,,,,,,,,,,,,,,,,,,,,,,,,,,,,,,,,,,,,,,,,,,,,,,,,,,,
314,,EL_ETM,GT30T,EL_ACAPA,,EL_ASPD,">=90,<=120",EL_ERPD,8,EL_ERPW,,EL_ERPR,2:1,,,,,,,,,,,,,,,,,,,,,,,,,,,,,,,,,,,,,,,,,,,,,,,,,EL_PA101A,10110136G0100,PDMPART,101104943,TM_MODEL,GT30,BRAKE_MODEL,FZD12A,,,,,,,,,,,,,,,,,,,,,,,,,,,,,,,,,,
315,,,,,,,,,,,,,,,,,,,,,,,,,,,,,,,,,,,,,,,,,,,,,,,,,,,,,,,,,,,,,,,,,,,,,,,,,,,,,,,,,,,,,,,,,,,,,,,,,,,,,,,
316,,EL_ETM,GT35A,EL_ACAPA,,EL_ASPD,<=60,EL_ERPD,10,EL_ERPW,3,EL_ERPR,2:1,TYPE,WBVF,,,,,,,,,,,,,,,,,,,,,,,,,,,,,,,,,,,,,,,,,,,,,,,EL_PA101A,101103679,PDMPART,101103679,TM_MODEL,,BRAKE_MODEL,,,,,,,,,,,,,,,,,,,,,,,,,,,,,,,,,,,
317,,EL_ETM,GT35A,EL_ACAPA,,EL_ASPD,<=60,EL_ERPD,10,EL_ERPW,3,EL_ERPR,2:1,TYPE,!WBVF,,,,,,,,,,,,,,,,,,,,,,,,,,,,,,,,,,,,,,,,,,,,,,,EL_PA101A,101103671,PDMPART,101103671,TM_MODEL,,BRAKE_MODEL,,,,,,,,,,,,,,,,,,,,,,,,,,,,,,,,,,,
318,,EL_ETM,GT35A,EL_ACAPA,,EL_ASPD,<=60,EL_ERPD,10,EL_ERPW,4,EL_ERPR,2:1,TYPE,WBVF,,,,,,,,,,,,,,,,,,,,,,,,,,,,,,,,,,,,,,,,,,,,,,,EL_PA101A,101103680,PDMPART,101103680,TM_MODEL,,BRAKE_MODEL,,,,,,,,,,,,,,,,,,,,,,,,,,,,,,,,,,,
319,,EL_ETM,GT35A,EL_ACAPA,,EL_ASPD,<=60,EL_ERPD,10,EL_ERPW,4,EL_ERPR,2:1,TYPE,!WBVF,,,,,,,,,,,,,,,,,,,,,,,,,,,,,,,,,,,,,,,,,,,,,,,EL_PA101A,101103672,PDMPART,101103672,TM_MODEL,,BRAKE_MODEL,,,,,,,,,,,,,,,,,,,,,,,,,,,,,,,,,,,
320,,EL_ETM,GT35A,EL_ACAPA,,EL_ASPD,<=60,EL_ERPD,10,EL_ERPW,5,EL_ERPR,2:1,TYPE,WBVF,,,,,,,,,,,,,,,,,,,,,,,,,,,,,,,,,,,,,,,,,,,,,,,EL_PA101A,101103682,PDMPART,101103682,TM_MODEL,,BRAKE_MODEL,,,,,,,,,,,,,,,,,,,,,,,,,,,,,,,,,,,
321,,EL_ETM,GT35A,EL_ACAPA,,EL_ASPD,<=60,EL_ERPD,10,EL_ERPW,5,EL_ERPR,2:1,TYPE,!WBVF,,,,,,,,,,,,,,,,,,,,,,,,,,,,,,,,,,,,,,,,,,,,,,,EL_PA101A,101103673,PDMPART,101103673,TM_MODEL,,BRAKE_MODEL,,,,,,,,,,,,,,,,,,,,,,,,,,,,,,,,,,,
322,,EL_ETM,GT35A,EL_ACAPA,,EL_ASPD,<=60,EL_ERPD,10,EL_ERPW,6,EL_ERPR,2:1,TYPE,WBVF,,,,,,,,,,,,,,,,,,,,,,,,,,,,,,,,,,,,,,,,,,,,,,,EL_PA101A,101103683,PDMPART,101103683,TM_MODEL,,BRAKE_MODEL,,,,,,,,,,,,,,,,,,,,,,,,,,,,,,,,,,,
323,,EL_ETM,GT35A,EL_ACAPA,,EL_ASPD,<=60,EL_ERPD,10,EL_ERPW,6,EL_ERPR,2:1,TYPE,!WBVF,,,,,,,,,,,,,,,,,,,,,,,,,,,,,,,,,,,,,,,,,,,,,,,EL_PA101A,101103674,PDMPART,101103674,TM_MODEL,,BRAKE_MODEL,,,,,,,,,,,,,,,,,,,,,,,,,,,,,,,,,,,
324,,EL_ETM,GT35B,EL_ACAPA,,EL_ASPD,">60,<=120",EL_ERPD,10,EL_ERPW,3,EL_ERPR,2:1,TYPE,WBVF,,,,,,,,,,,,,,,,,,,,,,,,,,,,,,,,,,,,,,,,,,,,,,,EL_PA101A,101103681,PDMPART,101103681,TM_MODEL,,BRAKE_MODEL,,,,,,,,,,,,,,,,,,,,,,,,,,,,,,,,,,,
325,,EL_ETM,GT35B,EL_ACAPA,,EL_ASPD,">60,<=120",EL_ERPD,10,EL_ERPW,3,EL_ERPR,2:1,TYPE,!WBVF,,,,,,,,,,,,,,,,,,,,,,,,,,,,,,,,,,,,,,,,,,,,,,,EL_PA101A,101103675,PDMPART,101103675,TM_MODEL,,BRAKE_MODEL,,,,,,,,,,,,,,,,,,,,,,,,,,,,,,,,,,,
326,,EL_ETM,GT35B,EL_ACAPA,,EL_ASPD,">60,<=120",EL_ERPD,10,EL_ERPW,4,EL_ERPR,2:1,TYPE,WBVF,,,,,,,,,,,,,,,,,,,,,,,,,,,,,,,,,,,,,,,,,,,,,,,EL_PA101A,101103685,PDMPART,101103685,TM_MODEL,,BRAKE_MODEL,,,,,,,,,,,,,,,,,,,,,,,,,,,,,,,,,,,
327,,EL_ETM,GT35B,EL_ACAPA,,EL_ASPD,">60,<=120",EL_ERPD,10,EL_ERPW,4,EL_ERPR,2:1,TYPE,!WBVF,,,,,,,,,,,,,,,,,,,,,,,,,,,,,,,,,,,,,,,,,,,,,,,EL_PA101A,101103676,PDMPART,101103676,TM_MODEL,,BRAKE_MODEL,,,,,,,,,,,,,,,,,,,,,,,,,,,,,,,,,,,
328,,EL_ETM,GT35B,EL_ACAPA,,EL_ASPD,">60,<=120",EL_ERPD,10,EL_ERPW,5,EL_ERPR,2:1,TYPE,WBVF,,,,,,,,,,,,,,,,,,,,,,,,,,,,,,,,,,,,,,,,,,,,,,,EL_PA101A,101103684,PDMPART,101103684,TM_MODEL,,BRAKE_MODEL,,,,,,,,,,,,,,,,,,,,,,,,,,,,,,,,,,,
329,,EL_ETM,GT35B,EL_ACAPA,,EL_ASPD,">60,<=120",EL_ERPD,10,EL_ERPW,5,EL_ERPR,2:1,TYPE,!WBVF,,,,,,,,,,,,,,,,,,,,,,,,,,,,,,,,,,,,,,,,,,,,,,,EL_PA101A,101103677,PDMPART,101103677,TM_MODEL,,BRAKE_MODEL,,,,,,,,,,,,,,,,,,,,,,,,,,,,,,,,,,,
330,,EL_ETM,GT35B,EL_ACAPA,,EL_ASPD,">60,<=120",EL_ERPD,10,EL_ERPW,6,EL_ERPR,2:1,TYPE,WBVF,,,,,,,,,,,,,,,,,,,,,,,,,,,,,,,,,,,,,,,,,,,,,,,EL_PA101A,101103686,PDMPART,101103686,TM_MODEL,,BRAKE_MODEL,,,,,,,,,,,,,,,,,,,,,,,,,,,,,,,,,,,
331,,EL_ETM,GT35B,EL_ACAPA,,EL_ASPD,">60,<=120",EL_ERPD,10,EL_ERPW,6,EL_ERPR,2:1,TYPE,!WBVF,,,,,,,,,,,,,,,,,,,,,,,,,,,,,,,,,,,,,,,,,,,,,,,EL_PA101A,101103678,PDMPART,101103678,TM_MODEL,,BRAKE_MODEL,,,,,,,,,,,,,,,,,,,,,,,,,,,,,,,,,,,
332,,,,,,,,,,,,,,,,,,,,,,,,,,,,,,,,,,,,,,,,,,,,,,,,,,,,,,,,,,,,,,,,,,,,,,,,,,,,,,,,,,,,,,,,,,,,,,,,,,,,,,,
333,,EL_ETM,GT50B,EL_ACAPA,,EL_ASPD,">60,<=105",EL_ERPD,10,EL_ERPW,3,EL_ERPR,2:1,TYPE,WBVF,,,,,,,,,,,,,,,,,,,,,,,,,,,,,,,,,,,,,,,,,,,,,,,EL_PA101A,101104100,PDMPART,101104100,TM_MODEL,,BRAKE_MODEL,,,,,,,,,,,,,,,,,,,,,,,,,,,,,,,,,,,
334,,EL_ETM,GT50B,EL_ACAPA,,EL_ASPD,">60,<=105",EL_ERPD,10,EL_ERPW,3,EL_ERPR,2:1,TYPE,!WBVF,,,,,,,,,,,,,,,,,,,,,,,,,,,,,,,,,,,,,,,,,,,,,,,EL_PA101A,101103702,PDMPART,101103702,TM_MODEL,,BRAKE_MODEL,,,,,,,,,,,,,,,,,,,,,,,,,,,,,,,,,,,
335,,EL_ETM,GT50B,EL_ACAPA,,EL_ASPD,">60,<=105",EL_ERPD,10,EL_ERPW,4,EL_ERPR,2:1,TYPE,WBVF,,,,,,,,,,,,,,,,,,,,,,,,,,,,,,,,,,,,,,,,,,,,,,,EL_PA101A,10110300G010A,PDMPART,101104101,TM_MODEL,,BRAKE_MODEL,,,,,,,,,,,,,,,,,,,,,,,,,,,,,,,,,,,
336,,EL_ETM,GT50B,EL_ACAPA,,EL_ASPD,">60,<=105",EL_ERPD,10,EL_ERPW,4,EL_ERPR,2:1,TYPE,!WBVF,,,,,,,,,,,,,,,,,,,,,,,,,,,,,,,,,,,,,,,,,,,,,,,EL_PA101A,101103701,PDMPART,101103701,TM_MODEL,,BRAKE_MODEL,,,,,,,,,,,,,,,,,,,,,,,,,,,,,,,,,,,
337,,EL_ETM,GT50B,EL_ACAPA,,EL_ASPD,">60,<=105",EL_ERPD,10,EL_ERPW,5,EL_ERPR,2:1,TYPE,WBVF,,,,,,,,,,,,,,,,,,,,,,,,,,,,,,,,,,,,,,,,,,,,,,,EL_PA101A,10110300G020A,PDMPART,101104102,TM_MODEL,,BRAKE_MODEL,,,,,,,,,,,,,,,,,,,,,,,,,,,,,,,,,,,
338,,EL_ETM,GT50B,EL_ACAPA,,EL_ASPD,">60,<=105",EL_ERPD,10,EL_ERPW,5,EL_ERPR,2:1,TYPE,!WBVF,,,,,,,,,,,,,,,,,,,,,,,,,,,,,,,,,,,,,,,,,,,,,,,EL_PA101A,101103700,PDMPART,101103700,TM_MODEL,,BRAKE_MODEL,,,,,,,,,,,,,,,,,,,,,,,,,,,,,,,,,,,
339,,EL_ETM,GT50B,EL_ACAPA,,EL_ASPD,">60,<=105",EL_ERPD,10,EL_ERPW,6,EL_ERPR,2:1,TYPE,WBVF,,,,,,,,,,,,,,,,,,,,,,,,,,,,,,,,,,,,,,,,,,,,,,,EL_PA101A,101104103,PDMPART,101104103,TM_MODEL,,BRAKE_MODEL,,,,,,,,,,,,,,,,,,,,,,,,,,,,,,,,,,,
340,,EL_ETM,GT50B,EL_ACAPA,,EL_ASPD,">60,<=105",EL_ERPD,10,EL_ERPW,6,EL_ERPR,2:1,TYPE,!WBVF,,,,,,,,,,,,,,,,,,,,,,,,,,,,,,,,,,,,,,,,,,,,,,,EL_PA101A,101103699,PDMPART,101103699,TM_MODEL,,BRAKE_MODEL,,,,,,,,,,,,,,,,,,,,,,,,,,,,,,,,,,,
341,,,,,,,,,,,,,,,,,,,,,,,,,,,,,,,,,,,,,,,,,,,,,,,,,,,,,,,,,,,,,,,,,,,,,,,,,,,,,,,,,,,,,,,,,,,,,,,,,,,,,,,
342,,EL_ETM,GT70A,EL_ACAPA,,EL_ASPD,<=60,EL_ERPD,10,EL_ERPW,3,EL_ERPR,2:1,TYPE,WBVF,,,,,,,,,,,,,,,,,,,,,,,,,,,,,,,,,,,,,,,,,,,,,,,EL_PA101A,101104472,PDMPART,101104472,TM_MODEL,GT70,BRAKE_MODEL,DB350,,,,,,,,,,,,,,,,,,,,,,,,,,,,,,,,,,
343,,EL_ETM,GT70A,EL_ACAPA,,EL_ASPD,<=60,EL_ERPD,10,EL_ERPW,3,EL_ERPR,2:1,TYPE,!WBVF,,,,,,,,,,,,,,,,,,,,,,,,,,,,,,,,,,,,,,,,,,,,,,,EL_PA101A,101104457,PDMPART,101104457,TM_MODEL,GT70,BRAKE_MODEL,DB350,,,,,,,,,,,,,,,,,,,,,,,,,,,,,,,,,,
344,,EL_ETM,GT70A,EL_ACAPA,,EL_ASPD,<=60,EL_ERPD,10,EL_ERPW,4,EL_ERPR,2:1,TYPE,WBVF,,,,,,,,,,,,,,,,,,,,,,,,,,,,,,,,,,,,,,,,,,,,,,,EL_PA101A,101104473,PDMPART,101104473,TM_MODEL,GT70,BRAKE_MODEL,DB350,,,,,,,,,,,,,,,,,,,,,,,,,,,,,,,,,,
345,,EL_ETM,GT70A,EL_ACAPA,,EL_ASPD,<=60,EL_ERPD,10,EL_ERPW,4,EL_ERPR,2:1,TYPE,!WBVF,,,,,,,,,,,,,,,,,,,,,,,,,,,,,,,,,,,,,,,,,,,,,,,EL_PA101A,101104458,PDMPART,101104458,TM_MODEL,GT70,BRAKE_MODEL,DB350,,,,,,,,,,,,,,,,,,,,,,,,,,,,,,,,,,
346,,EL_ETM,GT70A,EL_ACAPA,,EL_ASPD,<=60,EL_ERPD,10,EL_ERPW,5,EL_ERPR,2:1,TYPE,WBVF,,,,,,,,,,,,,,,,,,,,,,,,,,,,,,,,,,,,,,,,,,,,,,,EL_PA101A,10110300G030A,PDMPART,101104474,TM_MODEL,GT70,BRAKE_MODEL,DB350,,,,,,,,,,,,,,,,,,,,,,,,,,,,,,,,,,
347,,EL_ETM,GT70A,EL_ACAPA,,EL_ASPD,<=60,EL_ERPD,10,EL_ERPW,5,EL_ERPR,2:1,TYPE,!WBVF,,,,,,,,,,,,,,,,,,,,,,,,,,,,,,,,,,,,,,,,,,,,,,,EL_PA101A,101104459,PDMPART,101104459,TM_MODEL,GT70,BRAKE_MODEL,DB350,,,,,,,,,,,,,,,,,,,,,,,,,,,,,,,,,,
348,,EL_ETM,GT70A,EL_ACAPA,,EL_ASPD,<=60,EL_ERPD,10,EL_ERPW,6,EL_ERPR,2:1,TYPE,WBVF,,,,,,,,,,,,,,,,,,,,,,,,,,,,,,,,,,,,,,,,,,,,,,,EL_PA101A,10110300G040A,PDMPART,101104475,TM_MODEL,GT70,BRAKE_MODEL,DB350,,,,,,,,,,,,,,,,,,,,,,,,,,,,,,,,,,
349,,EL_ETM,GT70A,EL_ACAPA,,EL_ASPD,<=60,EL_ERPD,10,EL_ERPW,6,EL_ERPR,2:1,TYPE,!WBVF,,,,,,,,,,,,,,,,,,,,,,,,,,,,,,,,,,,,,,,,,,,,,,,EL_PA101A,101104460,PDMPART,101104460,TM_MODEL,GT70,BRAKE_MODEL,DB350,,,,,,,,,,,,,,,,,,,,,,,,,,,,,,,,,,
350,,EL_ETM,GT70B,EL_ACAPA,,EL_ASPD,">60,<=120",EL_ERPD,10,EL_ERPW,3,EL_ERPR,2:1,TYPE,WBVF,,,,,,,,,,,,,,,,,,,,,,,,,,,,,,,,,,,,,,,,,,,,,,,EL_PA101A,101104466,PDMPART,101104466,TM_MODEL,GT70,BRAKE_MODEL,DB350,,,,,,,,,,,,,,,,,,,,,,,,,,,,,,,,,,
351,,EL_ETM,GT70B,EL_ACAPA,,EL_ASPD,">60,<=120",EL_ERPD,10,EL_ERPW,3,EL_ERPR,2:1,TYPE,!WBVF,,,,,,,,,,,,,,,,,,,,,,,,,,,,,,,,,,,,,,,,,,,,,,,EL_PA101A,101104461,PDMPART,101104461,TM_MODEL,GT70,BRAKE_MODEL,DB350,,,,,,,,,,,,,,,,,,,,,,,,,,,,,,,,,,
352,,EL_ETM,GT70B,EL_ACAPA,,EL_ASPD,">60,<=120",EL_ERPD,10,EL_ERPW,4,EL_ERPR,2:1,TYPE,WBVF,,,,,,,,,,,,,,,,,,,,,,,,,,,,,,,,,,,,,,,,,,,,,,,EL_PA101A,10110300G050A,PDMPART,101104465,TM_MODEL,GT70,BRAKE_MODEL,DB350,,,,,,,,,,,,,,,,,,,,,,,,,,,,,,,,,,
353,,EL_ETM,GT70B,EL_ACAPA,,EL_ASPD,">60,<=120",EL_ERPD,10,EL_ERPW,4,EL_ERPR,2:1,TYPE,!WBVF,,,,,,,,,,,,,,,,,,,,,,,,,,,,,,,,,,,,,,,,,,,,,,,EL_PA101A,101104462,PDMPART,101104462,TM_MODEL,GT70,BRAKE_MODEL,DB350,,,,,,,,,,,,,,,,,,,,,,,,,,,,,,,,,,
354,,EL_ETM,GT70B,EL_ACAPA,,EL_ASPD,">60,<=120",EL_ERPD,10,EL_ERPW,5,EL_ERPR,2:1,TYPE,WBVF,,,,,,,,,,,,,,,,,,,,,,,,,,,,,,,,,,,,,,,,,,,,,,,EL_PA101A,10110300G060A,PDMPART,101104468,TM_MODEL,GT70,BRAKE_MODEL,DB350,,,,,,,,,,,,,,,,,,,,,,,,,,,,,,,,,,
355,,EL_ETM,GT70B,EL_ACAPA,,EL_ASPD,">60,<=120",EL_ERPD,10,EL_ERPW,5,EL_ERPR,2:1,TYPE,!WBVF,,,,,,,,,,,,,,,,,,,,,,,,,,,,,,,,,,,,,,,,,,,,,,,EL_PA101A,101104463,PDMPART,101104463,TM_MODEL,GT70,BRAKE_MODEL,DB350,,,,,,,,,,,,,,,,,,,,,,,,,,,,,,,,,,
356,,EL_ETM,GT70B,EL_ACAPA,,EL_ASPD,">60,<=120",EL_ERPD,10,EL_ERPW,6,EL_ERPR,2:1,TYPE,WBVF,,,,,,,,,,,,,,,,,,,,,,,,,,,,,,,,,,,,,,,,,,,,,,,EL_PA101A,10110300G070A,PDMPART,101104467,TM_MODEL,GT70,BRAKE_MODEL,DB350,,,,,,,,,,,,,,,,,,,,,,,,,,,,,,,,,,
357,,EL_ETM,GT70B,EL_ACAPA,,EL_ASPD,">60,<=120",EL_ERPD,10,EL_ERPW,6,EL_ERPR,2:1,TYPE,!WBVF,,,,,,,,,,,,,,,,,,,,,,,,,,,,,,,,,,,,,,,,,,,,,,,EL_PA101A,101104464,PDMPART,101104464,TM_MODEL,GT70,BRAKE_MODEL,DB350,,,,,,,,,,,,,,,,,,,,,,,,,,,,,,,,,,
358,,EL_ETM,GT70C,EL_ACAPA,,EL_ASPD,150,EL_ERPD,10,EL_ERPW,3,EL_ERPR,2:1,TYPE,WBVF,,,,,,,,,,,,,,,,,,,,,,,,,,,,,,,,,,,,,,,,,,,,,,,EL_PA101A,101104476,PDMPART,101104476,TM_MODEL,GT70,BRAKE_MODEL,DB350,,,,,,,,,,,,,,,,,,,,,,,,,,,,,,,,,,
359,,EL_ETM,GT70C,EL_ACAPA,,EL_ASPD,150,EL_ERPD,10,EL_ERPW,4,EL_ERPR,2:1,TYPE,WBVF,,,,,,,,,,,,,,,,,,,,,,,,,,,,,,,,,,,,,,,,,,,,,,,EL_PA101A,10110300G120A,PDMPART,101104477,TM_MODEL,GT70,BRAKE_MODEL,DB350,,,,,,,,,,,,,,,,,,,,,,,,,,,,,,,,,,
360,,EL_ETM,GT70C,EL_ACAPA,,EL_ASPD,150,EL_ERPD,10,EL_ERPW,5,EL_ERPR,2:1,TYPE,WBVF,,,,,,,,,,,,,,,,,,,,,,,,,,,,,,,,,,,,,,,,,,,,,,,EL_PA101A,10110300G080A,PDMPART,101104478,TM_MODEL,GT70,BRAKE_MODEL,DB350,,,,,,,,,,,,,,,,,,,,,,,,,,,,,,,,,,
361,,EL_ETM,GT70C,EL_ACAPA,,EL_ASPD,150,EL_ERPD,10,EL_ERPW,6,EL_ERPR,2:1,TYPE,WBVF,,,,,,,,,,,,,,,,,,,,,,,,,,,,,,,,,,,,,,,,,,,,,,,EL_PA101A,10110300G090A,PDMPART,101104479,TM_MODEL,GT70,BRAKE_MODEL,DB350,,,,,,,,,,,,,,,,,,,,,,,,,,,,,,,,,,
362,,EL_ETM,GT70C,EL_ACAPA,,EL_ASPD,150,EL_ERPD,8,EL_ERPW,4,EL_ERPR,2:1,TYPE,WBVF,,,,,,,,,,,,,,,,,,,,,,,,,,,,,,,,,,,,,,,,,,,,,,,EL_PA101A,101104480,PDMPART,101104480,TM_MODEL,GT70,BRAKE_MODEL,DB350,,,,,,,,,,,,,,,,,,,,,,,,,,,,,,,,,,
363,,EL_ETM,GT70C,EL_ACAPA,,EL_ASPD,150,EL_ERPD,8,EL_ERPW,4,EL_ERPR,2:1,TYPE,!WBVF,,,,,,,,,,,,,,,,,,,,,,,,,,,,,,,,,,,,,,,,,,,,,,,EL_PA101A,101104470,PDMPART,101104470,TM_MODEL,GT70,BRAKE_MODEL,DB350,,,,,,,,,,,,,,,,,,,,,,,,,,,,,,,,,,
364,,EL_ETM,GT70C,EL_ACAPA,,EL_ASPD,150,EL_ERPD,8,EL_ERPW,",5,6",EL_ERPR,2:1,TYPE,WBVF,,,,,,,,,,,,,,,,,,,,,,,,,,,,,,,,,,,,,,,,,,,,,,,EL_PA101A,101104481,PDMPART,101104481,TM_MODEL,GT70,BRAKE_MODEL,DB350,,,,,,,,,,,,,,,,,,,,,,,,,,,,,,,,,,
365,,EL_ETM,GT70C,EL_ACAPA,,EL_ASPD,150,EL_ERPD,8,EL_ERPW,",5,6",EL_ERPR,2:1,TYPE,!WBVF,,,,,,,,,,,,,,,,,,,,,,,,,,,,,,,,,,,,,,,,,,,,,,,EL_PA101A,101104471,PDMPART,101104471,TM_MODEL,GT70,BRAKE_MODEL,DB350,,,,,,,,,,,,,,,,,,,,,,,,,,,,,,,,,,
366,,EL_ETM,GT70D,EL_ACAPA,,EL_ASPD,<=120,EL_ERPD,10,EL_ERPW,5,EL_ERPR,2:1,TYPE,WBVF,,,,,,,,,,,,,,,,,,,,,,,,,,,,,,,,,,,,,,,,,,,,,,,EL_PA101A,10110300G110A,PDMPART,101104773,TM_MODEL,GT70,BRAKE_MODEL,DB350,,,,,,,,,,,,,,,,,,,,,,,,,,,,,,,,,,
367,,EL_ETM,GT70D,EL_ACAPA,,EL_ASPD,<=120,EL_ERPD,10,EL_ERPW,6,EL_ERPR,2:1,TYPE,WBVF,,,,,,,,,,,,,,,,,,,,,,,,,,,,,,,,,,,,,,,,,,,,,,,EL_PA101A,10110300G100A,PDMPART,101104774,TM_MODEL,GT70,BRAKE_MODEL,DB350,,,,,,,,,,,,,,,,,,,,,,,,,,,,,,,,,,
368,,,,,,,,,,,,,,,,,,,,,,,,,,,,,,,,,,,,,,,,,,,,,,,,,,,,,,,,,,,,,,,,,,,,,,,,,,,,,,,,,,,,,,,,,,,,,,,,,,,,,,,
369,,EL_ETM,GT71A,EL_ACAPA,<=1600,EL_ASPD,<=60,EL_ERPD,10,EL_ERPW,3,EL_ERPR,2:1,TYPE,WBVF,,,,,,,,,,,,,,,,,,,,,,,,,,,,,,,,,,,,,,,,,,,,,,,EL_PA101A,10110297G010A,PDMPART,101104114,TM_MODEL,GT71,BRAKE_MODEL,DB450,,,,,,,,,,,,,,,,,,,,,,,,,,,,,,,,,,
370,,EL_ETM,GT71A,EL_ACAPA,<=1600,EL_ASPD,<=60,EL_ERPD,10,EL_ERPW,4,EL_ERPR,2:1,TYPE,WBVF,,,,,,,,,,,,,,,,,,,,,,,,,,,,,,,,,,,,,,,,,,,,,,,EL_PA101A,10110297G050A,PDMPART,101104115,TM_MODEL,GT71,BRAKE_MODEL,DB450,,,,,,,,,,,,,,,,,,,,,,,,,,,,,,,,,,
371,,EL_ETM,GT71A,EL_ACAPA,<=1600,EL_ASPD,<=60,EL_ERPD,10,EL_ERPW,5,EL_ERPR,2:1,TYPE,WBVF,,,,,,,,,,,,,,,,,,,,,,,,,,,,,,,,,,,,,,,,,,,,,,,EL_PA101A,10110297G090A,PDMPART,101104116,TM_MODEL,GT71,BRAKE_MODEL,DB450,,,,,,,,,,,,,,,,,,,,,,,,,,,,,,,,,,
372,,EL_ETM,GT71A,EL_ACAPA,<=1600,EL_ASPD,<=60,EL_ERPD,10,EL_ERPW,6,EL_ERPR,2:1,TYPE,WBVF,,,,,,,,,,,,,,,,,,,,,,,,,,,,,,,,,,,,,,,,,,,,,,,EL_PA101A,10110297G130A,PDMPART,101104117,TM_MODEL,GT71,BRAKE_MODEL,DB450,,,,,,,,,,,,,,,,,,,,,,,,,,,,,,,,,,
373,,EL_ETM,GT71B,EL_ACAPA,<=1600,EL_ASPD,">60,<=105",EL_ERPD,10,EL_ERPW,3,EL_ERPR,2:1,TYPE,WBVF,,,,,,,,,,,,,,,,,,,,,,,,,,,,,,,,,,,,,,,,,,,,,,,EL_PA101A,10110297G020A,PDMPART,101104118,TM_MODEL,GT71,BRAKE_MODEL,DB450,,,,,,,,,,,,,,,,,,,,,,,,,,,,,,,,,,
374,,EL_ETM,GT71B,EL_ACAPA,<=1600,EL_ASPD,">60,<=105",EL_ERPD,10,EL_ERPW,4,EL_ERPR,2:1,TYPE,WBVF,,,,,,,,,,,,,,,,,,,,,,,,,,,,,,,,,,,,,,,,,,,,,,,EL_PA101A,10110297G060A,PDMPART,101104119,TM_MODEL,GT71,BRAKE_MODEL,DB450,,,,,,,,,,,,,,,,,,,,,,,,,,,,,,,,,,
375,,EL_ETM,GT71B,EL_ACAPA,<=1600,EL_ASPD,">60,<=105",EL_ERPD,10,EL_ERPW,5,EL_ERPR,2:1,TYPE,WBVF,,,,,,,,,,,,,,,,,,,,,,,,,,,,,,,,,,,,,,,,,,,,,,,EL_PA101A,10110297G100A,PDMPART,101104120,TM_MODEL,GT71,BRAKE_MODEL,DB450,,,,,,,,,,,,,,,,,,,,,,,,,,,,,,,,,,
376,,EL_ETM,GT71B,EL_ACAPA,<=1600,EL_ASPD,">60,<=105",EL_ERPD,10,EL_ERPW,6,EL_ERPR,2:1,TYPE,WBVF,,,,,,,,,,,,,,,,,,,,,,,,,,,,,,,,,,,,,,,,,,,,,,,EL_PA101A,10110297G140A,PDMPART,101104121,TM_MODEL,GT71,BRAKE_MODEL,DB450,,,,,,,,,,,,,,,,,,,,,,,,,,,,,,,,,,
377,,,,,,,,,,,,,,,,,,,,,,,,,,,,,,,,,,,,,,,,,,,,,,,,,,,,,,,,,,,,,,,,,,,,,,,,,,,,,,,,,,,,,,,,,,,,,,,,,,,,,,,
378,,EL_ETM,GT351A,EL_ACAPA,<=2000,EL_ASPD,<=360,EL_ERPD,,EL_ERPW,,EL_ERPR,1:1,EL_ETMINV,",60,75",,,,,,,,,,,,,,,,,,,,,,,,,,,,,,,,,,,,,,,,,,,,,,,EL_PA101A,10100369G0400,,,TM_MODEL,GT351,BRAKE_MODEL,EC-4030SM,,,,,,,,,,,,,,,,,,,,,,,,,,,,,,,,,,"SIN COS ENCODER TYPE (변경시 전기 CP에 필히 통보 요망), SUVF_N, INV : HIVD3100N"
379,,EL_ETM,GT351A,EL_ACAPA,<=2000,EL_ASPD,<=360,EL_ERPD,,EL_ERPW,,EL_ERPR,1:1,EL_ETMINV,",50,135",,,,,,,,,,,,,,,,,,,,,,,,,,,,,,,,,,,,,,,,,,,,,,,EL_PA101A,10100369G010A,,,TM_MODEL,GT351,BRAKE_MODEL,EC-4030SM,,,,,,,,,,,,,,,,,,,,,,,,,,,,,,,,,,"INCREMENTAL ENCODER TYPE (변경시 전기 CP에 필히 통보 요망), SUVF, INV : HIVD3100, HIVD3000"
380,,EL_ETM,GT351A,EL_ACAPA,<=4000,EL_ASPD,<=180,EL_ERPD,,EL_ERPW,,EL_ERPR,2:1,EL_ETMINV,",60,75",,,,,,,,,,,,,,,,,,,,,,,,,,,,,,,,,,,,,,,,,,,,,,,EL_PA101A,10100369G0400,,,TM_MODEL,GT351,BRAKE_MODEL,EC-4030SM,,,,,,,,,,,,,,,,,,,,,,,,,,,,,,,,,,"SIN COS ENCODER TYPE (변경시 전기 CP에 필히 통보 요망), SUVF_N, INV : HIVD3100N"
381,,EL_ETM,GT351A,EL_ACAPA,<=4000,EL_ASPD,<=180,EL_ERPD,,EL_ERPW,,EL_ERPR,2:1,EL_ETMINV,",50,135",,,,,,,,,,,,,,,,,,,,,,,,,,,,,,,,,,,,,,,,,,,,,,,EL_PA101A,10100369G010A,,,TM_MODEL,GT351,BRAKE_MODEL,EC-4030SM,,,,,,,,,,,,,,,,,,,,,,,,,,,,,,,,,,"INCREMENTAL ENCODER TYPE (변경시 전기 CP에 필히 통보 요망), SUVF, INV : HIVD3100, HIVD3000"
382,,EL_ETM,GT351B,EL_ACAPA,<=2000,EL_ASPD,420,EL_ERPD,,EL_ERPW,,EL_ERPR,1:1,EL_ETMINV,",60,75",,,,,,,,,,,,,,,,,,,,,,,,,,,,,,,,,,,,,,,,,,,,,,,EL_PA101A,10100369G0500,,,TM_MODEL,GT351,BRAKE_MODEL,EC-4030SM,,,,,,,,,,,,,,,,,,,,,,,,,,,,,,,,,,"SIN COS ENCODER TYPE (변경시 전기 CP에 필히 통보 요망), SUVF_N, INV : HIVD3100N"
383,,EL_ETM,GT351B,EL_ACAPA,<=2000,EL_ASPD,420,EL_ERPD,,EL_ERPW,,EL_ERPR,1:1,EL_ETMINV,",50,135",,,,,,,,,,,,,,,,,,,,,,,,,,,,,,,,,,,,,,,,,,,,,,,EL_PA101A,10100369G020A,,,TM_MODEL,GT351,BRAKE_MODEL,EC-4030SM,,,,,,,,,,,,,,,,,,,,,,,,,,,,,,,,,,"INCREMENTAL ENCODER TYPE (변경시 전기 CP에 필히 통보 요망), SUVF, INV : HIVD3100, HIVD3000"
384,,EL_ETM,GT351B,EL_ACAPA,<=4000,EL_ASPD,210,EL_ERPD,,EL_ERPW,,EL_ERPR,2:1,EL_ETMINV,",60,75",,,,,,,,,,,,,,,,,,,,,,,,,,,,,,,,,,,,,,,,,,,,,,,EL_PA101A,10100369G0500,,,TM_MODEL,GT351,BRAKE_MODEL,EC-4030SM,,,,,,,,,,,,,,,,,,,,,,,,,,,,,,,,,,"SIN COS ENCODER TYPE (변경시 전기 CP에 필히 통보 요망), SUVF_N, INV : HIVD3100N"
385,,EL_ETM,GT351B,EL_ACAPA,<=4000,EL_ASPD,210,EL_ERPD,,EL_ERPW,,EL_ERPR,2:1,EL_ETMINV,",50,135",,,,,,,,,,,,,,,,,,,,,,,,,,,,,,,,,,,,,,,,,,,,,,,EL_PA101A,10100369G020A,,,TM_MODEL,GT351,BRAKE_MODEL,EC-4030SM,,,,,,,,,,,,,,,,,,,,,,,,,,,,,,,,,,"INCREMENTAL ENCODER TYPE (변경시 전기 CP에 필히 통보 요망), SUVF, INV : HIVD3100, HIVD3000"
386,,,,,,,,,,,,,,,,,,,,,,,,,,,,,,,,,,,,,,,,,,,,,,,,,,,,,,,,,,,,,,,,,,,,,,,,,,,,,,,,,,,,,,,,,,,,,,,,,,,,,,,
387,,EL_ETM,GT500A,EL_ACAPA,<=1800,EL_ASPD,<=300,EL_ERPD,,EL_ERPW,,EL_ERPR,1:1,,,,,,,,,,,,,,,,,,,,,,,,,,,,,,,,,,,,,,,,,,,,,,,,,EL_PA101A,10100029G0100,,,TM_MODEL,GT500,BRAKE_MODEL,EC-4030SM,,,,,,,,,,,,,,,,,,,,,,,,,,,,,,,,,,
388,,EL_ETM,GT500B,EL_ACAPA,">1600,<=1800",EL_ASPD,">=360,<=480",EL_ERPD,,EL_ERPW,,EL_ERPR,1:1,,,,,,,,,,,,,,,,,,,,,,,,,,,,,,,,,,,,,,,,,,,,,,,,,EL_PA101A,10100029G0200,,,TM_MODEL,GT500,BRAKE_MODEL,EC-4030SM,,,,,,,,,,,,,,,,,,,,,,,,,,,,,,,,,,
389,,EL_ETM,GT500BR1,EL_ACAPA,<=1600,EL_ASPD,<=480,EL_ERPD,,EL_ERPW,,EL_ERPR,1:1,,,,,,,,,,,,,,,,,,,,,,,,,,,,,,,,,,,,,,,,,,,,,,,,,EL_PA101A,10100029G0400,,,TM_MODEL,GT500,BRAKE_MODEL,EC-4030SM,,,,,,,,,,,,,,,,,,,,,,,,,,,,,,,,,,
390,,EL_ETM,GT500C,EL_ACAPA,<=1600,EL_ASPD,">=540,<=600",EL_ERPD,,EL_ERPW,,EL_ERPR,1:1,,,,,,,,,,,,,,,,,,,,,,,,,,,,,,,,,,,,,,,,,,,,,,,,,EL_PA101A,10100029G0300,,,TM_MODEL,GT500,BRAKE_MODEL,EC-4030SM,,,,,,,,,,,,,,,,,,,,,,,,,,,,,,,,,,
391,,,,,,,,,,,,,,,,,,,,,,,,,,,,,,,,,,,,,,,,,,,,,,,,,,,,,,,,,,,,,,,,,,,,,,,,,,,,,,,,,,,,,,,,,,,,,,,,,,,,,,,
392,,EL_ETM,GT501A,EL_ACAPA,<=2000,EL_ASPD,<=360,EL_ERPD,,EL_ERPW,,EL_ERPR,1:1,,,,,,,,,,,,,,,,,,,,,,,,,,,,,,,,,,,,,,,,,,,,,,,,,EL_PA101A,10100371G0100,,,TM_MODEL,GT501,BRAKE_MODEL,EC-4030SM,,,,,,,,,,,,,,,,,,,,,,,,,,,,,,,,,,
393,,EL_ETM,GT501B,EL_ACAPA,<=2000,EL_ASPD,">360,<=480",EL_ERPD,,EL_ERPW,,EL_ERPR,1:1,,,,,,,,,,,,,,,,,,,,,,,,,,,,,,,,,,,,,,,,,,,,,,,,,EL_PA101A,10100371G0200,,,TM_MODEL,GT501,BRAKE_MODEL,EC-4030SM,,,,,,,,,,,,,,,,,,,,,,,,,,,,,,,,,,
394,,EL_ETM,GT501C,EL_ACAPA,<=2000,EL_ASPD,">480,<=600",EL_ERPD,,EL_ERPW,,EL_ERPR,1:1,,,,,,,,,,,,,,,,,,,,,,,,,,,,,,,,,,,,,,,,,,,,,,,,,EL_PA101A,10100371G0300,,,TM_MODEL,GT501,BRAKE_MODEL,EC-4030SM,,,,,,,,,,,,,,,,,,,,,,,,,,,,,,,,,,
395,,,,,,,,,,,,,,,,,,,,,,,,,,,,,,,,,,,,,,,,,,,,,,,,,,,,,,,,,,,,,,,,,,,,,,,,,,,,,,,,,,,,,,,,,,,,,,,,,,,,,,,
396,,EL_ETM,GX100A,EL_ACAPA,<=1600,EL_ASPD,<=150,EL_ERPD,10,EL_ERPW,<=7,EL_ERPR,2:1,,,EL_ATYP,?WBLX?,,,,,,,,,,,,,,,,,,,,,,,,,,,,,,,,,,,,,,,,,,,,,EL_PA101A,10110445G010A,PDMPART,101104173,TM_MODEL,GX100,BRAKE_MODEL,BFK464-28R.2,,,,,,,,,,,,,,,,,,,,,,,,,,,,,,,,,,
397,,EL_ETM,GX100B,EL_ACAPA,<=1150,EL_ASPD,">150,<=180",EL_ERPD,10,EL_ERPW,<=7,EL_ERPR,2:1,,,EL_ATYP,?WBLX?,,,,,,,,,,,,,,,,,,,,,,,,,,,,,,,,,,,,,,,,,,,,,EL_PA101A,10110445G020A,PDMPART,101104175,TM_MODEL,GX100,BRAKE_MODEL,BFK464-28R.2,,,,,,,,,,,,,,,,,,,,,,,,,,,,,,,,,,
398,,EL_ETM,GX100C,EL_ACAPA,<=1200,EL_ASPD,<=60,EL_ERPD,8,EL_ERPW,<=9,EL_ERPR,1:1,,,EL_ATYP,?WBLX?,,,,,,,,,,,,,,,,,,,,,,,,,,,,,,,,,,,,,,,,,,,,,EL_PA101A,10110445G030A,PDMPART,101104177,TM_MODEL,GX100,BRAKE_MODEL,BFK464-28R.2,,,,,,,,,,,,,,,,,,,,,,,,,,,,,,,,,,
399,,EL_ETM,GX100D,EL_ACAPA,<=1200,EL_ASPD,">60,<=105",EL_ERPD,8,EL_ERPW,<=9,EL_ERPR,1:1,,,EL_ATYP,?WBLX?,,,,,,,,,,,,,,,,,,,,,,,,,,,,,,,,,,,,,,,,,,,,,EL_PA101A,10110445G040A,PDMPART,101104179,TM_MODEL,GX100,BRAKE_MODEL,BFK464-28R.2,,,,,,,,,,,,,,,,,,,,,,,,,,,,,,,,,,
400,,EL_ETM,GX100E,EL_ACAPA,<=1200,EL_ASPD,120,EL_ERPD,8,EL_ERPW,<=9,EL_ERPR,1:1,,,EL_ATYP,?WBLX?,,,,,,,,,,,,,,,,,,,,,,,,,,,,,,,,,,,,,,,,,,,,,EL_PA101A,10110445G050A,PDMPART,101104181,TM_MODEL,GX100,BRAKE_MODEL,BFK464-28R.2,,,,,,,,,,,,,,,,,,,,,,,,,,,,,,,,,,
401,,,,,,,,,,,,,,,,,,,,,,,,,,,,,,,,,,,,,,,,,,,,,,,,,,,,,,,,,,,,,,,,,,,,,,,,,,,,,,,,,,,,,,,,,,,,,,,,,,,,,,,
402,,EL_ETM,GX100A,EL_ACAPA,<=1600,EL_ASPD,<=150,EL_ERPD,10,EL_ERPW,<=7,EL_ERPR,2:1,,,EL_ATYP,?WBHS?,,,,,,,,,,,,,,,,,,,,,,,,,,,,,,,,,,,,,,,,,,,,,EL_PA101A,101104174,PDMPART,101104174,TM_MODEL,GX100,BRAKE_MODEL,BFK464-28R.2,,,,,,,,,,,,,,,,,,,,,,,,,,,,,,,,,,
403,,EL_ETM,GX100B,EL_ACAPA,<=1150,EL_ASPD,">150,<=180",EL_ERPD,10,EL_ERPW,<=7,EL_ERPR,2:1,,,EL_ATYP,?WBHS?,,,,,,,,,,,,,,,,,,,,,,,,,,,,,,,,,,,,,,,,,,,,,EL_PA101A,101104176,PDMPART,101104176,TM_MODEL,GX100,BRAKE_MODEL,BFK464-28R.2,,,,,,,,,,,,,,,,,,,,,,,,,,,,,,,,,,
404,,EL_ETM,GX100C,EL_ACAPA,<=1200,EL_ASPD,<=60,EL_ERPD,8,EL_ERPW,<=9,EL_ERPR,1:1,,,EL_ATYP,?WBHS?,,,,,,,,,,,,,,,,,,,,,,,,,,,,,,,,,,,,,,,,,,,,,EL_PA101A,101104178,PDMPART,101104178,TM_MODEL,GX100,BRAKE_MODEL,BFK464-28R.2,,,,,,,,,,,,,,,,,,,,,,,,,,,,,,,,,,
405,,EL_ETM,GX100D,EL_ACAPA,<=1200,EL_ASPD,">60,<=105",EL_ERPD,8,EL_ERPW,<=9,EL_ERPR,1:1,,,EL_ATYP,?WBHS?,,,,,,,,,,,,,,,,,,,,,,,,,,,,,,,,,,,,,,,,,,,,,EL_PA101A,101104180,PDMPART,101104180,TM_MODEL,GX100,BRAKE_MODEL,BFK464-28R.2,,,,,,,,,,,,,,,,,,,,,,,,,,,,,,,,,,
406,,EL_ETM,GX100E,EL_ACAPA,<=1200,EL_ASPD,120,EL_ERPD,8,EL_ERPW,<=9,EL_ERPR,1:1,,,EL_ATYP,?WBHS?,,,,,,,,,,,,,,,,,,,,,,,,,,,,,,,,,,,,,,,,,,,,,EL_PA101A,101104182,PDMPART,101104182,TM_MODEL,GX100,BRAKE_MODEL,BFK464-28R.2,,,,,,,,,,,,,,,,,,,,,,,,,,,,,,,,,,
407,,,,,,,,,,,,,,,,,,,,,,,,,,,,,,,,,,,,,,,,,,,,,,,,,,,,,,,,,,,,,,,,,,,,,,,,,,,,,,,,,,,,,,,,,,,,,,,,,,,,,,,
408,,EL_ETM,GX100A,EL_ACAPA,<=1600,EL_ASPD,<=150,EL_ERPD,10,EL_ERPW,<=7,EL_ERPR,2:1,,,EL_ATYP,GTLX_R,,,,,,,,,,,,,,,,,,,,,,,,,,,,,,,,,,,,,,,,,,,,,EL_PA101A,10110496G010A,PDMPART,,TM_MODEL,GX100,BRAKE_MODEL,BFK464-28R.2,,,,,,,,,,,,,,,,,,,,,,,,,,,,,,,,,,
409,,EL_ETM,GX100B,EL_ACAPA,<=1150,EL_ASPD,">150,<=180",EL_ERPD,10,EL_ERPW,<=7,EL_ERPR,2:1,,,EL_ATYP,GTLX_R,,,,,,,,,,,,,,,,,,,,,,,,,,,,,,,,,,,,,,,,,,,,,EL_PA101A,10110496G020A,PDMPART,,TM_MODEL,GX100,BRAKE_MODEL,BFK464-28R.2,,,,,,,,,,,,,,,,,,,,,,,,,,,,,,,,,,
410,,EL_ETM,GX100C,EL_ACAPA,<=1200,EL_ASPD,<=60,EL_ERPD,8,EL_ERPW,<=9,EL_ERPR,1:1,,,EL_ATYP,GTLX_R,,,,,,,,,,,,,,,,,,,,,,,,,,,,,,,,,,,,,,,,,,,,,EL_PA101A,10110496G030A,PDMPART,,TM_MODEL,GX100,BRAKE_MODEL,BFK464-28R.2,,,,,,,,,,,,,,,,,,,,,,,,,,,,,,,,,,
411,,EL_ETM,GX100D,EL_ACAPA,<=1200,EL_ASPD,">60,<=105",EL_ERPD,8,EL_ERPW,<=9,EL_ERPR,1:1,,,EL_ATYP,GTLX_R,,,,,,,,,,,,,,,,,,,,,,,,,,,,,,,,,,,,,,,,,,,,,EL_PA101A,10110496G040A,PDMPART,,TM_MODEL,GX100,BRAKE_MODEL,BFK464-28R.2,,,,,,,,,,,,,,,,,,,,,,,,,,,,,,,,,,
412,,EL_ETM,GX100E,EL_ACAPA,<=1200,EL_ASPD,120,EL_ERPD,8,EL_ERPW,<=9,EL_ERPR,1:1,,,EL_ATYP,GTLX_R,,,,,,,,,,,,,,,,,,,,,,,,,,,,,,,,,,,,,,,,,,,,,EL_PA101A,10110496G050A,PDMPART,,TM_MODEL,GX100,BRAKE_MODEL,BFK464-28R.2,,,,,,,,,,,,,,,,,,,,,,,,,,,,,,,,,,
413,,EL_ETM,GX100F,EL_ACAPA,<=1800,EL_ASPD,120,EL_ERPD,10,EL_ERPW,<=7,EL_ERPR,2:1,,,EL_ATYP,GTLX_R,,,,,,,,,,,,,,,,,,,,,,,,,,,,,,,,,,,,,,,,,,,,,EL_PA101A,10110496G060A,PDMPART,,TM_MODEL,GX100,BRAKE_MODEL,BFK464-28R.2,,,,,,,,,,,,,,,,,,,,,,,,,,,,,,,,,,
414,,EL_ETM,GX100G,EL_ACAPA,<=1800,EL_ASPD,<=105,EL_ERPD,10,EL_ERPW,<=7,EL_ERPR,2:1,,,EL_ATYP,GTLX_R,,,,,,,,,,,,,,,,,,,,,,,,,,,,,,,,,,,,,,,,,,,,,EL_PA101A,10110496G070A,PDMPART,,TM_MODEL,GX100,BRAKE_MODEL,BFK464-28R.2,,,,,,,,,,,,,,,,,,,,,,,,,,,,,,,,,,
415,,,,,,,,,,,,,,,,,,,,,,,,,,,,,,,,,,,,,,,,,,,,,,,,,,,,,,,,,,,,,,,,,,,,,,,,,,,,,,,,,,,,,,,,,,,,,,,,,,,,,,,
416,,EL_ETM,GX130A,EL_ACAPA,<=1600,EL_ASPD,<=180,EL_ERPD,10,EL_ERPW,<=7,EL_ERPR,2:1,TYPE,,,,,,,,,,,,,,,,,,,,,,,,,,,,,,,,,,,,,,,,,,,,,,,,EL_PA101A,10101310G010A,PDMPART,10101310G0100,TM_MODEL,GX130,BRAKE_MODEL,EC-5415SM,,,,,,,,,,,,,,,,,,,,,,,,,,,,,,,,,,
417,,EL_ETM,GX130A,EL_ACAPA,<=1600,EL_ASPD,<=180,EL_ERPD,12,EL_ERPW,<=7,EL_ERPR,2:1,TYPE,,,,,,,,,,,,,,,,,,,,,,,,,,,,,,,,,,,,,,,,,,,,,,,,EL_PA101A,10101310G020A,PDMPART,101104159,TM_MODEL,GX130,BRAKE_MODEL,EC-5415SM,,,,,,,,,,,,,,,,,,,,,,,,,,,,,,,,,,
418,,EL_ETM,GX130B,EL_ACAPA,<=1600,EL_ASPD,<=240,EL_ERPD,10,EL_ERPW,<=7,EL_ERPR,2:1,TYPE,,,,,,,,,,,,,,,,,,,,,,,,,,,,,,,,,,,,,,,,,,,,,,,,EL_PA101A,10101310G030A,PDMPART,101104160,TM_MODEL,GX130,BRAKE_MODEL,EC-5415SM,,,,,,,,,,,,,,,,,,,,,,,,,,,,,,,,,,
419,,EL_ETM,GX130B,EL_ACAPA,<=1600,EL_ASPD,<=240,EL_ERPD,12,EL_ERPW,<=7,EL_ERPR,2:1,TYPE,,,,,,,,,,,,,,,,,,,,,,,,,,,,,,,,,,,,,,,,,,,,,,,,EL_PA101A,10101310G040A,PDMPART,101104161,TM_MODEL,GX130,BRAKE_MODEL,EC-5415SM,,,,,,,,,,,,,,,,,,,,,,,,,,,,,,,,,,
420,,,,,,,,,,,,,,,,,,,,,,,,,,,,,,,,,,,,,,,,,,,,,,,,,,,,,,,,,,,,,,,,,,,,,,,,,,,,,,,,,,,,,,,,,,,,,,,,,,,,,,,
421,#,EL_ETM,GX160A,EL_ACAPA,,EL_ASPD,",150,180",EL_ERPD,12,EL_ERPW,",4,5,6,7",EL_ERPR,2:1,TYPE,,,,,,,,,,,,,,,,,,,,,,,,,,,,,,,,,,,,,,,,,,,,,,,,EL_PA101A,101103597,PDMPART,101103597,TM_MODEL,GX160,BRAKE_MODEL,EC-5415SM,,,,,,,,,,,,,,,,,,,,,,,,,,,,,,,,,,
422,#,EL_ETM,GX160A,EL_ACAPA,<=1600,EL_ASPD,<=180,EL_ERPD,12,EL_ERPW,<=7,EL_ERPR,2:1,TYPE,,,,,,,,,,,,,,,,,,,,,,,,,,,,,,,,,,,,,,,,,,,,,,,,EL_PA101A,101103593,PDMPART,101103593,TM_MODEL,GX160,BRAKE_MODEL,EC-5415SM,,,,,,,,,,,,,,,,,,,,,,,,,,,,,,,,,,
423,#,EL_ETM,GX160B,EL_ACAPA,,EL_ASPD,",210,240",EL_ERPD,12,EL_ERPW,",4,5,6,7",EL_ERPR,2:1,TYPE,,,,,,,,,,,,,,,,,,,,,,,,,,,,,,,,,,,,,,,,,,,,,,,,EL_PA101A,101103598,PDMPART,101103598,TM_MODEL,GX160,BRAKE_MODEL,EC-5415SM,,,,,,,,,,,,,,,,,,,,,,,,,,,,,,,,,,
424,#,EL_ETM,GX160B,EL_ACAPA,<=1600,EL_ASPD,",210,240",EL_ERPD,12,EL_ERPW,<=7,EL_ERPR,2:1,TYPE,,,,,,,,,,,,,,,,,,,,,,,,,,,,,,,,,,,,,,,,,,,,,,,,EL_PA101A,101103594,PDMPART,101103594,TM_MODEL,GX160,BRAKE_MODEL,EC-5415SM,,,,,,,,,,,,,,,,,,,,,,,,,,,,,,,,,,
425,,EL_ETM,GX160C,EL_ACAPA,<=2000,EL_ASPD,<=60,EL_ERPD,12,EL_ERPW,<=7,EL_ERPR,2:1,TYPE,,EL_ATYP,?WBLX?,,,,,,,,,,,,,,,,,,,,,,,,,,,,,,,,,,,,,,,,,,,,,EL_PA101A,10100751G010A,PDMPART,101104162,TM_MODEL,GX160,BRAKE_MODEL,EC-5415SM,,,,,,,,,,,,,,,,,,,,,,,,,,,,,,,,,,
426,,EL_ETM,GX160D,EL_ACAPA,<=2000,EL_ASPD,">=90,<=120",EL_ERPD,12,EL_ERPW,<=7,EL_ERPR,2:1,TYPE,,EL_ATYP,?WBLX?,,,,,,,,,,,,,,,,,,,,,,,,,,,,,,,,,,,,,,,,,,,,,EL_PA101A,10100751G020A,PDMPART,101104163,TM_MODEL,GX160,BRAKE_MODEL,EC-5415SM,,,,,,,,,,,,,,,,,,,,,,,,,,,,,,,,,,
427,,EL_ETM,GX160E,EL_ACAPA,<=2000,EL_ASPD,">=150,<=240",EL_ERPD,12,EL_ERPW,<=7,EL_ERPR,2:1,TYPE,,EL_ATYP,?WBHS?,,,,,,,,,,,,,,,,,,,,,,,,,,,,,,,,,,,,,,,,,,,,,EL_PA101A,10100751G030A,PDMPART,101104739,TM_MODEL,GX160,BRAKE_MODEL,EC-5415SM,,,,,,,,,,,,,,,,,,,,,,,,,,,,,,,,,,
428,,EL_ETM,GX160F,EL_ACAPA,">=1150,<=1800",EL_ASPD,300,EL_ERPD,12,EL_ERPW,<=7,EL_ERPR,2:1,TYPE,,EL_ATYP,?WBHS?,,,,,,,,,,,,,,,,,,,,,,,,,,,,,,,,,,,,,,,,,,,,,EL_PA101A,10100751G0400,PDMPART,,TM_MODEL,GX160,BRAKE_MODEL,EC-5415SM,,,,,,,,,,,,,,,,,,,,,,,,,,,,,,,,,,"V300mpm, WBHS2 기종 변경 적용(고속기종 저피트, 작업요청 : 03330)"
429,,,,,,,,,,,,,,,,,,,,,,,,,,,,,,,,,,,,,,,,,,,,,,,,,,,,,,,,,,,,,,,,,,,,,,,,,,,,,,,,,,,,,,,,,,,,,,,,,,,,,,,
430,,EL_ETM,GX30A,EL_ACAPA,,EL_ASPD,<=60,EL_ERPD,8,EL_ERPW,5,EL_ERPR,1:1,TYPE,WBVF,,,,,,,,,,,,,,,,,,,,,,,,,,,,,,,,,,,,,,,,,,,,,,,EL_PA101A,10100866G050A,PDMPART,10100866G0500,TM_MODEL,GX30,BRAKE_MODEL,NED600,,,,,,,,,,,,,,,,,,,,,,,,,,,,,,,,,,
431,,EL_ETM,GX30A,EL_ACAPA,,EL_ASPD,<=60,EL_ERPD,8,EL_ERPW,5,EL_ERPR,1:1,TYPE,!WBVF,,,,,,,,,,,,,,,,,,,,,,,,,,,,,,,,,,,,,,,,,,,,,,,EL_PA101A,10100866G0300,PDMPART,101103545,TM_MODEL,GX30,BRAKE_MODEL,NED600,,,,,,,,,,,,,,,,,,,,,,,,,,,,,,,,,,
432,,EL_ETM,GX30B,EL_ACAPA,,EL_ASPD,">60,<=90",EL_ERPD,8,EL_ERPW,5,EL_ERPR,1:1,TYPE,WBVF,,,,,,,,,,,,,,,,,,,,,,,,,,,,,,,,,,,,,,,,,,,,,,,EL_PA101A,10100866G060A,PDMPART,101103548,TM_MODEL,GX30,BRAKE_MODEL,NED600,,,,,,,,,,,,,,,,,,,,,,,,,,,,,,,,,,
433,,EL_ETM,GX30B,EL_ACAPA,,EL_ASPD,">60,<=90",EL_ERPD,8,EL_ERPW,5,EL_ERPR,1:1,TYPE,!WBVF,,,,,,,,,,,,,,,,,,,,,,,,,,,,,,,,,,,,,,,,,,,,,,,EL_PA101A,10100866G0400,PDMPART,101103546,TM_MODEL,GX30,BRAKE_MODEL,NED600,,,,,,,,,,,,,,,,,,,,,,,,,,,,,,,,,,
434,,,,,,,,,,,,,,,,,,,,,,,,,,,,,,,,,,,,,,,,,,,,,,,,,,,,,,,,,,,,,,,,,,,,,,,,,,,,,,,,,,,,,,,,,,,,,,,,,,,,,,,
435,,EL_ETM,GX35A,EL_ACAPA,,EL_ASPD,<=60,EL_ERPD,10,EL_ERPW,4,EL_ERPR,1:1,TYPE,WBVF,,,,,,,,,,,,,,,,,,,,,,,,,,,,,,,,,,,,,,,,,,,,,,,EL_PA101A,101103555,PDMPART,101103555,TM_MODEL,GX35,BRAKE_MODEL,NED600,,,,,,,,,,,,,,,,,,,,,,,,,,,,,,,,,,
436,,EL_ETM,GX35A,EL_ACAPA,,EL_ASPD,<=60,EL_ERPD,10,EL_ERPW,4,EL_ERPR,1:1,TYPE,!WBVF,,,,,,,,,,,,,,,,,,,,,,,,,,,,,,,,,,,,,,,,,,,,,,,EL_PA101A,101103549,PDMPART,101103549,TM_MODEL,GX35,BRAKE_MODEL,NED600,,,,,,,,,,,,,,,,,,,,,,,,,,,,,,,,,,
437,,EL_ETM,GX35A,EL_ACAPA,,EL_ASPD,<=60,EL_ERPD,10,EL_ERPW,5,EL_ERPR,1:1,TYPE,!WBVF,,,,,,,,,,,,,,,,,,,,,,,,,,,,,,,,,,,,,,,,,,,,,,,EL_PA101A,101103550,PDMPART,101103550,TM_MODEL,GX35,BRAKE_MODEL,NED600,,,,,,,,,,,,,,,,,,,,,,,,,,,,,,,,,,
438,,EL_ETM,GX35A,EL_ACAPA,,EL_ASPD,<=60,EL_ERPD,10,EL_ERPW,5,EL_ERPR,1:1,TYPE,WBVF,,,,,,,,,,,,,,,,,,,,,,,,,,,,,,,,,,,,,,,,,,,,,,,EL_PA101A,101103556,PDMPART,101103556,TM_MODEL,GX35,BRAKE_MODEL,NED600,,,,,,,,,,,,,,,,,,,,,,,,,,,,,,,,,,
439,,EL_ETM,GX35A,EL_ACAPA,,EL_ASPD,<=60,EL_ERPD,10,EL_ERPW,6,EL_ERPR,1:1,TYPE,WBVF,,,,,,,,,,,,,,,,,,,,,,,,,,,,,,,,,,,,,,,,,,,,,,,EL_PA101A,101103557,PDMPART,101103557,TM_MODEL,GX35,BRAKE_MODEL,NED600,,,,,,,,,,,,,,,,,,,,,,,,,,,,,,,,,,
440,,EL_ETM,GX35A,EL_ACAPA,,EL_ASPD,<=60,EL_ERPD,10,EL_ERPW,6,EL_ERPR,1:1,TYPE,!WBVF,,,,,,,,,,,,,,,,,,,,,,,,,,,,,,,,,,,,,,,,,,,,,,,EL_PA101A,101103551,PDMPART,101103551,TM_MODEL,GX35,BRAKE_MODEL,NED600,,,,,,,,,,,,,,,,,,,,,,,,,,,,,,,,,,
441,,EL_ETM,GX35A,EL_ACAPA,,EL_ASPD,<=60,EL_ERPD,8,EL_ERPW,5,EL_ERPR,1:1,TYPE,WBVF,,,,,,,,,,,,,,,,,,,,,,,,,,,,,,,,,,,,,,,,,,,,,,,EL_PA101A,10110415G010A,PDMPART,101103565,TM_MODEL,GX35,BRAKE_MODEL,NED600,,,,,,,,,,,,,,,,,,,,,,,,,,,,,,,,,,
442,,EL_ETM,GX35A,EL_ACAPA,,EL_ASPD,<=60,EL_ERPD,8,EL_ERPW,6,EL_ERPR,1:1,TYPE,WBVF,,,,,,,,,,,,,,,,,,,,,,,,,,,,,,,,,,,,,,,,,,,,,,,EL_PA101A,10110415G020A,PDMPART,101103566,TM_MODEL,GX35,BRAKE_MODEL,NED600,,,,,,,,,,,,,,,,,,,,,,,,,,,,,,,,,,
443,,EL_ETM,GX35B,EL_ACAPA,,EL_ASPD,">60,<=105",EL_ERPD,10,EL_ERPW,4,EL_ERPR,1:1,TYPE,WBVF,,,,,,,,,,,,,,,,,,,,,,,,,,,,,,,,,,,,,,,,,,,,,,,EL_PA101A,101103558,PDMPART,101103558,TM_MODEL,GX35,BRAKE_MODEL,NED600,,,,,,,,,,,,,,,,,,,,,,,,,,,,,,,,,,
444,,EL_ETM,GX35B,EL_ACAPA,,EL_ASPD,">60,<=105",EL_ERPD,10,EL_ERPW,4,EL_ERPR,1:1,TYPE,!WBVF,,,,,,,,,,,,,,,,,,,,,,,,,,,,,,,,,,,,,,,,,,,,,,,EL_PA101A,101103552,PDMPART,101103552,TM_MODEL,GX35,BRAKE_MODEL,NED600,,,,,,,,,,,,,,,,,,,,,,,,,,,,,,,,,,
445,,EL_ETM,GX35B,EL_ACAPA,,EL_ASPD,">60,<=105",EL_ERPD,10,EL_ERPW,5,EL_ERPR,1:1,TYPE,WBVF,,,,,,,,,,,,,,,,,,,,,,,,,,,,,,,,,,,,,,,,,,,,,,,EL_PA101A,101103559,PDMPART,101103559,TM_MODEL,GX35,BRAKE_MODEL,NED600,,,,,,,,,,,,,,,,,,,,,,,,,,,,,,,,,,
446,,EL_ETM,GX35B,EL_ACAPA,,EL_ASPD,">60,<=105",EL_ERPD,10,EL_ERPW,5,EL_ERPR,1:1,TYPE,!WBVF,,,,,,,,,,,,,,,,,,,,,,,,,,,,,,,,,,,,,,,,,,,,,,,EL_PA101A,101103553,PDMPART,101103553,TM_MODEL,GX35,BRAKE_MODEL,NED600,,,,,,,,,,,,,,,,,,,,,,,,,,,,,,,,,,
447,,EL_ETM,GX35B,EL_ACAPA,,EL_ASPD,">60,<=105",EL_ERPD,10,EL_ERPW,6,EL_ERPR,1:1,TYPE,WBVF,,,,,,,,,,,,,,,,,,,,,,,,,,,,,,,,,,,,,,,,,,,,,,,EL_PA101A,101103560,PDMPART,101103560,TM_MODEL,GX35,BRAKE_MODEL,NED600,,,,,,,,,,,,,,,,,,,,,,,,,,,,,,,,,,
448,,EL_ETM,GX35B,EL_ACAPA,,EL_ASPD,">60,<=105",EL_ERPD,10,EL_ERPW,6,EL_ERPR,1:1,TYPE,!WBVF,,,,,,,,,,,,,,,,,,,,,,,,,,,,,,,,,,,,,,,,,,,,,,,EL_PA101A,101103554,PDMPART,101103554,TM_MODEL,GX35,BRAKE_MODEL,NED600,,,,,,,,,,,,,,,,,,,,,,,,,,,,,,,,,,
449,,EL_ETM,GX35B,EL_ACAPA,,EL_ASPD,">60,<=105",EL_ERPD,8,EL_ERPW,5,EL_ERPR,1:1,TYPE,WBVF,,,,,,,,,,,,,,,,,,,,,,,,,,,,,,,,,,,,,,,,,,,,,,,EL_PA101A,10110415G030A,PDMPART,101103567,TM_MODEL,GX35,BRAKE_MODEL,NED600,,,,,,,,,,,,,,,,,,,,,,,,,,,,,,,,,,
450,,EL_ETM,GX35B,EL_ACAPA,,EL_ASPD,">60,<=105",EL_ERPD,8,EL_ERPW,6,EL_ERPR,1:1,TYPE,WBVF,,,,,,,,,,,,,,,,,,,,,,,,,,,,,,,,,,,,,,,,,,,,,,,EL_PA101A,10110415G040A,PDMPART,101103568,TM_MODEL,GX35,BRAKE_MODEL,NED600,,,,,,,,,,,,,,,,,,,,,,,,,,,,,,,,,,
451,,,,,,,,,,,,,,,,,,,,,,,,,,,,,,,,,,,,,,,,,,,,,,,,,,,,,,,,,,,,,,,,,,,,,,,,,,,,,,,,,,,,,,,,,,,,,,,,,,,,,,,
452,,EL_ETM,GX50A,EL_ACAPA,,EL_ASPD,<=60,EL_ERPD,12,EL_ERPW,3,EL_ERPR,1:1,TYPE,,,,,,,,,,,,,,,,,,,,,,,,,,,,,,,,,,,,,,,,,,,,,,,,EL_PA101A,101103569,PDMPART,101103569,TM_MODEL,,BRAKE_MODEL,,,,,,,,,,,,,,,,,,,,,,,,,,,,,,,,,,,
453,,EL_ETM,GX50A,EL_ACAPA,,EL_ASPD,<=60,EL_ERPD,12,EL_ERPW,4,EL_ERPR,1:1,TYPE,,,,,,,,,,,,,,,,,,,,,,,,,,,,,,,,,,,,,,,,,,,,,,,,EL_PA101A,101103570,PDMPART,101103570,TM_MODEL,,BRAKE_MODEL,,,,,,,,,,,,,,,,,,,,,,,,,,,,,,,,,,,
454,,EL_ETM,GX50A,EL_ACAPA,,EL_ASPD,<=60,EL_ERPD,12,EL_ERPW,5,EL_ERPR,1:1,TYPE,,,,,,,,,,,,,,,,,,,,,,,,,,,,,,,,,,,,,,,,,,,,,,,,EL_PA101A,101103571,PDMPART,101103571,TM_MODEL,,BRAKE_MODEL,,,,,,,,,,,,,,,,,,,,,,,,,,,,,,,,,,,
455,,EL_ETM,GX50A,EL_ACAPA,,EL_ASPD,<=60,EL_ERPD,12,EL_ERPW,6,EL_ERPR,1:1,TYPE,,,,,,,,,,,,,,,,,,,,,,,,,,,,,,,,,,,,,,,,,,,,,,,,EL_PA101A,101103572,PDMPART,101103572,TM_MODEL,,BRAKE_MODEL,,,,,,,,,,,,,,,,,,,,,,,,,,,,,,,,,,,
456,,EL_ETM,GX50B,EL_ACAPA,,EL_ASPD,">=90,<=105",EL_ERPD,12,EL_ERPW,3,EL_ERPR,1:1,TYPE,,,,,,,,,,,,,,,,,,,,,,,,,,,,,,,,,,,,,,,,,,,,,,,,EL_PA101A,101103573,PDMPART,101103573,TM_MODEL,,BRAKE_MODEL,,,,,,,,,,,,,,,,,,,,,,,,,,,,,,,,,,,
457,,EL_ETM,GX50B,EL_ACAPA,,EL_ASPD,">=90,<=105",EL_ERPD,12,EL_ERPW,4,EL_ERPR,1:1,TYPE,,,,,,,,,,,,,,,,,,,,,,,,,,,,,,,,,,,,,,,,,,,,,,,,EL_PA101A,101103574,PDMPART,101103574,TM_MODEL,,BRAKE_MODEL,,,,,,,,,,,,,,,,,,,,,,,,,,,,,,,,,,,
458,,EL_ETM,GX50B,EL_ACAPA,,EL_ASPD,">=90,<=105",EL_ERPD,12,EL_ERPW,5,EL_ERPR,1:1,TYPE,,,,,,,,,,,,,,,,,,,,,,,,,,,,,,,,,,,,,,,,,,,,,,,,EL_PA101A,101103575,PDMPART,101103575,TM_MODEL,,BRAKE_MODEL,,,,,,,,,,,,,,,,,,,,,,,,,,,,,,,,,,,
459,,EL_ETM,GX50B,EL_ACAPA,,EL_ASPD,">=90,<=105",EL_ERPD,12,EL_ERPW,6,EL_ERPR,1:1,TYPE,,,,,,,,,,,,,,,,,,,,,,,,,,,,,,,,,,,,,,,,,,,,,,,,EL_PA101A,101103576,PDMPART,101103576,TM_MODEL,,BRAKE_MODEL,,,,,,,,,,,,,,,,,,,,,,,,,,,,,,,,,,,
460,,,,,,,,,,,,,,,,,,,,,,,,,,,,,,,,,,,,,,,,,,,,,,,,,,,,,,,,,,,,,,,,,,,,,,,,,,,,,,,,,,,,,,,,,,,,,,,,,,,,,,,
461,,EL_ETM,GX60A,EL_ACAPA,,EL_ASPD,<=60,EL_ERPD,12,EL_ERPW,6,EL_ERPR,1:1,,,,,,,,,,,,,,,,,,,,,,,,,,,,,,,,,,,,,,,,,,,,,,,,,EL_PA101A,101104151,PDMPART,101104151,TM_MODEL,,BRAKE_MODEL,,,,,,,,,,,,,,,,,,,,,,,,,,,,,,,,,,,
462,,EL_ETM,GX60A,EL_ACAPA,,EL_ASPD,<=60,EL_ERPD,12,EL_ERPW,6,EL_ERPR,1:1,,,,,,,,,,,,,,,,,,,,,,,,,,,,,,,,,,,,,,,,,,,,,,,,,EL_PA101A,101104152,PDMPART,101104152,TM_MODEL,,BRAKE_MODEL,,,,,,,,,,,,,,,,,,,,,,,,,,,,,,,,,,,
463,,EL_ETM,GX60B,EL_ACAPA,,EL_ASPD,">=90,<=120",EL_ERPD,12,EL_ERPW,6,EL_ERPR,1:1,,,,,,,,,,,,,,,,,,,,,,,,,,,,,,,,,,,,,,,,,,,,,,,,,EL_PA101A,101104153,PDMPART,101104153,TM_MODEL,,BRAKE_MODEL,,,,,,,,,,,,,,,,,,,,,,,,,,,,,,,,,,,
464,,EL_ETM,GX60B,EL_ACAPA,,EL_ASPD,">=90,<=120",EL_ERPD,12,EL_ERPW,6,EL_ERPR,1:1,,,,,,,,,,,,,,,,,,,,,,,,,,,,,,,,,,,,,,,,,,,,,,,,,EL_PA101A,101104154,PDMPART,101104154,TM_MODEL,,BRAKE_MODEL,,,,,,,,,,,,,,,,,,,,,,,,,,,,,,,,,,,
465,,,,,,,,,,,,,,,,,,,,,,,,,,,,,,,,,,,,,,,,,,,,,,,,,,,,,,,,,,,,,,,,,,,,,,,,,,,,,,,,,,,,,,,,,,,,,,,,,,,,,,,
466,,EL_ETM,GX70A,EL_ACAPA,,EL_ASPD,<=60,EL_ERPD,12,EL_ERPW,",5,6,7",EL_ERPR,1:1,TYPE,WBVF,,,,,,,,,,,,,,,,,,,,,,,,,,,,,,,,,,,,,,,,,,,,,,,EL_PA101A,10110362G010A,PDMPART,101104155,TM_MODEL,GX70,BRAKE_MODEL,EC-5415SM,,,,,,,,,,,,,,,,,,,,,,,,,,,,,,,,,,
467,,EL_ETM,GX70A,EL_ACAPA,,EL_ASPD,<=60,EL_ERPD,12,EL_ERPW,7,EL_ERPR,1:1,TYPE,!WBVF,,,,,,,,,,,,,,,,,,,,,,,,,,,,,,,,,,,,,,,,,,,,,,,EL_PA101A,101103581,PDMPART,101103581,TM_MODEL,GX70,BRAKE_MODEL,EC-5415SM,,,,,,,,,,,,,,,,,,,,,,,,,,,,,,,,,,
468,,EL_ETM,GX70B,EL_ACAPA,,EL_ASPD,<=60,EL_ERPD,12,EL_ERPW,",5,6,7",EL_ERPR,2:1,TYPE,WBVF,,,,,,,,,,,,,,,,,,,,,,,,,,,,,,,,,,,,,,,,,,,,,,,EL_PA101A,10110362G020A,PDMPART,101104156,TM_MODEL,GX70,BRAKE_MODEL,EC-5415SM,,,,,,,,,,,,,,,,,,,,,,,,,,,,,,,,,,
469,,EL_ETM,GX70B,EL_ACAPA,,EL_ASPD,">=90,<=120",EL_ERPD,12,EL_ERPW,",5,6,7",EL_ERPR,1:1,TYPE,WBVF,,,,,,,,,,,,,,,,,,,,,,,,,,,,,,,,,,,,,,,,,,,,,,,EL_PA101A,10110362G020A,PDMPART,101103589,TM_MODEL,GX70,BRAKE_MODEL,EC-5415SM,,,,,,,,,,,,,,,,,,,,,,,,,,,,,,,,,,
470,,EL_ETM,GX70B,EL_ACAPA,,EL_ASPD,<=60,EL_ERPD,12,EL_ERPW,7,EL_ERPR,2:1,TYPE,!WBVF,,,,,,,,,,,,,,,,,,,,,,,,,,,,,,,,,,,,,,,,,,,,,,,EL_PA101A,101103583,PDMPART,101103583,TM_MODEL,GX70,BRAKE_MODEL,EC-5415SM,,,,,,,,,,,,,,,,,,,,,,,,,,,,,,,,,,
471,,EL_ETM,GX70B,EL_ACAPA,,EL_ASPD,">=90,<=120",EL_ERPD,12,EL_ERPW,7,EL_ERPR,1:1,TYPE,!WBVF,,,,,,,,,,,,,,,,,,,,,,,,,,,,,,,,,,,,,,,,,,,,,,,EL_PA101A,101103583,PDMPART,101103583,TM_MODEL,GX70,BRAKE_MODEL,EC-5415SM,,,,,,,,,,,,,,,,,,,,,,,,,,,,,,,,,,
472,,EL_ETM,GX70C,EL_ACAPA,,EL_ASPD,">=90,<=120",EL_ERPD,12,EL_ERPW,",5,6,7",EL_ERPR,2:1,TYPE,WBVF,,,,,,,,,,,,,,,,,,,,,,,,,,,,,,,,,,,,,,,,,,,,,,,EL_PA101A,10110362G030A,PDMPART,101104157,TM_MODEL,GX70,BRAKE_MODEL,EC-5415SM,,,,,,,,,,,,,,,,,,,,,,,,,,,,,,,,,,
473,,EL_ETM,GX70C,EL_ACAPA,,EL_ASPD,">=90,<=120",EL_ERPD,12,EL_ERPW,7,EL_ERPR,2:1,TYPE,!WBVF,,,,,,,,,,,,,,,,,,,,,,,,,,,,,,,,,,,,,,,,,,,,,,,EL_PA101A,101103585,PDMPART,101103585,TM_MODEL,GX70,BRAKE_MODEL,EC-5415SM,,,,,,,,,,,,,,,,,,,,,,,,,,,,,,,,,,
474,,,,,,,,,,,,,,,,,,,,,,,,,,,,,,,,,,,,,,,,,,,,,,,,,,,,,,,,,,,,,,,,,,,,,,,,,,,,,,,,,,,,,,,,,,,,,,,,,,,,,,,
475,,EL_ETM,GX300A,EL_ACAPA,<=1600,EL_ASPD,<=240,EL_ERPD,,EL_ERPW,,EL_ERPR,1:1,EL_ETMINV,",60,75",,,,,,,,,,,,,,,,,,,,,,,,,,,,,,,,,,,,,,,,,,,,,,,EL_PA101A,10110678G0300,,,TM_MODEL,GX300,BRAKE_MODEL,EC-5421SM-C-108,,,,,,,,,,,,,,,,,,,,,,,,,,,,,,,,,,"SIN COS ENCODER TYPE (변경시 전기 CP에 필히 통보 요망), SUVF_N, INV : HIVD3100N"
476,,EL_ETM,GX300A,EL_ACAPA,<=1600,EL_ASPD,<=240,EL_ERPD,,EL_ERPW,,EL_ERPR,1:1,EL_ETMINV,",50,135",,,,,,,,,,,,,,,,,,,,,,,,,,,,,,,,,,,,,,,,,,,,,,,EL_PA101A,10110678G010A,,,TM_MODEL,GX300,BRAKE_MODEL,EC-5421SM-C-108,,,,,,,,,,,,,,,,,,,,,,,,,,,,,,,,,,"INCREMENTAL ENCODER TYPE (변경시 전기 CP에 필히 통보 요망), SUVF, INV : HIVD3100, HIVD3000"
477,,EL_ETM,GX300A,EL_ACAPA,<=3200,EL_ASPD,<=120,EL_ERPD,,EL_ERPW,,EL_ERPR,2:1,EL_ETMINV,",60,75",,,,,,,,,,,,,,,,,,,,,,,,,,,,,,,,,,,,,,,,,,,,,,,EL_PA101A,10110678G0300,,,TM_MODEL,GX300,BRAKE_MODEL,EC-5421SM-C-108,,,,,,,,,,,,,,,,,,,,,,,,,,,,,,,,,,"SIN COS ENCODER TYPE (변경시 전기 CP에 필히 통보 요망), SUVF_N, INV : HIVD3100N"
478,,EL_ETM,GX300A,EL_ACAPA,<=3200,EL_ASPD,<=120,EL_ERPD,,EL_ERPW,,EL_ERPR,2:1,EL_ETMINV,",50,135",,,,,,,,,,,,,,,,,,,,,,,,,,,,,,,,,,,,,,,,,,,,,,,EL_PA101A,10110678G010A,,,TM_MODEL,GX300,BRAKE_MODEL,EC-5421SM-C-108,,,,,,,,,,,,,,,,,,,,,,,,,,,,,,,,,,"INCREMENTAL ENCODER TYPE (변경시 전기 CP에 필히 통보 요망), SUVF, INV : HIVD3100, HIVD3000"
479,,EL_ETM,GX300B,EL_ACAPA,<=1600,EL_ASPD,<=360,EL_ERPD,,EL_ERPW,,EL_ERPR,1:1,EL_ETMINV,",60,75",,,,,,,,,,,,,,,,,,,,,,,,,,,,,,,,,,,,,,,,,,,,,,,EL_PA101A,10110678G0400,,,TM_MODEL,GX300,BRAKE_MODEL,EC-5421SM-C-108,,,,,,,,,,,,,,,,,,,,,,,,,,,,,,,,,,"SIN COS ENCODER TYPE (변경시 전기 CP에 필히 통보 요망), SUVF_N, INV : HIVD3100N"
480,,EL_ETM,GX300B,EL_ACAPA,<=1600,EL_ASPD,<=360,EL_ERPD,,EL_ERPW,,EL_ERPR,1:1,EL_ETMINV,",50,135",,,,,,,,,,,,,,,,,,,,,,,,,,,,,,,,,,,,,,,,,,,,,,,EL_PA101A,10110678G020A,,,TM_MODEL,GX300,BRAKE_MODEL,EC-5421SM-C-108,,,,,,,,,,,,,,,,,,,,,,,,,,,,,,,,,,"INCREMENTAL ENCODER TYPE (변경시 전기 CP에 필히 통보 요망), SUVF, INV : HIVD3100, HIVD3000"
481,,EL_ETM,GX300B,EL_ACAPA,<=3200,EL_ASPD,<=180,EL_ERPD,,EL_ERPW,,EL_ERPR,2:1,EL_ETMINV,",60,75",,,,,,,,,,,,,,,,,,,,,,,,,,,,,,,,,,,,,,,,,,,,,,,EL_PA101A,10110678G0400,,,TM_MODEL,GX300,BRAKE_MODEL,EC-5421SM-C-108,,,,,,,,,,,,,,,,,,,,,,,,,,,,,,,,,,"SIN COS ENCODER TYPE (변경시 전기 CP에 필히 통보 요망), SUVF_N, INV : HIVD3100N"
482,,EL_ETM,GX300B,EL_ACAPA,<=3200,EL_ASPD,<=180,EL_ERPD,,EL_ERPW,,EL_ERPR,2:1,EL_ETMINV,",50,135",,,,,,,,,,,,,,,,,,,,,,,,,,,,,,,,,,,,,,,,,,,,,,,EL_PA101A,10110678G020A,,,TM_MODEL,GX300,BRAKE_MODEL,EC-5421SM-C-108,,,,,,,,,,,,,,,,,,,,,,,,,,,,,,,,,,"INCREMENTAL ENCODER TYPE (변경시 전기 CP에 필히 통보 요망), SUVF, INV : HIVD3100, HIVD3000"
483,,,,,,,,,,,,,,,,,,,,,,,,,,,,,,,,,,,,,,,,,,,,,,,,,,,,,,,,,,,,,,,,,,,,,,,,,,,,,,,,,,,,,,,,,,,,,,,,,,,,,,,
484,,EL_ETM,",GY17VA,GY17A",EL_ACAPA,550,EL_ASPD,,EL_ERPD,,EL_ERPW,",5,6",EL_ERPR,,TYPE,,EL_ATYP,?WBSS2?,EL_ECWTP,",F/R,R/R",APPLICATION_INNOVER_NEO,!N,,,,,,,,,,,,,,,,,,,,,,,,,,,,,,,,,,,,,,,,,EL_PA101A,10110280G0100,PDMPART,101104488,TM_MODEL,GY17V,BRAKE_MODEL,BFK464-18,,,,,,,,,,,,,,,,,,,,,,,,,,,,,,,,,,
485,,EL_ETM,",GY17VA,GY17A",EL_ACAPA,550,EL_ASPD,,EL_ERPD,,EL_ERPW,",5,6",EL_ERPR,,TYPE,,EL_ATYP,?WBSS2?,EL_ECWTP,",F/L,R/L",APPLICATION_INNOVER_NEO,!N,,,,,,,,,,,,,,,,,,,,,,,,,,,,,,,,,,,,,,,,,EL_PA101A,10110280G0300,PDMPART,101104489,TM_MODEL,GY17V,BRAKE_MODEL,BFK464-18,,,,,,,,,,,,,,,,,,,,,,,,,,,,,,,,,,
486,,EL_ETM,",GY17VB,GY17B",EL_ACAPA,550,EL_ASPD,,EL_ERPD,,EL_ERPW,",5,6",EL_ERPR,,TYPE,,EL_ATYP,?WBSS2?,EL_ECWTP,",F/R,R/R",APPLICATION_INNOVER_NEO,!N,,,,,,,,,,,,,,,,,,,,,,,,,,,,,,,,,,,,,,,,,EL_PA101A,10110280G0500,PDMPART,101104490,TM_MODEL,GY17V,BRAKE_MODEL,BFK464-18,,,,,,,,,,,,,,,,,,,,,,,,,,,,,,,,,,
487,,EL_ETM,",GY17VB,GY17B",EL_ACAPA,550,EL_ASPD,,EL_ERPD,,EL_ERPW,",5,6",EL_ERPR,,TYPE,,EL_ATYP,?WBSS2?,EL_ECWTP,",F/L,R/L",APPLICATION_INNOVER_NEO,!N,,,,,,,,,,,,,,,,,,,,,,,,,,,,,,,,,,,,,,,,,EL_PA101A,10110280G0700,PDMPART,101104491,TM_MODEL,GY17V,BRAKE_MODEL,BFK464-18,,,,,,,,,,,,,,,,,,,,,,,,,,,,,,,,,,
488,,,,,,,,,,,,,,,,,,,,,,,,,,,,,,,,,,,,,,,,,,,,,,,,,,,,,,,,,,,,,,,,,,,,,,,,,,,,,,,,,,,,,,,,,,,,,,,,,,,,,,,
489,,EL_ETM,GY17A,EL_ACAPA,550,EL_ASPD,,EL_ERPD,,EL_ERPW,7,EL_ERPR,,TYPE,,EL_ATYP,",?WBSS2?,GTSS_R",EL_ECWTP,",F/R,R/R",APPLICATION_INNOVER_NEO,P,,,,,,,,,,,,,,,,,,,,,,,,,,,,,,,,,,,,,,,,,EL_PA101A,10110283G0100,PDMPART,101104508,TM_MODEL,GY17,BRAKE_MODEL,BFK464-18,,,,,,,,,,,,,,,,,,,,,,,,,,,,,,,,,,
490,,EL_ETM,GY17A,EL_ACAPA,550,EL_ASPD,,EL_ERPD,,EL_ERPW,",6,7",EL_ERPR,,TYPE,,EL_ATYP,",?WBSS2?,GTSS_R",EL_ECWTP,",F/R,R/R",APPLICATION_INNOVER_NEO,N,,,,,,,,,,,,,,,,,,,,,,,,,,,,,,,,,,,,,,,,,EL_PA101A,10110283G0100,PDMPART,101104508,TM_MODEL,GY17,BRAKE_MODEL,BFK464-18,,,,,,,,,,,,,,,,,,,,,,,,,,,,,,,,,,
491,,EL_ETM,GY17A,EL_ACAPA,>550,EL_ASPD,,EL_ERPD,,EL_ERPW,",6,7",EL_ERPR,,TYPE,,EL_ATYP,",?WBSS2?,GTSS_R",EL_ECWTP,",F/R,R/R",APPLICATION_INNOVER_NEO,,,,,,,,,,,,,,,,,,,,,,,,,,,,,,,,,,,,,,,,,,EL_PA101A,10110283G0100,PDMPART,101104508,TM_MODEL,GY17,BRAKE_MODEL,BFK464-18,,,,,,,,,,,,,,,,,,,,,,,,,,,,,,,,,,
492,,EL_ETM,GY17A,EL_ACAPA,550,EL_ASPD,,EL_ERPD,,EL_ERPW,7,EL_ERPR,,TYPE,,EL_ATYP,",?WBSS2?,GTSS_R",EL_ECWTP,",F/L,R/L",APPLICATION_INNOVER_NEO,P,,,,,,,,,,,,,,,,,,,,,,,,,,,,,,,,,,,,,,,,,EL_PA101A,10110283G0300,PDMPART,101104509,TM_MODEL,GY17,BRAKE_MODEL,BFK464-18,,,,,,,,,,,,,,,,,,,,,,,,,,,,,,,,,,
493,,EL_ETM,GY17A,EL_ACAPA,550,EL_ASPD,,EL_ERPD,,EL_ERPW,",6,7",EL_ERPR,,TYPE,,EL_ATYP,",?WBSS2?,GTSS_R",EL_ECWTP,",F/L,R/L",APPLICATION_INNOVER_NEO,N,,,,,,,,,,,,,,,,,,,,,,,,,,,,,,,,,,,,,,,,,EL_PA101A,10110283G0300,PDMPART,101104509,TM_MODEL,GY17,BRAKE_MODEL,BFK464-18,,,,,,,,,,,,,,,,,,,,,,,,,,,,,,,,,,
494,,EL_ETM,GY17A,EL_ACAPA,>550,EL_ASPD,,EL_ERPD,,EL_ERPW,",6,7",EL_ERPR,,TYPE,,EL_ATYP,",?WBSS2?,GTSS_R",EL_ECWTP,",F/L,R/L",APPLICATION_INNOVER_NEO,,,,,,,,,,,,,,,,,,,,,,,,,,,,,,,,,,,,,,,,,,EL_PA101A,10110283G0300,PDMPART,101104509,TM_MODEL,GY17,BRAKE_MODEL,BFK464-18,,,,,,,,,,,,,,,,,,,,,,,,,,,,,,,,,,
495,,EL_ETM,GY17B,EL_ACAPA,550,EL_ASPD,,EL_ERPD,,EL_ERPW,7,EL_ERPR,,TYPE,,EL_ATYP,",?WBSS2?,GTSS_R",EL_ECWTP,",F/R,R/R",APPLICATION_INNOVER_NEO,P,,,,,,,,,,,,,,,,,,,,,,,,,,,,,,,,,,,,,,,,,EL_PA101A,10110283G0500,PDMPART,101104510,TM_MODEL,GY17,BRAKE_MODEL,BFK464-18,,,,,,,,,,,,,,,,,,,,,,,,,,,,,,,,,,
496,,EL_ETM,GY17B,EL_ACAPA,550,EL_ASPD,,EL_ERPD,,EL_ERPW,",6,7",EL_ERPR,,TYPE,,EL_ATYP,",?WBSS2?,GTSS_R",EL_ECWTP,",F/R,R/R",APPLICATION_INNOVER_NEO,N,,,,,,,,,,,,,,,,,,,,,,,,,,,,,,,,,,,,,,,,,EL_PA101A,10110283G0500,PDMPART,101104510,TM_MODEL,GY17,BRAKE_MODEL,BFK464-18,,,,,,,,,,,,,,,,,,,,,,,,,,,,,,,,,,
497,,EL_ETM,GY17B,EL_ACAPA,>550,EL_ASPD,,EL_ERPD,,EL_ERPW,",6,7",EL_ERPR,,TYPE,,EL_ATYP,",?WBSS2?,GTSS_R",EL_ECWTP,",F/R,R/R",APPLICATION_INNOVER_NEO,,,,,,,,,,,,,,,,,,,,,,,,,,,,,,,,,,,,,,,,,,EL_PA101A,10110283G0500,PDMPART,101104510,TM_MODEL,GY17,BRAKE_MODEL,BFK464-18,,,,,,,,,,,,,,,,,,,,,,,,,,,,,,,,,,
498,,EL_ETM,GY17B,EL_ACAPA,550,EL_ASPD,,EL_ERPD,,EL_ERPW,7,EL_ERPR,,TYPE,,EL_ATYP,",?WBSS2?,GTSS_R",EL_ECWTP,",F/L,R/L",APPLICATION_INNOVER_NEO,P,,,,,,,,,,,,,,,,,,,,,,,,,,,,,,,,,,,,,,,,,EL_PA101A,10110283G0700,PDMPART,101104511,TM_MODEL,GY17,BRAKE_MODEL,BFK464-18,,,,,,,,,,,,,,,,,,,,,,,,,,,,,,,,,,
499,,EL_ETM,GY17B,EL_ACAPA,550,EL_ASPD,,EL_ERPD,,EL_ERPW,",6,7",EL_ERPR,,TYPE,,EL_ATYP,",?WBSS2?,GTSS_R",EL_ECWTP,",F/L,R/L",APPLICATION_INNOVER_NEO,N,,,,,,,,,,,,,,,,,,,,,,,,,,,,,,,,,,,,,,,,,EL_PA101A,10110283G0700,PDMPART,101104511,TM_MODEL,GY17,BRAKE_MODEL,BFK464-18,,,,,,,,,,,,,,,,,,,,,,,,,,,,,,,,,,
500,,EL_ETM,GY17B,EL_ACAPA,>550,EL_ASPD,,EL_ERPD,,EL_ERPW,",6,7",EL_ERPR,,TYPE,,EL_ATYP,",?WBSS2?,GTSS_R",EL_ECWTP,",F/L,R/L",APPLICATION_INNOVER_NEO,,,,,,,,,,,,,,,,,,,,,,,,,,,,,,,,,,,,,,,,,,EL_PA101A,10110283G0700,PDMPART,101104511,TM_MODEL,GY17,BRAKE_MODEL,BFK464-18,,,,,,,,,,,,,,,,,,,,,,,,,,,,,,,,,,
501,,EL_ETM,GY17A,EL_ACAPA,,EL_ASPD,<=60,EL_ERPD,6,EL_ERPW,<=7,EL_ERPR,2:1,TYPE,,EL_ATYP,?LXVF?,EL_ECWTP,",F/R,R/R",,,,,,,,,,,,,,,,,,,,,,,,,,,,,,,,,,,,,,,,,,,EL_PA101A,101103113,PDMPART,101103113,TM_MODEL,GY17,BRAKE_MODEL,BFK464-18,,,,,,,,,,,,,,,,,,,,,,,,,,,,,,,,,,
502,,EL_ETM,GY17A,EL_ACAPA,,EL_ASPD,<=60,EL_ERPD,6,EL_ERPW,<=7,EL_ERPR,2:1,TYPE,,EL_ATYP,?LXVF?,EL_ECWTP,",F/L,R/L",,,,,,,,,,,,,,,,,,,,,,,,,,,,,,,,,,,,,,,,,,,EL_PA101A,101103115,PDMPART,101103115,TM_MODEL,GY17,BRAKE_MODEL,BFK464-18,,,,,,,,,,,,,,,,,,,,,,,,,,,,,,,,,,
503,,EL_ETM,GY17B,EL_ACAPA,,EL_ASPD,">60,<=105",EL_ERPD,6,EL_ERPW,<=7,EL_ERPR,2:1,TYPE,,EL_ATYP,?LXVF?,EL_ECWTP,",F/R,R/R",,,,,,,,,,,,,,,,,,,,,,,,,,,,,,,,,,,,,,,,,,,EL_PA101A,101103114,PDMPART,101103114,TM_MODEL,GY17,BRAKE_MODEL,BFK464-18,,,,,,,,,,,,,,,,,,,,,,,,,,,,,,,,,,
504,,EL_ETM,GY17B,EL_ACAPA,,EL_ASPD,">60,<=105",EL_ERPD,6,EL_ERPW,<=7,EL_ERPR,2:1,TYPE,,EL_ATYP,?LXVF?,EL_ECWTP,",F/L,R/L",,,,,,,,,,,,,,,,,,,,,,,,,,,,,,,,,,,,,,,,,,,EL_PA101A,101103116,PDMPART,101103116,TM_MODEL,GY17,BRAKE_MODEL,BFK464-18,,,,,,,,,,,,,,,,,,,,,,,,,,,,,,,,,,
505,,,,,,,,,,,,,,,,,,,,,,,,,,,,,,,,,,,,,,,,,,,,,,,,,,,,,,,,,,,,,,,,,,,,,,,,,,,,,,,,,,,,,,,,,,,,,,,,,,,,,,,
506,,EL_ETM,GY20A,EL_ACAPA,,EL_ASPD,,EL_ERPD,,EL_ERPW,,EL_ERPR,,TYPE,,EL_ATYP,",?WBSS2?,GTSS_R",EL_ECWTP,",F/R,R/R",,,,,,,,,,,,,,,,,,,,,,,,,,,,,,,,,,,,,,,,,,,EL_PA101A,10110284G0100,PDMPART,101104496,TM_MODEL,GY20,BRAKE_MODEL,BKF464-20R,,,,,,,,,,,,,,,,,,,,,,,,,,,,,,,,,,
507,,EL_ETM,GY20A,EL_ACAPA,,EL_ASPD,,EL_ERPD,,EL_ERPW,,EL_ERPR,,TYPE,,EL_ATYP,",?WBSS2?,GTSS_R",EL_ECWTP,",F/L,R/L",,,,,,,,,,,,,,,,,,,,,,,,,,,,,,,,,,,,,,,,,,,EL_PA101A,10110284G0300,PDMPART,101104497,TM_MODEL,GY20,BRAKE_MODEL,BKF464-20R,,,,,,,,,,,,,,,,,,,,,,,,,,,,,,,,,,
508,,EL_ETM,GY20B,EL_ACAPA,,EL_ASPD,,EL_ERPD,,EL_ERPW,,EL_ERPR,,TYPE,,EL_ATYP,",?WBSS2?,GTSS_R",EL_ECWTP,",F/R,R/R",,,,,,,,,,,,,,,,,,,,,,,,,,,,,,,,,,,,,,,,,,,EL_PA101A,10110284G0900,PDMPART,101104791,TM_MODEL,GY20,BRAKE_MODEL,BKF464-20R,,,,,,,,,,,,,,,,,,,,,,,,,,,,,,,,,,
509,,EL_ETM,GY20B,EL_ACAPA,,EL_ASPD,,EL_ERPD,,EL_ERPW,,EL_ERPR,,TYPE,,EL_ATYP,",?WBSS2?,GTSS_R",EL_ECWTP,",F/L,R/L",,,,,,,,,,,,,,,,,,,,,,,,,,,,,,,,,,,,,,,,,,,EL_PA101A,10110284G1100,PDMPART,101104792,TM_MODEL,GY20,BRAKE_MODEL,BKF464-20R,,,,,,,,,,,,,,,,,,,,,,,,,,,,,,,,,,
510,,,,,,,,,,,,,,,,,,,,,,,,,,,,,,,,,,,,,,,,,,,,,,,,,,,,,,,,,,,,,,,,,,,,,,,,,,,,,,,,,,,,,,,,,,,,,,,,,,,,,,,
511,,EL_ETM,GY25A,EL_ACAPA,,EL_ASPD,,EL_ERPD,,EL_ERPW,<=10,EL_ERPR,,TYPE,,EL_ATYP,",?WBSS2?,GTSS_R",EL_ECWTP,",F/R,R/R",,,,,,,,,,,,,,,,,,,,,,,,,,,,,,,,,,,,,,,,,,,EL_PA101A,10110285G0100,PDMPART,101104504,TM_MODEL,GY25,BRAKE_MODEL,DB900,,,,,,,,,,,,,,,,,,,,,,,,,,,,,,,,,,"10110285 : DB900, 10110286 : RLR400L"
512,,EL_ETM,GY25A,EL_ACAPA,,EL_ASPD,,EL_ERPD,,EL_ERPW,<=10,EL_ERPR,,TYPE,,EL_ATYP,",?WBSS2?,GTSS_R",EL_ECWTP,",F/L,R/L",,,,,,,,,,,,,,,,,,,,,,,,,,,,,,,,,,,,,,,,,,,EL_PA101A,10110285G0200,PDMPART,101104505,TM_MODEL,GY25,BRAKE_MODEL,DB900,,,,,,,,,,,,,,,,,,,,,,,,,,,,,,,,,,
513,,EL_ETM,GY25B,EL_ACAPA,,EL_ASPD,,EL_ERPD,,EL_ERPW,<=10,EL_ERPR,,TYPE,,EL_ATYP,",?WBSS2?,GTSS_R",EL_ECWTP,",F/R,R/R",,,,,,,,,,,,,,,,,,,,,,,,,,,,,,,,,,,,,,,,,,,EL_PA101A,10110285G0900,PDMPART,101105029,TM_MODEL,GY25,BRAKE_MODEL,DB900,,,,,,,,,,,,,,,,,,,,,,,,,,,,,,,,,,
514,,EL_ETM,GY25B,EL_ACAPA,,EL_ASPD,,EL_ERPD,,EL_ERPW,<=10,EL_ERPR,,TYPE,,EL_ATYP,",?WBSS2?,GTSS_R",EL_ECWTP,",F/L,R/L",,,,,,,,,,,,,,,,,,,,,,,,,,,,,,,,,,,,,,,,,,,EL_PA101A,10110285G1000,PDMPART,101105030,TM_MODEL,GY25,BRAKE_MODEL,DB900,,,,,,,,,,,,,,,,,,,,,,,,,,,,,,,,,,
515,,EL_ETM,GY25A,EL_ACAPA,,EL_ASPD,<=60,EL_ERPD,6,EL_ERPW,<=10,EL_ERPR,2:1,TYPE,,EL_ATYP,?LXVF?,EL_ECWTP,",F/R,R/R",EL_ACD2,",KS190328,KS230302,EN81-20",,,,,,,,,,,,,,,,,,,,,,,,,,,,,,,,,,,,,,,,,EL_PA101A,101104288,PDMPART,101104288,TM_MODEL,GY25,BRAKE_MODEL,,,,,,,,,,,,,,,,,,,,,,,,,,,,,,,,,,,
516,,EL_ETM,GY25A,EL_ACAPA,,EL_ASPD,<=60,EL_ERPD,6,EL_ERPW,<=10,EL_ERPR,2:1,TYPE,,EL_ATYP,?LXVF?,EL_ECWTP,",F/L,R/L",EL_ACD2,",KS190328,KS230302,EN81-20",,,,,,,,,,,,,,,,,,,,,,,,,,,,,,,,,,,,,,,,,EL_PA101A,101104289,PDMPART,101104289,TM_MODEL,GY25,BRAKE_MODEL,,,,,,,,,,,,,,,,,,,,,,,,,,,,,,,,,,,
517,,EL_ETM,GY25A,EL_ACAPA,,EL_ASPD,<=60,EL_ERPD,6,EL_ERPW,<=10,EL_ERPR,2:1,TYPE,,EL_ATYP,?LXVF?,EL_ECWTP,",F/R,R/R",EL_ACD2,"!(KS190328,KS230302,EN81-20)",,,,,,,,,,,,,,,,,,,,,,,,,,,,,,,,,,,,,,,,,EL_PA101A,101104033,PDMPART,101104033,TM_MODEL,GY25,BRAKE_MODEL,,,,,,,,,,,,,,,,,,,,,,,,,,,,,,,,,,,
518,,EL_ETM,GY25A,EL_ACAPA,,EL_ASPD,<=60,EL_ERPD,6,EL_ERPW,<=10,EL_ERPR,2:1,TYPE,,EL_ATYP,?LXVF?,EL_ECWTP,",F/L,R/L",EL_ACD2,"!(KS190328,KS230302,EN81-20)",,,,,,,,,,,,,,,,,,,,,,,,,,,,,,,,,,,,,,,,,EL_PA101A,101104035,PDMPART,101104035,TM_MODEL,GY25,BRAKE_MODEL,,,,,,,,,,,,,,,,,,,,,,,,,,,,,,,,,,,
519,,EL_ETM,GY25B,EL_ACAPA,,EL_ASPD,">60,<=105",EL_ERPD,6,EL_ERPW,<=10,EL_ERPR,2:1,TYPE,,EL_ATYP,?LXVF?,EL_ECWTP,",F/R,R/R",EL_ACD2,",KS190328,KS230302,EN81-20",,,,,,,,,,,,,,,,,,,,,,,,,,,,,,,,,,,,,,,,,EL_PA101A,101104290,PDMPART,101104290,TM_MODEL,GY25,BRAKE_MODEL,,,,,,,,,,,,,,,,,,,,,,,,,,,,,,,,,,,
520,,EL_ETM,GY25B,EL_ACAPA,,EL_ASPD,">60,<=105",EL_ERPD,6,EL_ERPW,<=10,EL_ERPR,2:1,TYPE,,EL_ATYP,?LXVF?,EL_ECWTP,",F/L,R/L",EL_ACD2,",KS190328,KS230302,EN81-20",,,,,,,,,,,,,,,,,,,,,,,,,,,,,,,,,,,,,,,,,EL_PA101A,101104291,PDMPART,101104291,TM_MODEL,GY25,BRAKE_MODEL,,,,,,,,,,,,,,,,,,,,,,,,,,,,,,,,,,,
521,,EL_ETM,GY25B,EL_ACAPA,,EL_ASPD,">60,<=105",EL_ERPD,6,EL_ERPW,<=10,EL_ERPR,2:1,TYPE,,EL_ATYP,?LXVF?,EL_ECWTP,",F/R,R/R",EL_ACD2,"!(KS190328,KS230302,EN81-20)",,,,,,,,,,,,,,,,,,,,,,,,,,,,,,,,,,,,,,,,,EL_PA101A,101104037,PDMPART,101104037,TM_MODEL,GY25,BRAKE_MODEL,,,,,,,,,,,,,,,,,,,,,,,,,,,,,,,,,,,
522,,EL_ETM,GY25B,EL_ACAPA,,EL_ASPD,">60,<=105",EL_ERPD,6,EL_ERPW,<=10,EL_ERPR,2:1,TYPE,,EL_ATYP,?LXVF?,EL_ECWTP,",F/L,R/L",EL_ACD2,"!(KS190328,KS230302,EN81-20)",,,,,,,,,,,,,,,,,,,,,,,,,,,,,,,,,,,,,,,,,EL_PA101A,101104036,PDMPART,101104036,TM_MODEL,GY25,BRAKE_MODEL,,,,,,,,,,,,,,,,,,,,,,,,,,,,,,,,,,,
523,,,,,,,,,,,,,,,,,,,,,,,,,,,,,,,,,,,,,,,,,,,,,,,,,,,,,,,,,,,,,,,,,,,,,,,,,,,,,,,,,,,,,,,,,,,,,,,,,,,,,,,
524,,EL_ETM,GY35A,EL_ACAPA,,EL_ASPD,,EL_ERPD,,EL_ERPW,,EL_ERPR,,TYPE,,EL_ATYP,?WBSS2?,EL_ECWTP,",F/R,R/R",,,,,,,,,,,,,,,,,,,,,,,,,,,,,,,,,,,,,,,,,,,EL_PA101A,10101422G0100,PDMPART,10101422G0100,TM_MODEL,GY35,BRAKE_MODEL,RSR600K,,,,,,,,,,,,,,,,,,,,,,,,,,,,,,,,,,
525,,EL_ETM,GY35B,EL_ACAPA,,EL_ASPD,,EL_ERPD,,EL_ERPW,,EL_ERPR,,TYPE,,EL_ATYP,?WBSS2?,EL_ECWTP,",F/R,R/R",,,,,,,,,,,,,,,,,,,,,,,,,,,,,,,,,,,,,,,,,,,EL_PA101A,10101422G020A,PDMPART,101104259,TM_MODEL,GY35,BRAKE_MODEL,RSR600K,,,,,,,,,,,,,,,,,,,,,,,,,,,,,,,,,,
526,,EL_ETM,GY35A,EL_ACAPA,,EL_ASPD,,EL_ERPD,,EL_ERPW,,EL_ERPR,,TYPE,,EL_ATYP,?WBSS2?,EL_ECWTP,",F/L,R/L",,,,,,,,,,,,,,,,,,,,,,,,,,,,,,,,,,,,,,,,,,,EL_PA101A,10101422G050A,PDMPART,10101422G0500,TM_MODEL,GY35,BRAKE_MODEL,RSR600K,,,,,,,,,,,,,,,,,,,,,,,,,,,,,,,,,,
527,,EL_ETM,GY35B,EL_ACAPA,,EL_ASPD,,EL_ERPD,,EL_ERPW,,EL_ERPR,,TYPE,,EL_ATYP,?WBSS2?,EL_ECWTP,",F/L,R/L",,,,,,,,,,,,,,,,,,,,,,,,,,,,,,,,,,,,,,,,,,,EL_PA101A,10101422G0600,PDMPART,101104261,TM_MODEL,GY35,BRAKE_MODEL,RSR600K,,,,,,,,,,,,,,,,,,,,,,,,,,,,,,,,,,
528,,EL_ETM,GY35A,EL_ACAPA,,EL_ASPD,,EL_ERPD,,EL_ERPW,,EL_ERPR,,TYPE,,EL_ATYP,GTSS_R,EL_ECWTP,",F/R,R/R",,,,,,,,,,,,,,,,,,,,,,,,,,,,,,,,,,,,,,,,,,,EL_PA101A,10110310G0100,PDMPART,,TM_MODEL,GY35,BRAKE_MODEL,RSR400LS,,,,,,,,,,,,,,,,,,,,,,,,,,,,,,,,,,
529,,EL_ETM,GY35B,EL_ACAPA,,EL_ASPD,,EL_ERPD,,EL_ERPW,,EL_ERPR,,TYPE,,EL_ATYP,GTSS_R,EL_ECWTP,",F/R,R/R",,,,,,,,,,,,,,,,,,,,,,,,,,,,,,,,,,,,,,,,,,,EL_PA101A,10110310G0200,PDMPART,,TM_MODEL,GY35,BRAKE_MODEL,RSR400LS,,,,,,,,,,,,,,,,,,,,,,,,,,,,,,,,,,
530,,EL_ETM,GY35A,EL_ACAPA,,EL_ASPD,,EL_ERPD,,EL_ERPW,,EL_ERPR,,TYPE,,EL_ATYP,GTSS_R,EL_ECWTP,",F/L,R/L",,,,,,,,,,,,,,,,,,,,,,,,,,,,,,,,,,,,,,,,,,,EL_PA101A,10110310G0500,PDMPART,,TM_MODEL,GY35,BRAKE_MODEL,RSR400LS,,,,,,,,,,,,,,,,,,,,,,,,,,,,,,,,,,
531,,EL_ETM,GY35B,EL_ACAPA,,EL_ASPD,,EL_ERPD,,EL_ERPW,,EL_ERPR,,TYPE,,EL_ATYP,GTSS_R,EL_ECWTP,",F/L,R/L",,,,,,,,,,,,,,,,,,,,,,,,,,,,,,,,,,,,,,,,,,,EL_PA101A,10110310G0600,PDMPART,,TM_MODEL,GY35,BRAKE_MODEL,RSR400LS,,,,,,,,,,,,,,,,,,,,,,,,,,,,,,,,,,
532,,EL_ETM,GY35A,EL_ACAPA,,EL_ASPD,<=60,EL_ERPD,6,EL_ERPW,<=12,EL_ERPR,2:1,TYPE,,EL_ATYP,?LXVF?,EL_ECWTP,",F/R,R/R",,,,,,,,,,,,,,,,,,,,,,,,,,,,,,,,,,,,,,,,,,,EL_PA101A,10101422G030A,PDMPART,101104262,TM_MODEL,GY35,BRAKE_MODEL,RSR600K,,,,,,,,,,,,,,,,,,,,,,,,,,,,,,,,,,
533,,EL_ETM,GY35B,EL_ACAPA,,EL_ASPD,">60,<=105",EL_ERPD,6,EL_ERPW,<=12,EL_ERPR,2:1,TYPE,,EL_ATYP,?LXVF?,EL_ECWTP,",F/R,R/R",,,,,,,,,,,,,,,,,,,,,,,,,,,,,,,,,,,,,,,,,,,EL_PA101A,10101422G040A,PDMPART,101104266,TM_MODEL,GY35,BRAKE_MODEL,RSR600K,,,,,,,,,,,,,,,,,,,,,,,,,,,,,,,,,,
534,,EL_ETM,GY35A,EL_ACAPA,,EL_ASPD,<=60,EL_ERPD,6,EL_ERPW,<=12,EL_ERPR,2:1,TYPE,,EL_ATYP,?LXVF?,EL_ECWTP,",F/L,R/L",,,,,,,,,,,,,,,,,,,,,,,,,,,,,,,,,,,,,,,,,,,EL_PA101A,10101422G070A,PDMPART,101104264,TM_MODEL,GY35,BRAKE_MODEL,RSR600K,,,,,,,,,,,,,,,,,,,,,,,,,,,,,,,,,,
535,,EL_ETM,GY35B,EL_ACAPA,,EL_ASPD,">60,<=105",EL_ERPD,6,EL_ERPW,<=12,EL_ERPR,2:1,TYPE,,EL_ATYP,?LXVF?,EL_ECWTP,",F/L,R/L",,,,,,,,,,,,,,,,,,,,,,,,,,,,,,,,,,,,,,,,,,,EL_PA101A,10101422G080A,PDMPART,101104267,TM_MODEL,GY35,BRAKE_MODEL,RSR600K,,,,,,,,,,,,,,,,,,,,,,,,,,,,,,,,,,
536,,EL_ETM,GY35A,EL_ACAPA,,EL_ASPD,,EL_ERPD,,EL_ERPW,,EL_ERPR,,TYPE,,EL_ATYP,GTLX_R,EL_ECWTP,",F/R,R/R",,,,,,,,,,,,,,,,,,,,,,,,,,,,,,,,,,,,,,,,,,,EL_PA101A,10110310G0300,PDMPART,,TM_MODEL,GY35,BRAKE_MODEL,RSR400LS,,,,,,,,,,,,,,,,,,,,,,,,,,,,,,,,,,
537,,EL_ETM,GY35B,EL_ACAPA,,EL_ASPD,,EL_ERPD,,EL_ERPW,,EL_ERPR,,TYPE,,EL_ATYP,GTLX_R,EL_ECWTP,",F/R,R/R",,,,,,,,,,,,,,,,,,,,,,,,,,,,,,,,,,,,,,,,,,,EL_PA101A,10110310G0400,PDMPART,,TM_MODEL,GY35,BRAKE_MODEL,RSR400LS,,,,,,,,,,,,,,,,,,,,,,,,,,,,,,,,,,
538,,EL_ETM,GY35A,EL_ACAPA,,EL_ASPD,,EL_ERPD,,EL_ERPW,,EL_ERPR,,TYPE,,EL_ATYP,GTLX_R,EL_ECWTP,",F/L,R/L",,,,,,,,,,,,,,,,,,,,,,,,,,,,,,,,,,,,,,,,,,,EL_PA101A,10110310G0700,PDMPART,,TM_MODEL,GY35,BRAKE_MODEL,RSR400LS,,,,,,,,,,,,,,,,,,,,,,,,,,,,,,,,,,
539,,EL_ETM,GY35B,EL_ACAPA,,EL_ASPD,,EL_ERPD,,EL_ERPW,,EL_ERPR,,TYPE,,EL_ATYP,GTLX_R,EL_ECWTP,",F/L,R/L",,,,,,,,,,,,,,,,,,,,,,,,,,,,,,,,,,,,,,,,,,,EL_PA101A,10110310G0800,PDMPART,,TM_MODEL,GY35,BRAKE_MODEL,RSR400LS,,,,,,,,,,,,,,,,,,,,,,,,,,,,,,,,,,
540,,,,,,,,,,,,,,,,,,,,,,,,,,,,,,,,,,,,,,,,,,,,,,,,,,,,,,,,,,,,,,,,,,,,,,,,,,,,,,,,,,,,,,,,,,,,,,,,,,,,,,,
541,,EL_ETM,GY35C,EL_ACAPA,,EL_ASPD,<=120,EL_ERPD,8,EL_ERPW,<=7,EL_ERPR,2:1,TYPE,,EL_ATYP,?WBSS2?,EL_ECWTP,",F/R,R/R",,,,,,,,,,,,,,,,,,,,,,,,,,,,,,,,,,,,,,,,,,,EL_PA101A,10101427G0400,PDMPART,101104273,TM_MODEL,GY35,BRAKE_MODEL,RSR600K,,,,,,,,,,,,,,,,,,,,,,,,,,,,,,,,,,
542,,EL_ETM,GY35C,EL_ACAPA,,EL_ASPD,<=120,EL_ERPD,8,EL_ERPW,<=7,EL_ERPR,2:1,TYPE,,EL_ATYP,?WBSS2?,EL_ECWTP,",F/L,R/L",,,,,,,,,,,,,,,,,,,,,,,,,,,,,,,,,,,,,,,,,,,EL_PA101A,10101427G0600,PDMPART,101104275,TM_MODEL,GY35,BRAKE_MODEL,RSR600K,,,,,,,,,,,,,,,,,,,,,,,,,,,,,,,,,,
543,,EL_ETM,GY35D,EL_ACAPA,,EL_ASPD,150,EL_ERPD,8,EL_ERPW,<=7,EL_ERPR,2:1,TYPE,,EL_ATYP,?WBSS2?,EL_ECWTP,",F/R,R/R",,,,,,,,,,,,,,,,,,,,,,,,,,,,,,,,,,,,,,,,,,,EL_PA101A,10101427G0200,PDMPART,101104271,TM_MODEL,GY35,BRAKE_MODEL,RSR600K,,,,,,,,,,,,,,,,,,,,,,,,,,,,,,,,,,
544,,EL_ETM,GY35D,EL_ACAPA,,EL_ASPD,150,EL_ERPD,8,EL_ERPW,<=7,EL_ERPR,2:1,TYPE,,EL_ATYP,?WBSS2?,EL_ECWTP,",F/L,R/L",,,,,,,,,,,,,,,,,,,,,,,,,,,,,,,,,,,,,,,,,,,EL_PA101A,10101427G0500,PDMPART,101104272,TM_MODEL,GY35,BRAKE_MODEL,RSR600K,,,,,,,,,,,,,,,,,,,,,,,,,,,,,,,,,,
545,,EL_ETM,GY35D,EL_ACAPA,,EL_ASPD,<=150,EL_ERPD,8,EL_ERPW,<=7,EL_ERPR,2:1,TYPE,,EL_ATYP,GTSS_R,EL_ECWTP,",F/R,R/R",,,,,,,,,,,,,,,,,,,,,,,,,,,,,,,,,,,,,,,,,,,EL_PA101A,10110317G0100,PDMPART,,TM_MODEL,GY35,BRAKE_MODEL,RSR400LS,,,,,,,,,,,,,,,,,,,,,,,,,,,,,,,,,,
546,,EL_ETM,GY35C,EL_ACAPA,,EL_ASPD,<=120,EL_ERPD,8,EL_ERPW,<=7,EL_ERPR,2:1,TYPE,,EL_ATYP,GTSS_R,EL_ECWTP,",F/R,R/R",,,,,,,,,,,,,,,,,,,,,,,,,,,,,,,,,,,,,,,,,,,EL_PA101A,10110317G0200,PDMPART,,TM_MODEL,GY35,BRAKE_MODEL,RSR400LS,,,,,,,,,,,,,,,,,,,,,,,,,,,,,,,,,,
547,,EL_ETM,GY35D,EL_ACAPA,,EL_ASPD,<=150,EL_ERPD,8,EL_ERPW,<=7,EL_ERPR,2:1,TYPE,,EL_ATYP,GTSS_R,EL_ECWTP,",F/L,R/L",,,,,,,,,,,,,,,,,,,,,,,,,,,,,,,,,,,,,,,,,,,EL_PA101A,10110317G0300,PDMPART,,TM_MODEL,GY35,BRAKE_MODEL,RSR400LS,,,,,,,,,,,,,,,,,,,,,,,,,,,,,,,,,,
548,,EL_ETM,GY35C,EL_ACAPA,,EL_ASPD,<=120,EL_ERPD,8,EL_ERPW,<=7,EL_ERPR,2:1,TYPE,,EL_ATYP,GTSS_R,EL_ECWTP,",F/L,R/L",,,,,,,,,,,,,,,,,,,,,,,,,,,,,,,,,,,,,,,,,,,EL_PA101A,10110317G0400,PDMPART,,TM_MODEL,GY35,BRAKE_MODEL,RSR400LS,,,,,,,,,,,,,,,,,,,,,,,,,,,,,,,,,,
549,,,,,,,,,,,,,,,,,,,,,,,,,,,,,,,,,,,,,,,,,,,,,,,,,,,,,,,,,,,,,,,,,,,,,,,,,,,,,,,,,,,,,,,,,,,,,,,,,,,,,,,
550,,EL_ETM,GY40C,EL_ACAPA,<=1600,EL_ASPD,<=150,EL_ERPD,8,EL_ERPW,",8,10",EL_ERPR,2:1,TYPE,,EL_ATYP,?SSVF?,EL_ECWTP,",F/R,R/R",,,,,,,,,,,,,,,,,,,,,,,,,,,,,,,,,,,,,,,,,,,EL_PA101A,10110560G0200,PDMPART,101104279,TM_MODEL,GY40,BRAKE_MODEL,BFK464-25R,,,,,,,,,,,,,,,,,,,,,,,,,,,,,,,,,,
551,,EL_ETM,GY40C,EL_ACAPA,<=1600,EL_ASPD,<=150,EL_ERPD,8,EL_ERPW,",8,10",EL_ERPR,2:1,TYPE,,EL_ATYP,?SSVF?,EL_ECWTP,",F/L,R/L",,,,,,,,,,,,,,,,,,,,,,,,,,,,,,,,,,,,,,,,,,,EL_PA101A,10110560G0100,PDMPART,101104282,TM_MODEL,GY40,BRAKE_MODEL,BFK464-25R,,,,,,,,,,,,,,,,,,,,,,,,,,,,,,,,,,
552,,,,,,,,,,,,,,,,,,,,,,,,,,,,,,,,,,,,,,,,,,,,,,,,,,,,,,,,,,,,,,,,,,,,,,,,,,,,,,,,,,,,,,,,,,,,,,,,,,,,,,,
553,,EL_ETM,GY55A,EL_ACAPA,,EL_ASPD,,EL_ERPD,,EL_ERPW,,EL_ERPR,,TYPE,,EL_ATYP,",?WBSS2?,?WBHS?",EL_ECWTP,",F/R,R/R",,,,,,,,,,,,,,,,,,,,,,,,,,,,,,,,,,,,,,,,,,,EL_PA101A,10110539G0100,PDMPART,101104021,TM_MODEL,GY55,BRAKE_MODEL,RSR1500,,,,,,,,,,,,,,,,,,,,,,,,,,,,,,,,,,
554,,EL_ETM,GY55A,EL_ACAPA,,EL_ASPD,,EL_ERPD,,EL_ERPW,,EL_ERPR,,TYPE,,EL_ATYP,",?WBSS2?,?WBHS?",EL_ECWTP,",F/L,R/L",,,,,,,,,,,,,,,,,,,,,,,,,,,,,,,,,,,,,,,,,,,EL_PA101A,10110539G0400,PDMPART,101104023,TM_MODEL,GY55,BRAKE_MODEL,RSR1500,,,,,,,,,,,,,,,,,,,,,,,,,,,,,,,,,,
555,,EL_ETM,GY55B,EL_ACAPA,,EL_ASPD,,EL_ERPD,,EL_ERPW,,EL_ERPR,,TYPE,,EL_ATYP,",?WBSS2?,?WBHS?",EL_ECWTP,",F/R,R/R",,,,,,,,,,,,,,,,,,,,,,,,,,,,,,,,,,,,,,,,,,,EL_PA101A,10110539G0200,PDMPART,101104025,TM_MODEL,GY55,BRAKE_MODEL,RSR1500,,,,,,,,,,,,,,,,,,,,,,,,,,,,,,,,,,
556,,EL_ETM,GY55B,EL_ACAPA,,EL_ASPD,,EL_ERPD,,EL_ERPW,,EL_ERPR,,TYPE,,EL_ATYP,",?WBSS2?,?WBHS?",EL_ECWTP,",F/L,R/L",,,,,,,,,,,,,,,,,,,,,,,,,,,,,,,,,,,,,,,,,,,EL_PA101A,10110539G0500,PDMPART,101104027,TM_MODEL,GY55,BRAKE_MODEL,RSR1500,,,,,,,,,,,,,,,,,,,,,,,,,,,,,,,,,,
557,,EL_ETM,GY55C,EL_ACAPA,,EL_ASPD,,EL_ERPD,,EL_ERPW,,EL_ERPR,,TYPE,,EL_ATYP,",?WBSS2?,?WBHS?",EL_ECWTP,",F/R,R/R",,,,,,,,,,,,,,,,,,,,,,,,,,,,,,,,,,,,,,,,,,,EL_PA101A,10110539G0300,PDMPART,101104032,TM_MODEL,GY55,BRAKE_MODEL,RSR1500,,,,,,,,,,,,,,,,,,,,,,,,,,,,,,,,,,
558,,EL_ETM,GY55C,EL_ACAPA,,EL_ASPD,,EL_ERPD,,EL_ERPW,,EL_ERPR,,TYPE,,EL_ATYP,",?WBSS2?,?WBHS?",EL_ECWTP,",F/L,R/L",,,,,,,,,,,,,,,,,,,,,,,,,,,,,,,,,,,,,,,,,,,EL_PA101A,10110539G0600,PDMPART,101104034,TM_MODEL,GY55,BRAKE_MODEL,RSR1500,,,,,,,,,,,,,,,,,,,,,,,,,,,,,,,,,,
559,,EL_ETM,GY55D,EL_ACAPA,,EL_ASPD,,EL_ERPD,,EL_ERPW,,EL_ERPR,,TYPE,,EL_ATYP,",?WBSS2?,?WBHS?",EL_ECWTP,",F/L,R/L",,,,,,,,,,,,,,,,,,,,,,,,,,,,,,,,,,,,,,,,,,,EL_PA101A,10110539G1000,PDMPART,101104844,TM_MODEL,GY55,BRAKE_MODEL,RSR1500,,,,,,,,,,,,,,,,,,,,,,,,,,,,,,,,,,
560,,EL_ETM,GY55D,EL_ACAPA,,EL_ASPD,,EL_ERPD,,EL_ERPW,,EL_ERPR,,TYPE,,EL_ATYP,",?WBSS2?,?WBHS?",EL_ECWTP,",F/R,R/R",,,,,,,,,,,,,,,,,,,,,,,,,,,,,,,,,,,,,,,,,,,EL_PA101A,10110539G0900,PDMPART,101104843,TM_MODEL,GY55,BRAKE_MODEL,RSR1500,,,,,,,,,,,,,,,,,,,,,,,,,,,,,,,,,,
561,,,,,,,,,,,,,,,,,,,,,,,,,,,,,,,,,,,,,,,,,,,,,,,,,,,,,,,,,,,,,,,,,,,,,,,,,,,,,,,,,,,,,,,,,,,,,,,,,,,,,,,
562,,,,,,,,,,,,,,,,,,,,,,,,,,,,,,,,,,,,,,,,,,,,,,,,,,,,,,,,,,,,,,,,,,,,,,,,,,,,,,,,,,,,,,,,,,,,,,,,,,,,,,,
563,,EL_ETM,TM403,EL_ETMM,5.5,EL_ASPD,",60,45",EL_ERPD,12,EL_ERPW,",3,4",EL_ERPR,1:1,ENCODE,F,EL_ATYP,,,,,,,,,,,,,,,,,,,,,,,,,,,,,,,,,,,,,,,,,,,,,,EL_PA101A,101090314,PDMPART,101090314,TM_MODEL,,BRAKE_MODEL,,,,,,,,,,,,,,,,,,,,,,,,,,,,,,,,,,,
564,,EL_ETM,TM403,EL_ETMM,5.5,EL_ASPD,",60,45",EL_ERPD,10,EL_ERPW,4,EL_ERPR,1:1,ENCODE,T,EL_ATYP,!(?SH?),,,,,,,,,,,,,,,,,,,,,,,,,,,,,,,,,,,,,,,,,,,,,EL_PA101A,101102201,PDMPART,101102201,TM_MODEL,,BRAKE_MODEL,,,,,,,,,,,,,,,,,,,,,,,,,,,,,,,,,,,
565,,EL_ETM,TM403,EL_ETMM,5.5,EL_ASPD,",60,45",EL_ERPD,12,EL_ERPW,",3,4",EL_ERPR,1:1,ENCODE,T,EL_ATYP,!(?SH?),,,,,,,,,,,,,,,,,,,,,,,,,,,,,,,,,,,,,,,,,,,,,EL_PA101A,101101625,PDMPART,101101625,TM_MODEL,,BRAKE_MODEL,,,,,,,,,,,,,,,,,,,,,,,,,,,,,,,,,,,
566,,EL_ETM,TM403,EL_ETMM,7.5,EL_ASPD,90,EL_ERPD,10,EL_ERPW,4,EL_ERPR,1:1,ENCODE,T,EL_ATYP,!(?SH?),,,,,,,,,,,,,,,,,,,,,,,,,,,,,,,,,,,,,,,,,,,,,EL_PA101A,101102203,PDMPART,101102203,TM_MODEL,,BRAKE_MODEL,,,,,,,,,,,,,,,,,,,,,,,,,,,,,,,,,,,
567,,EL_ETM,TM403,EL_ETMM,7.5,EL_ASPD,",60,45",EL_ERPD,12,EL_ERPW,",3,4",EL_ERPR,1:1,ENCODE,F,EL_ATYP,,,,,,,,,,,,,,,,,,,,,,,,,,,,,,,,,,,,,,,,,,,,,,EL_PA101A,101090315,PDMPART,101090315,TM_MODEL,,BRAKE_MODEL,,,,,,,,,,,,,,,,,,,,,,,,,,,,,,,,,,,
568,,EL_ETM,TM403,EL_ETMM,7.5,EL_ASPD,",60,45",EL_ERPD,12,EL_ERPW,",3,4",EL_ERPR,1:1,ENCODE,T,EL_ATYP,!(?SH?),,,,,,,,,,,,,,,,,,,,,,,,,,,,,,,,,,,,,,,,,,,,,EL_PA101A,101101626,PDMPART,101101626,TM_MODEL,,BRAKE_MODEL,,,,,,,,,,,,,,,,,,,,,,,,,,,,,,,,,,,
569,,EL_ETM,TM404,EL_ETMM,5.5,EL_ASPD,",45,60",EL_ERPD,10,EL_ERPW,4,EL_ERPR,1:1,ENCODE,T,EL_ATYP,,,,,,,,,,,,,,,,,,,,,,,,,,,,,,,,,,,,,,,,,,,,,,EL_PA101A,101102083,PDMPART,101102083,TM_MODEL,,BRAKE_MODEL,,,,,,,,,,,,,,,,,,,,,,,,,,,,,,,,,,,
570,,EL_ETM,TM500,EL_ETMM,5.5,EL_ASPD,<=105,EL_ERPD,",12,12.7",EL_ERPW,3,EL_ERPR,,ENCODE,F,EL_ATYP,,,,,,,,,,,,,,,,,,,,,,,,,,,,,,,,,,,,,,,,,,,,,,EL_PA101A,101100033,PDMPART,101100033,TM_MODEL,,BRAKE_MODEL,,,,,,,,,,,,,,,,,,,,,,,,,,,,,,,,,,,
571,,EL_ETM,TM500,EL_ETMM,5.5,EL_ASPD,<=105,EL_ERPD,",12,12.7",EL_ERPW,3,EL_ERPR,,ENCODE,T,EL_ATYP,,,,,,,,,,,,,,,,,,,,,,,,,,,,,,,,,,,,,,,,,,,,,,EL_PA101A,101101790,PDMPART,101101790,TM_MODEL,,BRAKE_MODEL,,,,,,,,,,,,,,,,,,,,,,,,,,,,,,,,,,,
572,,EL_ETM,TM500,EL_ETMM,11,EL_ASPD,<=105,EL_ERPD,",12,12.7",EL_ERPW,4,EL_ERPR,,ENCODE,T,EL_ATYP,,,,,,,,,,,,,,,,,,,,,,,,,,,,,,,,,,,,,,,,,,,,,,EL_PA101A,101101799,PDMPART,101101799,TM_MODEL,,BRAKE_MODEL,,,,,,,,,,,,,,,,,,,,,,,,,,,,,,,,,,,
573,,EL_ETM,TM500,EL_ETMM,11,EL_ASPD,<=105,EL_ERPD,",12,12.7",EL_ERPW,5,EL_ERPR,,ENCODE,F,EL_ATYP,,,,,,,,,,,,,,,,,,,,,,,,,,,,,,,,,,,,,,,,,,,,,,EL_PA101A,101100043,PDMPART,101100043,TM_MODEL,,BRAKE_MODEL,,,,,,,,,,,,,,,,,,,,,,,,,,,,,,,,,,,
574,,EL_ETM,TM500,EL_ETMM,11,EL_ASPD,<=105,EL_ERPD,",12,12.7",EL_ERPW,5,EL_ERPR,,ENCODE,T,EL_ATYP,,,,,,,,,,,,,,,,,,,,,,,,,,,,,,,,,,,,,,,,,,,,,,EL_PA101A,101101800,PDMPART,101101800,TM_MODEL,,BRAKE_MODEL,,,,,,,,,,,,,,,,,,,,,,,,,,,,,,,,,,,
575,,EL_ETM,TM500,EL_ETMM,11,EL_ASPD,<=105,EL_ERPD,",12,12.7",EL_ERPW,6,EL_ERPR,,ENCODE,T,EL_ATYP,,,,,,,,,,,,,,,,,,,,,,,,,,,,,,,,,,,,,,,,,,,,,,EL_PA101A,101101801,PDMPART,101101801,TM_MODEL,,BRAKE_MODEL,,,,,,,,,,,,,,,,,,,,,,,,,,,,,,,,,,,
576,,EL_ETM,TM500,EL_ETMM,15,EL_ASPD,<=105,EL_ERPD,",12,12.7",EL_ERPW,5,EL_ERPR,,ENCODE,T,EL_ATYP,,,,,,,,,,,,,,,,,,,,,,,,,,,,,,,,,,,,,,,,,,,,,,EL_PA101A,101101804,PDMPART,101101804,TM_MODEL,,BRAKE_MODEL,,,,,,,,,,,,,,,,,,,,,,,,,,,,,,,,,,,
577,,EL_ETM,TM500,EL_ETMM,15,EL_ASPD,<=105,EL_ERPD,",12,12.7",EL_ERPW,6,EL_ERPR,,ENCODE,F,EL_ATYP,,,,,,,,,,,,,,,,,,,,,,,,,,,,,,,,,,,,,,,,,,,,,,EL_PA101A,101100048,PDMPART,101100048,TM_MODEL,,BRAKE_MODEL,,,,,,,,,,,,,,,,,,,,,,,,,,,,,,,,,,,
578,,EL_ETM,TM500,EL_ETMM,15,EL_ASPD,<=105,EL_ERPD,",12,12.7",EL_ERPW,6,EL_ERPR,,ENCODE,T,EL_ATYP,,,,,,,,,,,,,,,,,,,,,,,,,,,,,,,,,,,,,,,,,,,,,,EL_PA101A,101101805,PDMPART,101101805,TM_MODEL,,BRAKE_MODEL,,,,,,,,,,,,,,,,,,,,,,,,,,,,,,,,,,,
579,,EL_ETM,TM600,EL_ETMM,15,EL_ASPD,",90,105,120",EL_ERPD,",12,12.7",EL_ERPW,5,EL_ERPR,1:1,ENCODE,T,EL_ATYP,,,,,,,,,,,,,,,,,,,,,,,,,,,,,,,,,,,,,,,,,,,,,,EL_PA101A,101101826,PDMPART,101101826,TM_MODEL,,BRAKE_MODEL,,,,,,,,,,,,,,,,,,,,,,,,,,,,,,,,,,,
580,,EL_ETM,TM600,EL_ETMM,15,EL_ASPD,",45,60",EL_ERPD,",12,12.7",EL_ERPW,5,EL_ERPR,2:1,ENCODE,T,EL_ATYP,,,,,,,,,,,,,,,,,,,,,,,,,,,,,,,,,,,,,,,,,,,,,,EL_PA101A,101101826,PDMPART,101101826,TM_MODEL,,BRAKE_MODEL,,,,,,,,,,,,,,,,,,,,,,,,,,,,,,,,,,,
581,,EL_ETM,TM600,EL_ETMM,15,EL_ASPD,",45,60",EL_ERPD,",12,12.7",EL_ERPW,6,EL_ERPR,1:1,ENCODE,F,EL_ATYP,,,,,,,,,,,,,,,,,,,,,,,,,,,,,,,,,,,,,,,,,,,,,,EL_PA101A,101100016,PDMPART,101100016,TM_MODEL,,BRAKE_MODEL,,,,,,,,,,,,,,,,,,,,,,,,,,,,,,,,,,,
582,,EL_ETM,TM600,EL_ETMM,15,EL_ASPD,",90,105,120",EL_ERPD,",12,12.7",EL_ERPW,6,EL_ERPR,1:1,ENCODE,T,EL_ATYP,,,,,,,,,,,,,,,,,,,,,,,,,,,,,,,,,,,,,,,,,,,,,,EL_PA101A,101101827,PDMPART,101101827,TM_MODEL,,BRAKE_MODEL,,,,,,,,,,,,,,,,,,,,,,,,,,,,,,,,,,,
583,,EL_ETM,TM600,EL_ETMM,15,EL_ASPD,",45,60",EL_ERPD,",12,12.7",EL_ERPW,6,EL_ERPR,2:1,ENCODE,T,EL_ATYP,,,,,,,,,,,,,,,,,,,,,,,,,,,,,,,,,,,,,,,,,,,,,,EL_PA101A,101101827,PDMPART,101101827,TM_MODEL,,BRAKE_MODEL,,,,,,,,,,,,,,,,,,,,,,,,,,,,,,,,,,,
584,,EL_ETM,TM600,EL_ETMM,15,EL_ASPD,",45,60",EL_ERPD,",12,12.7",EL_ERPW,6,EL_ERPR,1:1,ENCODE,T,EL_ATYP,,,,,,,,,,,,,,,,,,,,,,,,,,,,,,,,,,,,,,,,,,,,,,EL_PA101A,101101829,PDMPART,101101829,TM_MODEL,,BRAKE_MODEL,,,,,,,,,,,,,,,,,,,,,,,,,,,,,,,,,,,
585,,EL_ETM,TM600,EL_ETMM,15,EL_ASPD,30,EL_ERPD,",12,12.7",EL_ERPW,6,EL_ERPR,2:1,ENCODE,T,EL_ATYP,,,,,,,,,,,,,,,,,,,,,,,,,,,,,,,,,,,,,,,,,,,,,,EL_PA101A,101101829,PDMPART,101101829,TM_MODEL,,BRAKE_MODEL,,,,,,,,,,,,,,,,,,,,,,,,,,,,,,,,,,,
586,,EL_ETM,TM600,EL_ETMM,15,EL_ASPD,30,EL_ERPD,",12,12.7",EL_ERPW,6,EL_ERPR,2:1,ENCODE,F,EL_ATYP,,,,,,,,,,,,,,,,,,,,,,,,,,,,,,,,,,,,,,,,,,,,,,EL_PA101A,101100016,PDMPART,101100016,TM_MODEL,,BRAKE_MODEL,,,,,,,,,,,,,,,,,,,,,,,,,,,,,,,,,,,
587,,EL_ETM,TM600,EL_ETMM,18.5,EL_ASPD,",90,105,120",EL_ERPD,",12,12.7",EL_ERPW,5,EL_ERPR,1:1,ENCODE,T,EL_ATYP,,,,,,,,,,,,,,,,,,,,,,,,,,,,,,,,,,,,,,,,,,,,,,EL_PA101A,101101830,PDMPART,101101830,TM_MODEL,,BRAKE_MODEL,,,,,,,,,,,,,,,,,,,,,,,,,,,,,,,,,,,
588,,EL_ETM,TM600,EL_ETMM,18.5,EL_ASPD,",45,60",EL_ERPD,",12,12.7",EL_ERPW,5,EL_ERPR,2:1,ENCODE,T,EL_ATYP,,,,,,,,,,,,,,,,,,,,,,,,,,,,,,,,,,,,,,,,,,,,,,EL_PA101A,101101830,PDMPART,101101830,TM_MODEL,,BRAKE_MODEL,,,,,,,,,,,,,,,,,,,,,,,,,,,,,,,,,,,
589,,EL_ETM,TM600,EL_ETMM,18.5,EL_ASPD,",90,105,120",EL_ERPD,",12,12.7",EL_ERPW,6,EL_ERPR,1:1,ENCODE,F,EL_ATYP,,,,,,,,,,,,,,,,,,,,,,,,,,,,,,,,,,,,,,,,,,,,,,EL_PA101A,101100002,PDMPART,101100002,TM_MODEL,,BRAKE_MODEL,,,,,,,,,,,,,,,,,,,,,,,,,,,,,,,,,,,
590,,EL_ETM,TM600,EL_ETMM,18.5,EL_ASPD,",90,105,120",EL_ERPD,",12,12.7",EL_ERPW,6,EL_ERPR,1:1,ENCODE,T,EL_ATYP,,,,,,,,,,,,,,,,,,,,,,,,,,,,,,,,,,,,,,,,,,,,,,EL_PA101A,101101831,PDMPART,101101831,TM_MODEL,,BRAKE_MODEL,,,,,,,,,,,,,,,,,,,,,,,,,,,,,,,,,,,
591,,EL_ETM,TM600,EL_ETMM,18.5,EL_ASPD,",45,60",EL_ERPD,",12,12.7",EL_ERPW,6,EL_ERPR,2:1,ENCODE,T,EL_ATYP,,,,,,,,,,,,,,,,,,,,,,,,,,,,,,,,,,,,,,,,,,,,,,EL_PA101A,101101831,PDMPART,101101831,TM_MODEL,,BRAKE_MODEL,,,,,,,,,,,,,,,,,,,,,,,,,,,,,,,,,,,
592,,EL_ETM,TM600,EL_ETMM,18.5,EL_ASPD,",45,60",EL_ERPD,",12,12.7",EL_ERPW,6,EL_ERPR,2:1,ENCODE,F,EL_ATYP,,,,,,,,,,,,,,,,,,,,,,,,,,,,,,,,,,,,,,,,,,,,,,EL_PA101A,101100002,PDMPART,101100002,TM_MODEL,,BRAKE_MODEL,,,,,,,,,,,,,,,,,,,,,,,,,,,,,,,,,,,
593,,EL_ETM,TM600,EL_ETMM,22,EL_ASPD,",45,60",EL_ERPD,",12,12.7",EL_ERPW,6,EL_ERPR,2:1,ENCODE,T,EL_ATYP,,,,,,,,,,,,,,,,,,,,,,,,,,,,,,,,,,,,,,,,,,,,,,EL_PA101A,101101835,PDMPART,101101835,TM_MODEL,,BRAKE_MODEL,,,,,,,,,,,,,,,,,,,,,,,,,,,,,,,,,,,
594,,EL_ETM,TM600,EL_ETMM,",22,30",EL_ASPD,",90,105,120",EL_ERPD,",12,12.7",EL_ERPW,6,EL_ERPR,1:1,ENCODE,T,EL_ATYP,,,,,,,,,,,,,,,,,,,,,,,,,,,,,,,,,,,,,,,,,,,,,,EL_PA101A,101101835,PDMPART,101101835,TM_MODEL,,BRAKE_MODEL,,,,,,,,,,,,,,,,,,,,,,,,,,,,,,,,,,,
595,,EL_ETM,TM750,EL_ETMM,15,EL_ASPD,120,EL_ERPD,",12,12.7",EL_ERPW,6,EL_ERPR,1:1,ENCODE,F,EL_ATYP,,,,,,,,,,,,,,,,,,,,,,,,,,,,,,,,,,,,,,,,,,,,,,EL_PA101A,101100135,PDMPART,101100135,TM_MODEL,,BRAKE_MODEL,,,,,,,,,,,,,,,,,,,,,,,,,,,,,,,,,,,
596,,EL_ETM,TM750,EL_ETMM,15,EL_ASPD,60,EL_ERPD,",12,12.7",EL_ERPW,6,EL_ERPR,2:1,ENCODE,F,EL_ATYP,,,,,,,,,,,,,,,,,,,,,,,,,,,,,,,,,,,,,,,,,,,,,,EL_PA101A,101100135,PDMPART,101100135,TM_MODEL,,BRAKE_MODEL,,,,,,,,,,,,,,,,,,,,,,,,,,,,,,,,,,,
597,,EL_ETM,TM750,EL_ETMM,15,EL_ASPD,60,EL_ERPD,",12,12.7",EL_ERPW,7,EL_ERPR,1:1,ENCODE,T,EL_ATYP,,,,,,,,,,,,,,,,,,,,,,,,,,,,,,,,,,,,,,,,,,,,,,EL_PA101A,101101633,PDMPART,101101633,TM_MODEL,,BRAKE_MODEL,,,,,,,,,,,,,,,,,,,,,,,,,,,,,,,,,,,
598,,EL_ETM,TM750,EL_ETMM,15,EL_ASPD,30,EL_ERPD,",12,12.7",EL_ERPW,7,EL_ERPR,2:1,ENCODE,T,EL_ATYP,,,,,,,,,,,,,,,,,,,,,,,,,,,,,,,,,,,,,,,,,,,,,,EL_PA101A,101101633,PDMPART,101101633,TM_MODEL,,BRAKE_MODEL,,,,,,,,,,,,,,,,,,,,,,,,,,,,,,,,,,,
599,,EL_ETM,TM750,EL_ETMM,18.5,EL_ASPD,60,EL_ERPD,",12,12.7",EL_ERPW,7,EL_ERPR,1:1,ENCODE,T,EL_ATYP,,,,,,,,,,,,,,,,,,,,,,,,,,,,,,,,,,,,,,,,,,,,,,EL_PA101A,101101657,PDMPART,101101657,TM_MODEL,,BRAKE_MODEL,,,,,,,,,,,,,,,,,,,,,,,,,,,,,,,,,,,
600,,EL_ETM,TM750,EL_ETMM,18.5,EL_ASPD,30,EL_ERPD,",12,12.7",EL_ERPW,7,EL_ERPR,2:1,ENCODE,T,EL_ATYP,,,,,,,,,,,,,,,,,,,,,,,,,,,,,,,,,,,,,,,,,,,,,,EL_PA101A,101101657,PDMPART,101101657,TM_MODEL,,BRAKE_MODEL,,,,,,,,,,,,,,,,,,,,,,,,,,,,,,,,,,,
601,,EL_ETM,TM750,EL_ETMM,",22,30",EL_ASPD,120,EL_ERPD,16,EL_ERPW,5,EL_ERPR,1:1,ENCODE,T,EL_ATYP,,,,,,,,,,,,,,,,,,,,,,,,,,,,,,,,,,,,,,,,,,,,,,EL_PA101A,101101700,PDMPART,101101700,TM_MODEL,,BRAKE_MODEL,,,,,,,,,,,,,,,,,,,,,,,,,,,,,,,,,,,
602,,EL_ETM,TM750,EL_ETMM,",22,30",EL_ASPD,60,EL_ERPD,16,EL_ERPW,5,EL_ERPR,2:1,ENCODE,T,EL_ATYP,,,,,,,,,,,,,,,,,,,,,,,,,,,,,,,,,,,,,,,,,,,,,,EL_PA101A,101101700,PDMPART,101101700,TM_MODEL,,BRAKE_MODEL,,,,,,,,,,,,,,,,,,,,,,,,,,,,,,,,,,,
603,,EL_ETM,TM750,EL_ETMM,",22,30",EL_ASPD,60,EL_ERPD,16,EL_ERPW,5,EL_ERPR,1:1,ENCODE,F,EL_ATYP,,,,,,,,,,,,,,,,,,,,,,,,,,,,,,,,,,,,,,,,,,,,,,EL_PA101A,101100167,PDMPART,101100167,TM_MODEL,,BRAKE_MODEL,,,,,,,,,,,,,,,,,,,,,,,,,,,,,,,,,,,
604,,EL_ETM,TM750,EL_ETMM,",22,30",EL_ASPD,30,EL_ERPD,16,EL_ERPW,5,EL_ERPR,2:1,ENCODE,F,EL_ATYP,,,,,,,,,,,,,,,,,,,,,,,,,,,,,,,,,,,,,,,,,,,,,,EL_PA101A,101100167,PDMPART,101100167,TM_MODEL,,BRAKE_MODEL,,,,,,,,,,,,,,,,,,,,,,,,,,,,,,,,,,,
605,,EL_ETM,TM750,EL_ETMM,",22,30",EL_ASPD,90,EL_ERPD,",12,12.7",EL_ERPW,6,EL_ERPR,1:1,ENCODE,T,EL_ATYP,,,,,,,,,,,,,,,,,,,,,,,,,,,,,,,,,,,,,,,,,,,,,,EL_PA101A,101101686,PDMPART,101101686,TM_MODEL,,BRAKE_MODEL,,,,,,,,,,,,,,,,,,,,,,,,,,,,,,,,,,,
606,,EL_ETM,TM750,EL_ETMM,",22,30",EL_ASPD,45,EL_ERPD,",12,12.7",EL_ERPW,6,EL_ERPR,2:1,ENCODE,T,EL_ATYP,,,,,,,,,,,,,,,,,,,,,,,,,,,,,,,,,,,,,,,,,,,,,,EL_PA101A,101101686,PDMPART,101101686,TM_MODEL,,BRAKE_MODEL,,,,,,,,,,,,,,,,,,,,,,,,,,,,,,,,,,,
607,,EL_ETM,TM750,EL_ETMM,",22,30",EL_ASPD,90,EL_ERPD,",12,12.7",EL_ERPW,7,EL_ERPR,1:1,ENCODE,T,EL_ATYP,,,,,,,,,,,,,,,,,,,,,,,,,,,,,,,,,,,,,,,,,,,,,,EL_PA101A,101101687,PDMPART,101101687,TM_MODEL,,BRAKE_MODEL,,,,,,,,,,,,,,,,,,,,,,,,,,,,,,,,,,,
608,,EL_ETM,TM750,EL_ETMM,",22,30",EL_ASPD,45,EL_ERPD,",12,12.7",EL_ERPW,7,EL_ERPR,2:1,ENCODE,T,EL_ATYP,,,,,,,,,,,,,,,,,,,,,,,,,,,,,,,,,,,,,,,,,,,,,,EL_PA101A,101101687,PDMPART,101101687,TM_MODEL,,BRAKE_MODEL,,,,,,,,,,,,,,,,,,,,,,,,,,,,,,,,,,,
609,,EL_ETM,TM750,EL_ETMM,",22,30",EL_ASPD,105,EL_ERPD,",12,12.7",EL_ERPW,7,EL_ERPR,1:1,ENCODE,T,EL_ATYP,,,,,,,,,,,,,,,,,,,,,,,,,,,,,,,,,,,,,,,,,,,,,,EL_PA101A,101101693,PDMPART,101101693,TM_MODEL,,BRAKE_MODEL,,,,,,,,,,,,,,,,,,,,,,,,,,,,,,,,,,,
610,,EL_ETM,TM900,EL_ETMM,15,EL_ASPD,<=105,EL_ERPD,16,EL_ERPW,5,EL_ERPR,,ENCODE,F,EL_ATYP,,,,,,,,,,,,,,,,,,,,,,,,,,,,,,,,,,,,,,,,,,,,,,EL_PA101A,101100090,PDMPART,101100090,TM_MODEL,,BRAKE_MODEL,,,,,,,,,,,,,,,,,,,,,,,,,,,,,,,,,,,
611,,EL_ETM,TM900,EL_ETMM,18.5,EL_ASPD,<=105,EL_ERPD,16,EL_ERPW,5,EL_ERPR,,ENCODE,T,EL_ATYP,,,,,,,,,,,,,,,,,,,,,,,,,,,,,,,,,,,,,,,,,,,,,,EL_PA101A,101101864,PDMPART,101101864,TM_MODEL,,BRAKE_MODEL,,,,,,,,,,,,,,,,,,,,,,,,,,,,,,,,,,,
612,,EL_ETM,TM900,EL_ETMM,22,EL_ASPD,<=105,EL_ERPD,16,EL_ERPW,5,EL_ERPR,,ENCODE,F,EL_ATYP,,,,,,,,,,,,,,,,,,,,,,,,,,,,,,,,,,,,,,,,,,,,,,EL_PA101A,101100060,PDMPART,101100060,TM_MODEL,,BRAKE_MODEL,,,,,,,,,,,,,,,,,,,,,,,,,,,,,,,,,,,
613,,EL_ETM,TM900,EL_ETMM,22,EL_ASPD,<=105,EL_ERPD,16,EL_ERPW,6,EL_ERPR,,ENCODE,T,EL_ATYP,,,,,,,,,,,,,,,,,,,,,,,,,,,,,,,,,,,,,,,,,,,,,,EL_PA101A,101101869,PDMPART,101101869,TM_MODEL,,BRAKE_MODEL,,,,,,,,,,,,,,,,,,,,,,,,,,,,,,,,,,,
614,,EL_ETM,TM900,EL_ETMM,22,EL_ASPD,<=105,EL_ERPD,12,EL_ERPW,6,EL_ERPR,,ENCODE,F,EL_ATYP,,,,,,,,,,,,,,,,,,,,,,,,,,,,,,,,,,,,,,,,,,,,,,EL_PA101A,101100057,PDMPART,101100057,TM_MODEL,,BRAKE_MODEL,,,,,,,,,,,,,,,,,,,,,,,,,,,,,,,,,,,
615,,EL_ETM,TM900,EL_ETMM,30,EL_ASPD,<=105,EL_ERPD,16,EL_ERPW,5,EL_ERPR,,ENCODE,T,EL_ATYP,,,,,,,,,,,,,,,,,,,,,,,,,,,,,,,,,,,,,,,,,,,,,,EL_PA101A,101101872,PDMPART,101101872,TM_MODEL,,BRAKE_MODEL,,,,,,,,,,,,,,,,,,,,,,,,,,,,,,,,,,,
616,,EL_ETM,TM900,EL_ETMM,30,EL_ASPD,<=105,EL_ERPD,16,EL_ERPW,5,EL_ERPR,,ENCODE,F,EL_ATYP,,,,,,,,,,,,,,,,,,,,,,,,,,,,,,,,,,,,,,,,,,,,,,EL_PA101A,101100066,PDMPART,101100066,TM_MODEL,,BRAKE_MODEL,,,,,,,,,,,,,,,,,,,,,,,,,,,,,,,,,,,
617,,EL_ETM,TM900,EL_ETMM,30,EL_ASPD,<=105,EL_ERPD,12,EL_ERPW,6,EL_ERPR,,ENCODE,T,EL_ATYP,,,,,,,,,,,,,,,,,,,,,,,,,,,,,,,,,,,,,,,,,,,,,,EL_PA101A,101101871,PDMPART,101101871,TM_MODEL,,BRAKE_MODEL,,,,,,,,,,,,,,,,,,,,,,,,,,,,,,,,,,,
618,,EL_ETM,TM900,EL_ETMM,30,EL_ASPD,<=105,EL_ERPD,16,EL_ERPW,6,EL_ERPR,,ENCODE,T,EL_ATYP,,,,,,,,,,,,,,,,,,,,,,,,,,,,,,,,,,,,,,,,,,,,,,EL_PA101A,101101873,PDMPART,101101873,TM_MODEL,,BRAKE_MODEL,,,,,,,,,,,,,,,,,,,,,,,,,,,,,,,,,,,
619,,,,,,,,,,,,,,,,,,,,,,,,,,,,,,,,,,,,,,,,,,,,,,,,,,,,,,,,,,,,,,,,,,,,,,,,,,,,,,,,,,,,,,,,,,,,,,,,,,,,,,,
620,SHINANSAN,,,,,,,,,,,,,,,,,,,,,,,,,,,,,,,,,,,,,,,,,,,,,,,,,,,,,,,,,,,,,CALL,CAL_SHINANSAN_NEGO,,,,,,,,,,,,,,,,,,,,,,,,,,,,,,,,,,,,,,,,신안산선 SPECIAL NEGO 진행
621,,SHINANSAN_NEGO,Y,EL_PA101A,!N,,,,,,,,,,,,,,,,,,,,,,,,,,,,,,,,,,,,,,,,,,,,,,,,,,,,,,,,,NEGO_MEC_ASIS,{EL_PA101A},CALL,CAL_SHINANSAN_MEC,EL_PA101A,{NEGO_MEC_TOBE},,,,,,,,,,,,,,,,,,,,,,,,,,,,,,,,,,,,
